# ************************************************************
# Sequel Pro SQL dump
# Version 4004
#
# http://www.sequelpro.com/
# http://code.google.com/p/sequel-pro/
#
# Host: lib-moon.cair.du.edu (MySQL 5.0.77)
# Database: donor
# Generation Time: 2013-05-14 14:50:58 +0000
# ************************************************************


/*!40101 SET @OLD_CHARACTER_SET_CLIENT=@@CHARACTER_SET_CLIENT */;
/*!40101 SET @OLD_CHARACTER_SET_RESULTS=@@CHARACTER_SET_RESULTS */;
/*!40101 SET @OLD_COLLATION_CONNECTION=@@COLLATION_CONNECTION */;
/*!40101 SET NAMES utf8 */;
/*!40014 SET @OLD_FOREIGN_KEY_CHECKS=@@FOREIGN_KEY_CHECKS, FOREIGN_KEY_CHECKS=0 */;
/*!40101 SET @OLD_SQL_MODE=@@SQL_MODE, SQL_MODE='NO_AUTO_VALUE_ON_ZERO' */;
/*!40111 SET @OLD_SQL_NOTES=@@SQL_NOTES, SQL_NOTES=0 */;


# Dump of table tbl_donorgiftdescriptions
# ------------------------------------------------------------

DROP TABLE IF EXISTS `tbl_donorgiftdescriptions`;

CREATE TABLE `tbl_donorgiftdescriptions` (
  `giftDescriptionID` int(10) NOT NULL auto_increment,
  `giftsID` int(10) default NULL,
  `giftDescription1` varchar(255) default NULL,
  PRIMARY KEY  (`giftDescriptionID`),
  KEY `FK_tbl_donorGiftdescriptions_tbl_donorGifts` (`giftsID`)
) ENGINE=MyISAM DEFAULT CHARSET=latin1;

LOCK TABLES `tbl_donorgiftdescriptions` WRITE;
/*!40000 ALTER TABLE `tbl_donorgiftdescriptions` DISABLE KEYS */;

INSERT INTO `tbl_donorgiftdescriptions` (`giftDescriptionID`, `giftsID`, `giftDescription1`)
VALUES
	(11,11,'Transylvania and the Rumanians by DuNay'),
	(12,12,'\"Made in Hungary\"'),
	(13,12,'\"Refugees in Hungary\"'),
	(14,12,'\"Autonomy in the New World Order\"'),
	(16,16,'Books on psycology and social work'),
	(17,16,'Elementary School journal'),
	(18,16,'Journal of Mental Health counseling'),
	(19,19,'books on psychotherapy and psychology'),
	(20,20,'Atlas of Iraqi War Crimes in the State of Kuwait'),
	(21,20,'book in arabic'),
	(22,22,'Quib al-\'Asr\'Umar Al-Yafi'),
	(23,23,'computer science'),
	(24,24,'\"Lawyers from Denver\"'),
	(25,25,'3 years of Journal of Accountancy'),
	(26,26,'Octavio Paz: the poet and his Poetry'),
	(27,27,'Art\'s Anglo-American Paper Lion: John McClure Hamil'),
	(28,28,'Lands and Scents'),
	(29,29,'Sustenance'),
	(30,30,'the two volume set on Calculus'),
	(31,31,'\"Napoleon: the Myth of the Saviour \"'),
	(32,32,'Miniature Themoplastics Sculpture: a challenging'),
	(33,33,'Intergenerational Knowledge Transfer'),
	(34,34,'books in german, health, cookbooks, novels, maps'),
	(35,35,'\"Vivekananda\"'),
	(36,36,'Criminal Conduct and Substance Abuse Treatment'),
	(37,37,'Cavett'),
	(38,37,'\"Unquiet Mind\"'),
	(39,37,'\"Sights Unseen\"'),
	(40,37,'\"Maybe Tomorrow\"'),
	(41,37,'\"Life\'s Little Instruction book\"'),
	(42,43,'German language titles'),
	(43,44,'Physics and computer science books'),
	(44,45,'Wired Vol 1-8 1993 - 2000'),
	(45,46,'Russian books'),
	(46,47,'7 boxes of journal including Geophysics'),
	(47,48,'Web Advertising and marketing'),
	(48,48,'Marketing on the Internet'),
	(49,50,'National Academy of Arbitratiors- annual meeting'),
	(50,51,'Environmental Management books'),
	(51,51,'Environmental Management video'),
	(52,53,'books on Education'),
	(53,54,'Social and Cognative Development in the context of'),
	(54,55,'3 boxes of journals-misc titles'),
	(55,56,'Daring to find our Names; the search for lesbigay'),
	(56,57,'Spinning mind, spinning time'),
	(57,58,'Odyssey of the Dammed'),
	(58,59,'Suffering and no suffering'),
	(59,60,'books in Spanish'),
	(60,61,'books on sports and fiction'),
	(61,62,'\"Jurij Trunk Med Korosko in Zdruzenimi Drza\"'),
	(62,63,'Hospitality World'),
	(63,64,'The faith of the Writer and Middle Ages'),
	(64,65,'books on economics, management, marketing and business'),
	(65,66,'books on various topics'),
	(66,67,'science books and journals'),
	(67,68,'A Crime of Vengeance: an American struggle for Just'),
	(68,69,'books and journals'),
	(69,71,'health and history books'),
	(70,71,'magazines'),
	(71,73,'Int\'l Hailey watch'),
	(72,73,'Atlas of Large-scale phenomena'),
	(73,75,'electronic and computer books'),
	(74,76,'books on computer sci, communications and electron'),
	(75,77,'sociology books'),
	(76,78,'books'),
	(77,79,'\"Byte\" magazine'),
	(78,80,'books'),
	(79,81,'books in English, French and on Philosophy'),
	(80,82,'books'),
	(81,83,'poetry books'),
	(82,84,'Spacecraft Mission design'),
	(83,85,'This is who I am'),
	(84,86,'books in political sci., lit. sociol, philosophy sci'),
	(85,87,'books on various topics'),
	(86,88,'In pursuit of gender'),
	(87,89,'Marketing titles'),
	(88,90,'America 34 volumes'),
	(89,90,'Commonwealth 18 volumes'),
	(90,92,'books on sociology and wellness'),
	(91,93,'books on various subjects'),
	(92,94,'Derechos del Pueblo Mexicano'),
	(93,95,'Children\'s Attributions of Physical Appearance'),
	(94,96,'Persons'),
	(95,97,'Mount Olympus 1895'),
	(96,97,'Kynewisbok years 1910-11, 1914, 1919-20, 1922, 1925'),
	(97,97,NULL),
	(98,99,'SPSS data analysis books'),
	(99,100,'Thirty years in deep water'),
	(100,101,'La legislation civile'),
	(101,102,'books on various topics'),
	(102,102,'various journals'),
	(103,104,'12 Journal titles (275 issues)'),
	(104,105,'El romancero Lirico de Lope de Vega'),
	(105,105,'La Dialectica de la Identidad en al Poesia Contemp'),
	(106,105,'Actas do segundo congresso de estidous galegos'),
	(107,108,'the Soka Hakkai International  book collection'),
	(108,109,'Balkin studies v32 1-2 v33 1-2'),
	(109,110,'software programs and manuals'),
	(110,110,'computer magazines 82 issues'),
	(111,112,'Health communication'),
	(112,113,'Emerging Powers videos'),
	(113,114,'Herbert Bayer: Coll. And archive at Denver Art museum'),
	(114,115,'$300 from Outofprint and Antiq book mark seminar'),
	(115,116,'books on English and Linguistics'),
	(116,117,'Jewish Images in the Christian World'),
	(117,118,'How to get out of this world'),
	(118,120,'Silicon snake oil'),
	(119,121,'Sanborn insurance maps'),
	(120,124,'History of the Sigma Chi Fraternity'),
	(121,125,'Geological Society of America Bulletin (1974-2000), Geology (1973-2000), Geochemica et Cosmochimica Acta (1967-2000), Journal of Geochemical Exploration (1980-2000)'),
	(122,127,'Literature, History, various subjects'),
	(123,128,'Textbooks'),
	(124,129,'59 books'),
	(125,130,'Cat Bones in the Tree'),
	(126,131,'89 assorted titles'),
	(127,132,'7 books on various subjects'),
	(128,133,'7 books on electronic business'),
	(129,134,'10 books on business'),
	(130,135,'2 music journals from the estate of William E. Summers'),
	(131,136,'103 cookbooks, german, religion, health and finance books'),
	(132,137,'Whale Ships and Whaling'),
	(133,138,'58 African American and religion books'),
	(134,139,'14 books, 2 CDs, and 1 video on Spanish language, trade and various subjects'),
	(135,140,'76 various titles'),
	(136,141,'science journals, books and 1 cd-rom'),
	(137,142,'6 books on Environmental Studies and Conflict Resolution'),
	(138,143,'201 history and sociology books'),
	(139,144,'118 books on political science, international relations, general fiction, guidebooks, ethics, and computer science'),
	(140,145,'9 issues of SRDS and 210 issues of the Nielsen Station Index'),
	(141,146,'15 various titles'),
	(142,147,'Anima Speaking: Poems'),
	(143,148,'\"Pierre Mendes France\"'),
	(144,149,'37 books in Anthropology'),
	(145,150,'17 Engineering textbooks'),
	(146,151,'100 novels, social work and psychology books'),
	(147,152,'24 books on Social Work'),
	(148,153,'144 books on Archaeology, Anthropology and various subjects and 26 issues of Anthropology, Mammology and Archaeology journals'),
	(149,154,'25 business books'),
	(150,155,'30 books of various subject areas'),
	(151,156,'\"Webster\'s Third New International Dictionary vol 3\", \"Encyclopedia Britannica vol 19\", and \"Encyclopedia Britannica Book of the Year vol. 10\"'),
	(152,157,'your book, Foundations of Modern EPR'),
	(153,158,'Wilderness and the American Mind, \"Environmentalism at the Crossroads\", California Conspiracy\", \"Rights of Nature\", and the video, \"Koshare\"'),
	(154,159,'16 tour books, art books, and paperback novels'),
	(155,160,'3 boxes of japanese engineering journals'),
	(156,161,'55 novels and poems'),
	(157,162,'United Conception of the Man'),
	(158,163,'60 books from the Annals of the New York Academy of Sciences and 95 issues of Laboratory Medicine'),
	(159,164,'109 books and multimedia in travel guides, law, and foreign languages'),
	(160,165,'Art, Creativity and the Sacred, \"Origin of Consciousness\" & \"Geosystems\"'),
	(161,166,'the \"Constitutional Law\" series'),
	(162,167,'53 engineering books'),
	(163,168,'11 books in sewing, higher education, and novels'),
	(164,169,'\"Data and Computer Communications\", \"Computer Networks\", \"Operating System Concepts\", and \"The Illustrated Networks Book\"'),
	(165,170,'Silent No More'),
	(166,171,'Bronx Bor and Aesthetic Dode of Don Ramon del Valle Inclan'),
	(167,172,'229 various titles'),
	(168,173,'In the Wake of Galileo'),
	(169,174,'8 science books'),
	(170,175,'Women\'s Voices in Ukranian Literature (6 volume set), Broken Wings, Hunger Most Cruel'),
	(171,176,'511 books on various subjects'),
	(172,177,'Natural History of the Colorado Plateau and Great Basin'),
	(173,178,'90 computer books and novels'),
	(174,179,'several volumes on the subjects of psychology and behavioral medicine'),
	(175,180,'Millennial Scriptions'),
	(176,181,'12 book'),
	(177,182,'42 books on various subjects'),
	(178,183,'\"Best American Novels of the Twentieth Century\"'),
	(179,184,'9 books on public relations and media'),
	(180,185,'330 engineering books'),
	(181,186,'3 journals on Microfiche'),
	(182,187,'34 books (various subjects), 21 CDs'),
	(183,188,'Colorado Women\'s College Alumnae Directory and the art book'),
	(184,189,'86 books in politics and history'),
	(185,190,'19 issues of Sh\'ma'),
	(186,191,'60 books on history'),
	(187,192,'60 books on history'),
	(188,193,'books on environmental issues'),
	(189,NULL,' books in history, native americans, music and novels'),
	(190,194,' books in history, native americans, music and novels'),
	(191,NULL,'Encyclopedia of Rural America: The Land and the People, in honor of Daniel Ritchie\'s birthday'),
	(192,NULL,'boxes of government books and 4 boxes of film reels'),
	(193,195,'Encyclopedia of Rural America: The Land and the People, in honor of Daniel Ritchie\'s birthday'),
	(194,196,'boxes of government books and 4 boxes of film reels'),
	(195,NULL,' Psychology books'),
	(196,197,' Psychology books'),
	(197,NULL,' juvenile books & proceedings'),
	(198,198,' juvenile books & proceedings'),
	(199,NULL,'Free at Last in Paradise'),
	(200,199,'Free at Last in Paradise'),
	(201,NULL,'Cybermedicine'),
	(202,200,'Cybermedicine'),
	(203,NULL,' books'),
	(204,201,' books'),
	(205,NULL,'Spinach and Zweiback'),
	(206,NULL,'books on Napoleanic history'),
	(207,NULL,'\"German Food and Folkways\"'),
	(208,202,'Spinach and Zweiback'),
	(209,203,' books on Napoleanic history'),
	(210,204,'\"German Food and Folkways\"'),
	(211,NULL,'The Mythological and Political Origins of Christianity'),
	(212,205,'The Mythological and Political Origins of Christianity'),
	(213,NULL,' books'),
	(214,206,' books'),
	(215,NULL,'Adopting the Hurt Child'),
	(216,207,'Adopting the Hurt Child'),
	(217,NULL,'117 books on Judaica'),
	(218,208,' books on Judaica'),
	(219,NULL,' books in various subject areas'),
	(220,209,' books in various subject areas'),
	(221,NULL,' library and information science material from the Colorado Department of Education, Resource Center.'),
	(222,210,'library and information science material from the Colorado Department of Education, Resource Center.'),
	(223,NULL,'books on various topics'),
	(224,211,'books on various topics'),
	(225,NULL,'286 books'),
	(226,212,'books'),
	(227,NULL,'41 books in education, psychology and business'),
	(228,213,'books in education, psychology and business'),
	(229,NULL,'Genesis Re-Read'),
	(230,214,'Genesis Re-Read'),
	(231,NULL,'various journals on social work'),
	(232,215,'various journals on social work'),
	(233,NULL,'131 books on various subjects'),
	(234,216,' books on various subjects'),
	(235,NULL,'60 psychology and social work books which belonged to your daughter.  Through your support of the library, many future students will benefit from a stronger social work and psychology collection.'),
	(236,217,' psychology and social work books which belonged to your daughter.  Through your support of the library, many future students will benefit from a stronger social work and psychology collection.'),
	(237,NULL,' various titles'),
	(238,218,'various titles'),
	(239,NULL,'\"Vietnam, Venice, Varied Vales\"'),
	(240,219,'\"Vietnam, Venice, Varied Vales\"'),
	(241,NULL,'\"Vietnam, Venice, Varied Vales\"'),
	(242,220,'\"Not to be Denied\"'),
	(243,NULL,NULL),
	(244,NULL,'90 books and records'),
	(245,221,' books and records'),
	(246,NULL,'Silver-Zinc Battery:  Best Practices, Facts and Reflections and Silver-Zinc Battery:  Phenomena and Design Principles'),
	(247,222,'Silver-Zinc Battery:  Best Practices, Facts and Reflections and Silver-Zinc Battery:  Phenomena and Design Principles'),
	(248,NULL,'169 psychology books'),
	(249,223,' psychology books'),
	(250,NULL,'soft cover books and German books for German Language, Political Science and History'),
	(251,224,'soft cover books and German books for German Language, Political Science and History'),
	(252,NULL,'Spanish Comedia and the English Comedy of Intrigue'),
	(253,225,'Spanish Comedia and the English Comedy of Intrigue'),
	(254,NULL,'Acting-IN: Practical Applications of Psychodramatic Methods'),
	(255,226,'Acting-IN: Practical Applications of Psychodramatic Methods'),
	(256,NULL,'International Encyclopedia of Public Policy and Administration'),
	(257,227,'International Encyclopedia of Public Policy and Administration'),
	(258,NULL,'36 Business books'),
	(259,228,'Business books'),
	(260,NULL,'Great Controversy'),
	(261,229,'Great Controversy'),
	(262,NULL,'378 foreign newspapers, 8 cassette tapes, 38 books and 1 map of Czechoslovakia'),
	(263,230,'foreign newspapers,  cassette tapes, books and map of Czechoslovakia'),
	(264,NULL,'\"Organic Chemistry\"'),
	(265,231,'\"Organic Chemistry\"'),
	(266,NULL,'275 books of scientific and technical material'),
	(267,232,' books of scientific and technical material'),
	(268,NULL,'1014 novels, art, history, religion, journals, records and cookbooks'),
	(269,233,' novels, art, history, religion, journals, records and cookbooks'),
	(270,NULL,'your book, From the Bottommost Town Musician'),
	(271,234,'your book, From the Bottommost Town Musician'),
	(272,NULL,'books on foreign policy, international politics and economics'),
	(273,235,' books on foreign policy, international politics and economics'),
	(274,NULL,'the National Geographic video, \"In the Shadow of Vesuvius\"'),
	(275,236,'the National Geographic video, \"In the Shadow of Vesuvius\"'),
	(276,NULL,'The Sound of Waves'),
	(277,237,'The Sound of Waves'),
	(278,NULL,'\"Rene Cassin\"'),
	(279,238,'\"Rene Cassin\"'),
	(280,NULL,'your book, How Dark the Heavens'),
	(281,239,'your book, How Dark the Heavens'),
	(282,NULL,'A Restatement of the History of Islam and Muslims'),
	(283,240,'A Restatement of the History of Islam and Muslims'),
	(284,NULL,'English-Ukrainian Anthology of American Religious Poetry'),
	(285,241,'English-Ukrainian Anthology of American Religious Poetry'),
	(286,NULL,'Lueurs de desespoir, par Fabrice Jean'),
	(287,242,'Lueurs de desespoir, par Fabrice Jean'),
	(288,NULL,'50 books on computer science and mathematics'),
	(289,243,' books on computer science and mathematics'),
	(290,NULL,'Atlas of Pennsylvania'),
	(291,244,'Atlas of Pennsylvania'),
	(292,NULL,'40 books on economics, history and novels'),
	(293,245,' books on economics, history and novels'),
	(294,NULL,'Journal of Geophysical Research, v. 77, 1972 and EOS, v. 69, 1988'),
	(295,246,'Journal of Geophysical Research, v. 77, 1972 and EOS, v. 69, 1988'),
	(296,NULL,'284 books on computer science and mathematics'),
	(297,247,' books on computer science and mathematics'),
	(298,NULL,'302 books and 144 journals on social work'),
	(299,248,' books and  journals on social work'),
	(300,NULL,'35 various titles'),
	(301,249,'various titles'),
	(302,NULL,'Boxes of meteorological journals'),
	(303,250,'Boxes of meteorological journals'),
	(304,NULL,'Cavendish: the experimental life'),
	(305,251,'Cavendish: the experimental life'),
	(306,NULL,'5 audio sets and one video set on Noam Chomsky'),
	(307,252,'Audio sets and one video set on Noam Chomsky'),
	(308,NULL,'Virtual Corporation'),
	(309,253,'Virtual Corporation'),
	(310,NULL,'500 volumes of journals on meteorology'),
	(311,254,'Volumes of journals on meteorology'),
	(312,NULL,'The Capacitor Handbook'),
	(313,255,'The Capacitor Handbook'),
	(314,NULL,'8 books'),
	(315,256,'8 Books'),
	(316,NULL,'Thor Heyerdahl The Explorer'),
	(317,257,'Thor Heyerdahl The Explorer'),
	(318,NULL,'287 books and three videos on Women\'s Studies, Sociology, Literature, and Reference'),
	(319,258,'Books and three videos on Women\'s Studies, Sociology, Literature, and Reference'),
	(320,NULL,'2 books, \"Harvey Breverman\" \"Mark Stock\"'),
	(321,259,'Books, \"Harvey Breverman\" \"Mark Stock\"'),
	(322,NULL,'50 Psychology books and 30 video tapes'),
	(323,260,'Psychology books and  video tapes'),
	(324,NULL,' Assorted titles'),
	(325,261,'Assorted titles'),
	(326,NULL,'your book, Bridging Worlds: Understanding and Facilitating Adolescent Recovery from the Trauma of Abuse'),
	(327,262,'your book, Bridging Worlds: Understanding and Facilitating Adolescent Recovery from the Trauma of Abuse'),
	(328,NULL,'10 Arts Directories, 5 posters, 4 dance books and 24 program books'),
	(329,263,'Arts Directories, posters,  dance books and,  program books'),
	(330,NULL,'16 books on political science, statistics, economics, and several issues of Journal of Political Economy'),
	(331,264,'Books on political science, statistics, economics, and several issues of Journal of Political Economy'),
	(332,NULL,'Picture Bride and Surfacing Sadness'),
	(333,265,'Picture Bride and Surfacing Sadness'),
	(334,NULL,'98 copies of Canadian Studies and 1CD-ROM with volumes 1-16 of Canadian Studies'),
	(335,266,'Copies of Canadian Studies and 1CD-ROM with volumes 1-16 of Canadian Studies'),
	(336,NULL,'42 books'),
	(337,267,'Books'),
	(338,NULL,'The South Platte River Greenway Trail'),
	(339,268,'The South Platte River Greenway Trail'),
	(340,NULL,'467 books on literature, religion, music, and art'),
	(341,269,'Books on literature, religion, music, and art'),
	(342,NULL,'Marketing, business and management books'),
	(343,270,'Marketing, business and management books'),
	(344,NULL,'Winning with the Power of Persuation given by Joe Mancuso in memory of your daughter, Elizabeth.  Please accept my heartfelt condolences.  A bookplate has been placed in the book noting Mr. Mancuso\'s intention.'),
	(345,271,'Winning with the Power of Persuation given by Joe Mancuso in memory of your daughter, Elizabeth.  Please accept my heartfelt condolences.  A bookplate has been placed in the book noting Mr. Mancuso\'s intention.'),
	(346,NULL,'65 books on literature, philosophy, and education'),
	(347,272,'Books on literature, philosophy, and education'),
	(348,NULL,'107 books'),
	(349,273,'Books'),
	(350,NULL,'Piano Recital & \"Contra Mundum\"'),
	(351,274,'Piano Recital & \"Contra Mundum\"'),
	(352,NULL,'15 books on Physics and Engineering'),
	(353,275,'Books on Physics and Engineering'),
	(354,NULL,'Chiseled with a Brush, Museo Secreto Del Arte Erotico De Pompeya y Herculano, and From Indian Earth 4,000 Years of Terracotta Art'),
	(355,276,'8 vol. set of A History of Painting'),
	(356,NULL,'\"Book of the Cosmos\"'),
	(357,277,'\"Book of the Cosmos\"'),
	(358,NULL,'Comparative Asian Economics, v.77, pts. a & b'),
	(359,278,'Comparative Asian Economics, v.77, pts. a & b'),
	(360,NULL,'the 1996 Volume of \"Current World Leaders\"'),
	(361,279,'The 1996 Volume of \"Current World Leaders\"'),
	(362,NULL,'Buddhism Theses'),
	(363,280,'Buddhism Theses'),
	(364,NULL,'Keys to Success in Marketing'),
	(365,281,'Keys to Success in Marketing'),
	(366,NULL,'\"Messages and Papers of the Presidents\"'),
	(367,282,'\"Messages and Papers of the Presidents\"'),
	(368,NULL,'11 books on psychology and philosophy'),
	(369,283,'Books on psychology and philosophy'),
	(370,NULL,'17 books on various subjects'),
	(371,284,'books on various subjects'),
	(372,NULL,'72 books'),
	(373,285,'Books'),
	(374,NULL,'God and His Attributes: Lessons on Islamic Doctrine, The Seal of the Prophets and His Message: Lessons on Islamic Doctrine, and Resurrection Judgement and the Hereafter: Lessons on Islamic Doctrine'),
	(375,286,'God and His Attributes: Lessons on Islamic Doctrine, The Seal of the Prophets and His Message: Lessons on Islamic Doctrine, and Resurrection Judgement and the Hereafter: Lessons on Islamic Doctrine'),
	(376,NULL,'12 Japanese laser discs'),
	(377,287,'Japanese laser discs'),
	(378,NULL,'4 law books'),
	(379,288,'Law books'),
	(380,NULL,'\"Creating Harmonious Relationships\"'),
	(381,289,'\"Creating Harmonious Relationships\"'),
	(382,NULL,'Reflective Thoughts'),
	(383,290,'Reflective Thoughts'),
	(384,NULL,'34 cookbooks'),
	(385,291,'Cookbooks'),
	(386,NULL,'Cosmic Subject'),
	(387,292,'Cosmic Subject'),
	(388,NULL,'100 psychology books'),
	(389,293,'Psychology books'),
	(390,NULL,'21 books and one set of cassettes on business, language, and computing'),
	(391,294,'books and one set of cassettes on business, language, and computing'),
	(392,NULL,'30 books on social work'),
	(393,295,'Books on social work'),
	(394,NULL,'16 books'),
	(395,296,'Books'),
	(396,NULL,'76 books on various subjects, and encyclopedias'),
	(397,297,'Books on various subjects, and encyclopedias'),
	(398,NULL,'100 novels, history books and 44 journals'),
	(399,298,'Novels, history books and  journals'),
	(400,NULL,'62 books on sociology, psychology, religious studies, and sexuality'),
	(401,299,'Books on sociology, psychology, religious studies, and sexuality'),
	(402,NULL,'45 books and 7 audio/video sets on business, management, and training'),
	(403,300,'Books and audio/video sets on business, management, and training'),
	(404,NULL,'\"God Tempers the Wind to the Shorn Lamb\" and \"There\'s a Man Sitting On a Trolley\"'),
	(405,301,'\"God Tempers the Wind to the Shorn Lamb\" and \"There\'s a Man Sitting On a Trolley\"'),
	(406,NULL,'32 books in various subjects'),
	(407,302,'Books in various subjects'),
	(408,NULL,'Masterpieces of Medieval Painting : The Art of Illumination'),
	(409,303,'Masterpieces of Medieval Painting : The Art of Illumination'),
	(410,NULL,'446 books in various subject areas'),
	(411,304,'Books in various subject areas'),
	(412,NULL,'Gene Wars: Science, Politics, and the Human Race'),
	(413,305,'Gene Wars: Science, Politics, and the Human Race'),
	(414,NULL,'the VHS tape of \"Dragon Over America\"'),
	(415,306,'the VHS tape of \"Dragon Over America\"'),
	(416,NULL,'92 books and 370 journals regarding German language and history'),
	(417,307,'Books and  journals regarding German language and history'),
	(418,NULL,'35 albums and 106 books'),
	(419,308,'Encyclopedia Americana'),
	(420,309,'35 albums and 106 books'),
	(421,310,'Physics, calculus, statistics'),
	(422,NULL,'380 books in psychology, biology, neuroscience, oceanography, engineering, physics, ecology, and 59 issues of \"The Journal of Neuroscience\"'),
	(423,NULL,'Combined Convention Proceedings'),
	(424,NULL,'Index to The Bowman Family'),
	(425,313,'Index to The Bowman Family'),
	(426,314,'108 sociology books'),
	(427,315,'\"International Problem of National Minorities\", and \"Dacians, Romans, Romanians\"'),
	(428,316,'7 art books'),
	(429,317,'The Heavens Are Weeping'),
	(430,318,'2 books and 6 videos on statistics'),
	(431,319,'27 books on various subjects'),
	(432,320,'\"La Junte de Vras Fluviales\"'),
	(433,NULL,'5 boxes of archaeology and history books'),
	(434,321,'5 boxes of archaeology and history books'),
	(435,322,'Qaddafi\'s World Design & \"Foreign Policy of Peru\"'),
	(436,323,'The Lowest of the Dead : The Culture of Death Row'),
	(437,324,'The Platinum and Palladium Buyer\'s Guide'),
	(438,325,'12 art books'),
	(439,326,'Is There a Continued Future for U.S. Computer Software in Emerging Markets?'),
	(440,327,'4 boxes of management, business books'),
	(441,328,'15 books in philosophy, psychology and novels'),
	(442,329,'Blender CD-ROM'),
	(443,330,'Studies in Conservation, v. 41, no.3, 1996, and Geological Curator, v. 4, nos. 5-6, 1985, no. 9, 1986, and v. 5, no.1, 1987'),
	(444,331,'1,015 books on various subjects and 88 journals in Media Studies, Psychology, etc.'),
	(445,333,'471 issues of \"International Studies\" journal'),
	(446,334,'121 Psychology books'),
	(447,335,'33 various titles'),
	(448,336,'30 books and 430 journals about Geology'),
	(449,338,'58 books'),
	(450,339,'The Story of the 58th Fighter Group of World War II'),
	(451,340,'38 various titles'),
	(452,332,'Transmission Line Design Manual'),
	(453,341,'the 12 volume set of \"Handbook of Psychology\"'),
	(454,343,'1309 books of East Asian Studies, Various Subjects'),
	(455,344,'160 books on engineering, computer science, physics and other subjects'),
	(456,345,'the cassette tape of \"Singing the Circles:  Four Women Creating Themselves:  A Poetic Celebration\"'),
	(457,342,'Esutdios Constitucionales, Origen Del Partido Civil Independiente, Algo de las Memorias De Jose Pardo'),
	(458,346,'575 books on psychology, psychotherapy, and various other subjects'),
	(459,347,'Europa: The Ocean Moon'),
	(460,348,'2 copies of \"Cleaner Cars\"'),
	(461,349,'170 books on environmental and international topics'),
	(462,350,'1,563 books on various subjects, 1VHS tape, 1 film reel, 2 audio tape sets, and 10 maps'),
	(463,351,'various journals in the field of libraries and information science'),
	(464,352,'70 books in psychology, sociology, and fiction'),
	(465,NULL,'Romania 1 book'),
	(466,NULL,'Dictionary of !8th Century Russian'),
	(467,353,'Roumania'),
	(468,354,'Dictionary of 18th Century Russian'),
	(469,355,'Our Father\'s greatest plan ever'),
	(470,356,'books on business and economics'),
	(471,357,'Korean art books'),
	(472,358,'Ajantta Painting'),
	(473,358,'Mewar Painting in the 17th century'),
	(474,359,'books on various subjects'),
	(475,360,'lecture transcripts of histories of selected businesses'),
	(476,361,'America'),
	(477,361,'John Steinbeck'),
	(478,361,'America de la descoperire'),
	(479,362,'Special libraries'),
	(480,363,'Beneath thew Whispering Pines'),
	(481,364,'2copies Your Book'),
	(482,364,'Sobriety Amen'),
	(483,365,'varoius books on law, novels, and economics'),
	(484,366,'Sagas of Icelanders'),
	(485,367,'15 books'),
	(486,367,'9 videos on hotel management and tourism'),
	(487,368,'books on various subjects'),
	(488,369,'40 years of Appraisal Journal 1956-1996'),
	(489,370,'3 boxes of miscellaneous journals'),
	(490,371,'Radha Soaim Society books'),
	(491,372,'Meridina CD ROM on Helsman'),
	(492,373,'books on various subjects'),
	(493,374,'books on various subjects'),
	(494,375,'Estrogens, Progestins and their antagonists vols 1 and 2'),
	(495,376,'books on psychology and therapy'),
	(496,377,'books on architecture and other subjects'),
	(497,378,'Singapore yearbook'),
	(498,378,'Singapore facts and pictures'),
	(499,379,'books on psychology, mental health and counseling'),
	(500,380,'1st division and vols 1-3 2nd division judaism'),
	(501,381,'outdoor and climbing guide books'),
	(502,382,'books on various subjects'),
	(503,383,'books on psychology'),
	(504,384,'Pohlet\'s Basic Mediantic'),
	(505,385,'Autobiography of a Retired Engeneering serviceman'),
	(506,386,'Autobiography of a Retired Engeneering Serviceman'),
	(507,387,'The lowest of the Dead: The Culture of Death Row'),
	(508,388,'136 books literature and various subjects'),
	(509,388,'39 journals'),
	(510,389,'scientific reference books'),
	(511,389,'scientific texts'),
	(512,390,'books on various subjects'),
	(513,391,'Advances in X-ray Analysis Vol 40'),
	(514,392,'Measuring Sky without Ground'),
	(515,393,'Jewish Idea of Culture by Sol Roth'),
	(516,394,'Tool'),
	(517,395,'Scientology: Theology and Pracitce of a Contemporary Religion'),
	(518,396,'books on the Civil War'),
	(519,397,'Short Stories: Poems'),
	(520,398,'Covenantal Rights'),
	(521,399,'Your book'),
	(522,399,'Pure Abstract Photography: The creative moment'),
	(523,400,'4boxes of psychology journals'),
	(524,401,'books on science, math, and computer science'),
	(525,402,'books on varous subjects'),
	(526,403,'American Indian Art'),
	(527,404,'Doctorat Nouveau Regime Theses on microfiche'),
	(528,405,'Journal of Anxiety disorders several volumes'),
	(529,406,'What Matters: No Expanding Universe No Big Bang'),
	(530,407,'USAA: A tradition of service 1922-1997'),
	(531,408,'Idealizm and Liberal Education'),
	(532,408,'The Wide Way to Wealth'),
	(533,409,'43 books on various subjects'),
	(534,409,'2journals'),
	(535,410,'Magidories'),
	(536,410,'Footsteps in the Forest'),
	(537,410,'Haiku'),
	(538,411,'Secrets of Casino Marketing'),
	(539,412,'Engeneering the Future'),
	(540,413,'books on psychology'),
	(541,414,'books on Spanish and Costa Rican literature'),
	(542,415,'books on science, computers, business. Language. Art books'),
	(543,416,'books and 277 music scores'),
	(544,417,'A Comparative Study of Political Symbols'),
	(545,418,'books on engeneering'),
	(546,419,'novels of Honore De Balzac'),
	(547,420,'books on computer science'),
	(548,421,'Patriarch:George Washington and the new American Nation'),
	(549,422,'Islam in Focus'),
	(550,423,'books'),
	(551,424,'books on management, stress and international business'),
	(552,425,'Regimen Juridico de los Agentes Diplomaticos'),
	(553,426,'Aspen Health care books'),
	(554,427,'books on psychology'),
	(555,428,'various subjects'),
	(556,429,'3boxes of miscelaneous journals'),
	(557,430,'books on Judaic materials'),
	(558,431,'The Artisits'),
	(559,431,'The Project'),
	(560,432,'Your book'),
	(561,432,'Congo Headmaster: the story of an African Adventure'),
	(562,434,'Secondary Metabolism'),
	(563,435,'Reform'),
	(564,435,'Identity and Chinese Foreign Policy'),
	(565,436,'Graphic Design'),
	(566,436,'Producing Corrugated Packaging Profitably'),
	(567,437,'Shadowing Marlene'),
	(568,438,'books on International Studies'),
	(569,439,'books on Management'),
	(570,440,'books on literature'),
	(571,441,'Switzerland and the Second World War'),
	(572,442,'books on International studies'),
	(573,443,'Phamphlets on the French Revolution'),
	(574,444,'On  Our Own Terms'),
	(575,445,'Ida: Her Labor of Love'),
	(576,446,'books'),
	(577,447,'Teaching the Complete Baserunner'),
	(578,448,'cookbooks'),
	(579,449,'The Living World of Dante by jack and linda Vartoogian'),
	(580,450,'Learn greek in a Week'),
	(581,451,'Principles of economics'),
	(582,452,'Retaining the Originals: Multiple Originals, Copies and Reproductions'),
	(583,453,'Inside the Cyprus Miracle'),
	(584,454,'Bound medical journals'),
	(585,455,'Bonat-Topola\'s Schwaben'),
	(586,456,'books on science, nature, finance and history plus novels'),
	(587,457,'Memoirs of Lucky Ken'),
	(588,458,'books on Management'),
	(589,459,'books on various subjects'),
	(590,460,'The Life of Pi'),
	(591,461,'At the Gates of Hell'),
	(592,462,'books by L. Ron Hubbard'),
	(593,463,'Harvey Breverman'),
	(594,463,'Mark Stock'),
	(595,464,'books on human rights, trade and business'),
	(596,465,'books on various subjects'),
	(597,466,'How I survived the Irish Famine'),
	(598,467,'17  journals'),
	(599,467,'11books on sociology'),
	(600,468,'books on history and International affairs'),
	(601,NULL,'The Encyclopedia of the Palestine Problem'),
	(602,469,'The Encyclopedia of the Palestine Problem'),
	(603,NULL,'redo'),
	(604,470,'Redo'),
	(605,311,'380 books in psychology, biology, neuroscience, oceanography, engineering, physics, ecology, and 59 issues of \"The Journal of Neuroscience\"'),
	(606,312,'Combined Convention Proceedings'),
	(607,NULL,'17 books on computer science'),
	(608,471,'Books on computer science'),
	(609,NULL,'\"International Arbitration:  Three Salient Problems\"'),
	(610,472,'\"International Arbitration:  Three Salient Problems\"'),
	(611,NULL,'\"China Falun Gong\" and \"Zhuan Falun\"'),
	(612,473,'\"China Falun Gong\" and \"Zhuan Falun\"'),
	(613,NULL,'179 books'),
	(614,474,'Books'),
	(615,NULL,'10 years of the journal, Health Physics'),
	(616,475,'10 years of the journal, Health Physics'),
	(617,NULL,'Academician Yuli Borisovich Khariton'),
	(618,476,'Academician Yuli Borisovich Khariton'),
	(619,NULL,'ooks on social work'),
	(620,477,'Books on social work'),
	(621,NULL,'5 books on various subjects'),
	(622,478,'Books on various subjects'),
	(623,NULL,'1 book, Running With Scissors'),
	(624,479,'Joachim Murat: Marshal of France and King of Naples  by A. Hilliard Atteridge'),
	(625,NULL,'27 books on Indian religious studies, psychology, spirituality, and fiction'),
	(626,480,'Book, Running With Scissors'),
	(627,NULL,'27 books on Indian religious studies, psychology, spirituality, and fiction'),
	(628,NULL,'27 books on Indian religious studies, psychology, spirituality, and fiction'),
	(629,481,'Books on Indian religious studies, psychology, spirituality, and fiction'),
	(630,NULL,'your book, Before the Storm'),
	(631,482,'your book, Before the Storm'),
	(632,NULL,'18 volumes of \"Music Educators Jounal\"'),
	(633,483,'Volumes of \"Music Educators Jounal\"'),
	(634,NULL,'19 Physics books'),
	(635,484,' Physics books'),
	(636,NULL,'114 chinese, history, economic books'),
	(637,485,'Chinese, history, economic books'),
	(638,NULL,'16 books in business, law and architecture'),
	(639,486,'Books in business, law and architecture'),
	(640,NULL,'67 books on International Studies and various other books and journals'),
	(641,487,'Books on International Studies and various other books and journals'),
	(642,NULL,'\"Game Theory and Strategy\"'),
	(643,488,'\"Game Theory and Strategy\"'),
	(644,NULL,'Various titles'),
	(645,489,'Various titles'),
	(646,NULL,'34 volumes of Aleksandr Ivanovich Herzen (Gertsen)'),
	(647,490,'Volumes of Aleksandr Ivanovich Herzen (Gertsen)'),
	(648,NULL,'54 books on various subjects, 4 National Geographic magazines and 1 Time magazine'),
	(649,491,'Books on various subjects with some National Geographic magazines and a Time magazine'),
	(650,NULL,'volumes 1-4 of \"Il Veltro\"'),
	(651,492,'Volumes 1-4 of \"Il Veltro\"'),
	(652,NULL,'1916 Hobart Kitchen Aid Blender'),
	(653,493,'1916 Hobart Kitchen Aid Blender'),
	(654,NULL,'The Rape of Nanking by Iris Chang'),
	(655,494,'The Rape of Nanking by Iris Chang'),
	(656,495,'Mountain Ranges of Colorado'),
	(657,496,'Poetry books'),
	(658,497,'16 books'),
	(659,498,'147 literature books'),
	(660,499,'886 books and journals about psychology'),
	(661,500,'503 books on various subjects'),
	(662,501,'14 social work books'),
	(663,502,'Shakespeare\'s Confession'),
	(664,503,'3 French books'),
	(665,504,'1 DVD \"28 women: a chance for independence\"'),
	(666,505,'2 anthropology books'),
	(667,506,'284 books (Art, design, fashion, cookbooks, various subjects)'),
	(668,507,'124 sociology books'),
	(669,508,'620 books, 256 serials and 9 maps (education)'),
	(672,510,'66 psychology journals and books'),
	(673,511,'38 books (business, economics, statistics, computing)'),
	(674,512,'Can Malaysia Transit into the K-Economy?'),
	(675,513,'156 education books'),
	(676,514,'Son of the Gamblin\' Man'),
	(677,515,'18 art books'),
	(678,516,'14 Judaic studies books'),
	(679,517,'42 psychology and therapy books'),
	(680,518,'116 books and issues of journals on literature, health, and various subjects'),
	(681,519,'183 psychology books'),
	(682,520,'Advances in X-Ray Analysis: volume 48'),
	(683,521,'24 science books'),
	(684,522,'383 theatre and drama books, and 2 boxes of archival material'),
	(685,523,'Computer Modeling of Scientific Reasoning'),
	(686,524,'17 social work books'),
	(687,525,'30 business and electronic commerce books'),
	(688,526,'2 astronomy books'),
	(689,527,'The Uncivil University'),
	(690,528,'Paradise Poisoned'),
	(691,529,'2 books in Spanish Language Business Books'),
	(692,530,'133 volumes of reference books'),
	(693,531,'274 books and 134 journals on politics, policy and law'),
	(694,532,'12 books (sociology, psychology, philosophy)'),
	(695,533,'159 books and journals (Math, Computer, Engineering, Nature)'),
	(696,534,'610 books (literature, history, religious studies, various subjects)'),
	(697,535,'201 books (Literature, travel, science, philsophy)'),
	(698,536,'48 books (poetry, spanish language, literature)'),
	(699,537,'402 books (religious studies, philosophy, history)'),
	(700,538,'Denver\'s Great Telescope'),
	(701,539,'132 books'),
	(702,540,'390 books and 31 vhs/dvd\'s'),
	(703,541,'The DaVinci Code'),
	(704,542,'28 scientific journal issues'),
	(705,543,'2 books on Greek Studies'),
	(706,544,'\"Hope and Hot Water\"'),
	(707,545,'3 books by Dr. Yves Chesni'),
	(708,546,'\"Lone Journey Toward Wisdom\"'),
	(709,547,'\"Grand Unified Theory of Classical Quantum Mechanics\" and \"Stress for Success\"'),
	(710,548,'\"The Longest Day\" (VHS)'),
	(711,549,'4 cd / dvd / tape sets'),
	(712,550,'vhs documentaries'),
	(713,551,'9 languages and literature books'),
	(714,552,'5 business books'),
	(715,553,'39 books and 1 VHS (fiction, travel, various subjects)'),
	(717,555,'The next industrial revolution (DVD)'),
	(718,276,'24 vol. of Encyclopedia Britannica'),
	(719,556,'Business & Math'),
	(720,557,'Travel, Literature, Cookbooks, Reference'),
	(721,558,'Asian art books'),
	(722,559,'reference books'),
	(723,560,'books on various subjects'),
	(724,561,'books on various subjects'),
	(725,562,'library science books'),
	(726,563,'education books'),
	(727,564,'3 books'),
	(728,565,'3 journals'),
	(729,566,'13 books'),
	(730,567,'2 books'),
	(731,568,'1297 books'),
	(732,569,'\"Beyond Honour\"'),
	(733,570,'2 books, 2 vhs'),
	(734,571,'188 books'),
	(735,572,'Forbidden Cargo by Rebecca K. Rowe'),
	(736,573,'1 poster and 62 books'),
	(737,574,'171 bppls'),
	(738,575,'405 Books, 6 cassettes, 1 CD, 4 maps, and 3 games'),
	(743,576,'\'The Seventh Day\' five dvd set'),
	(744,577,'514 mass paperbacks, 462 quality hardback, 1214 magazine issues'),
	(745,578,'308 books, journal issues, government documents and 6 video tapes'),
	(746,579,'30 Books, 5 Cassettes'),
	(747,580,'109 books'),
	(748,581,'10 Science Books'),
	(749,582,'1279 Books, 9 Floppy Discs, 3 Cassette Tapes, 1 CD'),
	(750,583,'1 book called: Titanic ship, her maiden and last voyage'),
	(751,584,'Oko (Journal)'),
	(752,585,'1 book called Kunstlerkolonien in Europa'),
	(753,586,'101 Books, 218 Journals - Archaeology, Anthropology'),
	(754,587,'177 Books'),
	(755,588,'Monumental DVD'),
	(756,589,'38 books'),
	(757,590,'Diccionario Enciclopedico Hispano-Americano'),
	(758,591,'Hotel Management & Operations'),
	(759,592,'4 books'),
	(760,593,'239 books'),
	(761,594,'Looking for Information'),
	(762,595,'Handbook of Radioactivity Analysis, Second Edition'),
	(763,596,'116 journals'),
	(764,597,'88 Reference Books'),
	(765,598,'\"Good States. Problem States,\" \"Murder in America,\" \"Addendum to Cultures of the States\"'),
	(766,599,'187 issues of the Journal of Marketing & Journal of Marketing Research'),
	(767,600,'38 issues of the Journal of Marketing'),
	(768,601,'121 education books and 6 cassette tapes'),
	(769,602,'2 DVDs, \"An Introduction to Scientology\"'),
	(770,603,'24 Journals, 2 CD Roms'),
	(771,604,'5 Books, 1 VHS Cassette'),
	(772,604,'Russian Business'),
	(773,605,'31 Books - Various Subjects'),
	(774,606,'\"Adoption, 2nd Edition\"'),
	(775,607,'\"Zen: Masters of Meditation in Images and Writings\"'),
	(776,608,'560 Books, 44 Microfilms, 5 Maps, 8 Research Folders on Middle Eastern Studies'),
	(778,609,'133 books on various subjects'),
	(780,610,'30 issues of \"Journal of Palestine Studies\"'),
	(782,611,'194 Books on  various subjects'),
	(783,612,'95 Journals and 61 Books on various subjects'),
	(784,NULL,'2 books: \"Writing Tangier\" & \"Voices of Tangier\"'),
	(785,613,'2 books: \"Writing Tangier\" & \"Voices of Tangier\"'),
	(786,614,'83 Books on various subjects'),
	(787,615,'Las Madres de Plaza de Mayo  (VHS)'),
	(788,616,'5 Books on various subjects'),
	(789,617,'8 Books on various subjects'),
	(790,618,'12 business books'),
	(791,619,'4 engineering books'),
	(792,620,'Where Have All the Leaders Gone?'),
	(793,621,'6 Sociology Books'),
	(794,622,'38 Various Books'),
	(795,623,'142 Business Books'),
	(796,624,'6 Books, 1 DVD, Various Subjects'),
	(797,625,'444 business journals'),
	(798,626,'50 engineering books'),
	(799,627,'184 psychology books'),
	(800,628,'75 marketing journals'),
	(801,629,'243 books'),
	(802,630,'5 books, 1 DVD, 1 pack of cards'),
	(803,631,'141 social work journals'),
	(804,632,'49 Books, 2 Cassettes, Various Subjects'),
	(805,633,'125 books on various subjects'),
	(806,634,'11 books on various subjects'),
	(807,635,'\"Perversions, Originals, and Redemptions in Paradise Lost\"'),
	(808,636,'\"49th Rocky Mountain Conference on Analytical Chemistry Final Program and Abstracts\"'),
	(809,637,'12 biology books'),
	(810,638,'191 books, 151 journals, & 4 videos on political science'),
	(813,639,'17 books, 39 DVDs, 253 VHS Cassettes on various subjects'),
	(814,640,'51 cook books'),
	(815,641,'348 literature books'),
	(816,642,'64 cook books'),
	(817,643,'190 books on various subjects'),
	(818,644,'\"Foster\'s Contribution to Scientific Inquiry\" CD-ROM'),
	(819,645,'Advances in X-ray Analysis Vol 50'),
	(820,646,NULL),
	(821,647,'52 Books, 7 LP\'s: Foreign Language/Political Science'),
	(822,648,'205 Engineering Books'),
	(823,649,'90 books on various subjects'),
	(824,650,'162 Psychology Books'),
	(825,651,'TLC: Talking Listening Connecting'),
	(826,652,'The Harvard College Class of 1947 and WWII'),
	(827,653,'40 books on various topics'),
	(828,654,'Al Amaali The Dictations of Sheikh al-Mufid'),
	(829,655,'Srimade Bhagavatam (18 volumes)'),
	(830,656,'124 various Sociology books'),
	(831,657,'1996 Volume of \"Current World Leaders\"'),
	(832,658,'Computer, monitor, miscellaneous cables, Epson printer'),
	(833,659,'53 Engineering books'),
	(834,660,'143 Serials and 88 Books about political science'),
	(835,661,'169 mathematics books'),
	(836,662,'158 Books, 16 Cassettes and 3 CDs about psychology'),
	(837,663,'the book \"A History of Far Eastern Art\"'),
	(841,666,'Dance Books'),
	(842,667,'\"The Art of the Steal\"'),
	(843,668,'Engineering Books'),
	(844,669,'\"College Admissions Together: It Takes a Family\"'),
	(845,670,'Reference Books'),
	(846,671,'\"The Theophaneia School: Jewish Roots of Eastern Christian Mysticism\"'),
	(847,672,'66 Books, 4 Serials, Various Subjects'),
	(848,673,'243 Books, 97 Serials, 64 Maps, Various Subjects'),
	(849,674,'Engineering journals'),
	(850,675,'Computer Science books'),
	(851,676,'\"Foundations of American Political Thought\"'),
	(852,677,'26 Business books'),
	(853,678,'Various books'),
	(854,679,'\"Asian Art\"'),
	(855,680,'198 Foreign Language Books and 3 Cassettes'),
	(856,681,'81 books on various topics'),
	(857,682,'43 business books'),
	(858,683,'31 books on various subjects'),
	(859,684,'15 books'),
	(860,685,'21 business books'),
	(861,686,'44 Science & Engineering books'),
	(862,687,'\"Hoa Lo/Hanoi Hilton Stories\"'),
	(863,688,'34 Psychology books'),
	(864,689,'39 tax accounting books'),
	(865,690,'34 business books'),
	(866,691,'849 Literature Books'),
	(867,692,'10 Spanish books'),
	(868,693,'397 Books, 19 Serials, and 8 CD-Roms'),
	(869,694,'397 Books, 19 Serials, 8 CD-ROMS'),
	(870,695,'50 books'),
	(871,696,'50 Books, 2 DVDs, 1 VHS Cassette'),
	(872,697,'\"Here\"'),
	(873,698,'628 books'),
	(874,699,'65 Books and 63 Serials'),
	(875,700,'343 books'),
	(876,701,'89 Theatre Books'),
	(877,702,'22 German Books'),
	(878,703,'2 Books'),
	(879,704,'61 Books on various topics'),
	(880,705,'330 books on various subjects'),
	(881,706,'145 Books on various topics'),
	(882,707,'418 Chinese Books'),
	(883,708,'1 Video -- National Geographic Human Footprint'),
	(884,709,'36 books on various topics'),
	(885,710,'336 Engineering Journals'),
	(886,711,'\"Savage Messiah\"'),
	(887,712,'3 Poetry Books'),
	(888,713,'203 Science Journals'),
	(889,714,'297 Mathematical Journals'),
	(890,715,'29 books on various topics'),
	(891,716,'2 Books, 1 DVD'),
	(892,717,'92 books on various topics'),
	(893,718,'143 books on various topics'),
	(894,719,'5 journal titles (186  issues) in speech and hearing research'),
	(895,720,'49 Books and 6 Cassettes on various subjects'),
	(896,721,'73 Computer Books'),
	(897,722,'29 Psychology books'),
	(898,723,'116 German Art books'),
	(899,724,'180 Engineering Journals'),
	(900,725,'5 Spanish books'),
	(901,726,'\"New Concepts in Blood Formation & Cell Generation in Malignant & Benign Tissues, Vols. 1-4\"'),
	(902,727,'252 books on various topics'),
	(903,728,'59 art & history books'),
	(904,729,'88 psychology books'),
	(905,730,'17 books on various topics'),
	(906,731,'4 books on various topics'),
	(907,732,'65 psychology books'),
	(908,733,'139 math books'),
	(909,734,'15 books and 49 journals'),
	(910,735,'161 books on various topics'),
	(911,736,'17 Solar Energy Books'),
	(912,737,'292 Psychology Books'),
	(913,738,'\"Ocho veces Luis Rafael Sanchez\"'),
	(914,739,'1 book, Mr. Folk Dance USA'),
	(915,740,'580 Psychology books'),
	(916,741,'16 Art History books'),
	(917,742,'424 Books, 41 Serials, and 3 VHS Tapes on various subjects'),
	(918,743,'23 Books and 40 Serials on various subjects'),
	(919,744,'\"How to Succeed in College Mathematics\"'),
	(920,745,'421 books on various subjects'),
	(921,746,'98 Business books'),
	(922,747,'\"Contemporary Educational Issues in Kosova\" '),
	(923,748,'195 Engineering Books'),
	(924,749,'5 books on various subjects'),
	(925,750,'220 Political Science Books'),
	(926,751,'25 books on various subjects'),
	(927,752,'Various Subjects'),
	(928,753,'24 books on various subjects'),
	(929,1034,''),
	(930,1035,''),
	(931,1036,''),
	(932,1037,''),
	(933,1038,''),
	(934,1039,''),
	(935,1040,''),
	(936,1041,''),
	(937,1042,''),
	(938,1043,''),
	(939,1044,''),
	(940,1045,''),
	(941,1046,''),
	(942,1047,''),
	(943,1048,''),
	(944,1049,''),
	(945,1050,''),
	(946,1051,''),
	(947,1052,''),
	(948,1053,''),
	(949,1054,''),
	(950,1055,''),
	(951,1056,''),
	(952,1057,''),
	(953,1058,''),
	(954,1059,''),
	(955,1060,''),
	(956,1061,''),
	(957,1062,''),
	(958,1063,''),
	(959,1064,''),
	(960,1065,''),
	(961,1066,''),
	(962,1067,''),
	(963,1068,''),
	(964,1069,''),
	(965,1070,''),
	(966,1071,''),
	(967,1072,''),
	(968,1073,''),
	(969,1074,''),
	(970,1075,''),
	(971,1076,''),
	(972,1077,''),
	(973,1078,''),
	(974,1079,''),
	(975,1080,''),
	(976,1081,''),
	(977,1082,''),
	(978,1083,''),
	(979,1084,''),
	(980,1085,''),
	(981,1086,''),
	(982,1087,''),
	(983,1088,''),
	(984,1089,''),
	(985,1090,''),
	(986,1091,''),
	(987,1092,''),
	(988,1093,''),
	(989,1094,''),
	(990,1095,''),
	(991,1096,''),
	(992,1097,''),
	(993,1098,''),
	(994,1099,''),
	(995,1100,''),
	(996,1101,''),
	(997,1102,''),
	(998,1103,''),
	(999,1104,''),
	(1000,1105,''),
	(1001,1106,''),
	(1002,1107,''),
	(1003,1108,''),
	(1004,1109,''),
	(1005,1110,''),
	(1006,1111,''),
	(1007,1112,''),
	(1008,1113,''),
	(1009,1114,''),
	(1010,1115,''),
	(1011,1116,''),
	(1012,1117,''),
	(1013,1118,''),
	(1014,1119,''),
	(1015,1120,''),
	(1016,1121,''),
	(1017,1122,''),
	(1018,1123,''),
	(1019,1124,''),
	(1020,1125,''),
	(1021,1126,''),
	(1022,1127,''),
	(1023,1128,''),
	(1024,1129,''),
	(1025,1130,''),
	(1026,1131,''),
	(1027,1132,''),
	(1028,1133,''),
	(1029,1134,''),
	(1030,1135,''),
	(1031,1136,''),
	(1032,1137,''),
	(1033,1138,''),
	(1034,1139,''),
	(1035,1140,''),
	(1036,1141,''),
	(1037,1142,''),
	(1038,1143,''),
	(1039,1144,''),
	(1040,1145,''),
	(1041,1146,''),
	(1042,1147,''),
	(1043,1148,''),
	(1044,1149,''),
	(1045,1150,''),
	(1046,1151,''),
	(1047,1152,''),
	(1048,1153,''),
	(1049,1154,''),
	(1050,1155,''),
	(1051,1156,''),
	(1052,1157,''),
	(1053,1158,''),
	(1054,1159,''),
	(1055,1160,''),
	(1056,1161,''),
	(1057,1162,''),
	(1058,1163,''),
	(1059,1164,''),
	(1060,1165,''),
	(1061,1166,''),
	(1062,1167,''),
	(1063,1168,''),
	(1064,1169,''),
	(1065,1170,''),
	(1066,1171,''),
	(1067,1172,''),
	(1068,1173,''),
	(1069,1174,''),
	(1070,1175,''),
	(1071,1176,''),
	(1072,1177,''),
	(1073,1178,''),
	(1074,1179,''),
	(1075,1180,''),
	(1076,1181,''),
	(1077,1182,''),
	(1078,1183,''),
	(1079,1184,''),
	(1080,1185,''),
	(1081,1186,''),
	(1082,1187,''),
	(1083,1188,''),
	(1084,1189,''),
	(1085,1190,''),
	(1086,1191,''),
	(1087,1192,''),
	(1088,1193,''),
	(1089,1194,''),
	(1090,1195,''),
	(1091,1196,''),
	(1092,1197,''),
	(1093,1198,''),
	(1094,1199,''),
	(1095,1200,''),
	(1096,1201,''),
	(1097,1202,''),
	(1098,1203,''),
	(1099,1204,''),
	(1100,1205,''),
	(1101,1206,''),
	(1102,1207,''),
	(1103,1208,''),
	(1104,1209,''),
	(1105,1210,''),
	(1106,1211,''),
	(1107,1212,''),
	(1108,1213,''),
	(1109,1214,''),
	(1110,1215,''),
	(1111,1216,''),
	(1112,1217,''),
	(1113,1218,''),
	(1114,1219,''),
	(1115,1220,''),
	(1116,1221,''),
	(1117,1222,''),
	(1118,1223,''),
	(1119,1224,''),
	(1120,1225,''),
	(1121,1226,''),
	(1122,1227,''),
	(1123,1228,''),
	(1124,1229,''),
	(1125,1230,''),
	(1126,1231,''),
	(1127,1232,''),
	(1128,1233,''),
	(1129,1234,''),
	(1130,1235,''),
	(1131,1236,''),
	(1132,1237,''),
	(1133,1238,''),
	(1134,1239,''),
	(1135,1240,''),
	(1136,1241,''),
	(1137,1242,''),
	(1138,1243,''),
	(1139,1244,''),
	(1140,1245,''),
	(1141,1246,''),
	(1142,1247,''),
	(1143,1248,''),
	(1144,1249,''),
	(1145,1250,''),
	(1146,1251,''),
	(1147,1252,''),
	(1148,1253,''),
	(1149,1254,''),
	(1150,1255,''),
	(1151,1256,''),
	(1152,1257,''),
	(1153,1258,''),
	(1154,1259,''),
	(1155,1260,''),
	(1156,1261,''),
	(1157,1262,''),
	(1158,1263,''),
	(1159,1264,''),
	(1160,1265,''),
	(1161,1266,''),
	(1162,1267,''),
	(1163,1268,''),
	(1164,1269,''),
	(1165,1270,''),
	(1166,1271,''),
	(1167,1272,''),
	(1168,1273,''),
	(1169,1274,''),
	(1170,1275,''),
	(1171,1276,''),
	(1172,1277,''),
	(1173,1278,''),
	(1174,1279,''),
	(1175,1280,''),
	(1176,1281,''),
	(1177,1282,''),
	(1178,1283,''),
	(1179,1284,''),
	(1180,1285,''),
	(1181,1286,''),
	(1182,1287,''),
	(1183,1288,''),
	(1184,1289,''),
	(1185,1290,''),
	(1186,1291,''),
	(1187,1292,''),
	(1188,1293,''),
	(1189,1294,''),
	(1190,1295,''),
	(1191,1296,''),
	(1192,1297,''),
	(1193,1298,''),
	(1194,1299,''),
	(1195,1300,''),
	(1196,1301,''),
	(1197,1302,''),
	(1198,1303,''),
	(1199,1304,''),
	(1200,1305,''),
	(1201,1306,''),
	(1202,1307,''),
	(1203,1308,''),
	(1204,1309,''),
	(1205,1310,''),
	(1206,1311,''),
	(1207,1312,''),
	(1208,1313,''),
	(1209,1314,''),
	(1210,1315,''),
	(1211,1316,''),
	(1212,1317,''),
	(1213,1318,''),
	(1214,1319,''),
	(1215,1320,''),
	(1216,1321,''),
	(1217,1322,''),
	(1218,1323,''),
	(1219,1324,''),
	(1220,1325,''),
	(1221,1326,''),
	(1222,1327,''),
	(1223,1328,''),
	(1224,1329,''),
	(1225,1330,''),
	(1226,1331,''),
	(1227,1332,''),
	(1228,1333,''),
	(1229,1334,''),
	(1230,1335,''),
	(1231,1336,''),
	(1232,1337,''),
	(1233,1338,''),
	(1234,1339,''),
	(1235,1340,''),
	(1236,1341,''),
	(1237,1342,''),
	(1238,1343,''),
	(1239,1344,''),
	(1240,1345,''),
	(1241,1346,''),
	(1242,1347,''),
	(1243,1348,''),
	(1244,1349,''),
	(1245,1350,''),
	(1246,1351,''),
	(1247,1352,''),
	(1248,1353,''),
	(1249,1354,''),
	(1250,1355,''),
	(1251,1356,''),
	(1252,1357,''),
	(1253,1358,''),
	(1254,1359,''),
	(1255,1360,''),
	(1256,1361,''),
	(1257,1362,''),
	(1258,1363,''),
	(1259,1364,''),
	(1260,1365,''),
	(1261,1366,''),
	(1262,1367,''),
	(1263,1368,''),
	(1264,1369,''),
	(1265,1370,''),
	(1266,1371,''),
	(1267,1372,''),
	(1268,1373,''),
	(1269,1374,''),
	(1270,1375,''),
	(1271,1376,''),
	(1272,1377,''),
	(1273,1378,''),
	(1274,1379,''),
	(1275,1380,''),
	(1276,1381,''),
	(1277,1382,''),
	(1278,1383,''),
	(1279,1384,''),
	(1280,1385,''),
	(1281,1386,''),
	(1282,1387,''),
	(1283,1388,''),
	(1284,1389,''),
	(1285,1390,''),
	(1286,1391,''),
	(1287,1392,''),
	(1288,1393,''),
	(1289,1394,''),
	(1290,1395,''),
	(1291,1396,''),
	(1292,1397,''),
	(1293,1398,''),
	(1294,1399,''),
	(1295,1400,''),
	(1296,1401,''),
	(1297,1402,''),
	(1298,1403,''),
	(1299,1404,''),
	(1300,1405,''),
	(1301,1406,''),
	(1302,1407,''),
	(1303,1408,''),
	(1304,1409,''),
	(1305,1410,''),
	(1306,1411,''),
	(1307,1412,''),
	(1308,1413,''),
	(1309,1414,''),
	(1310,1415,''),
	(1311,1416,''),
	(1312,1417,''),
	(1313,1418,''),
	(1314,1419,''),
	(1315,1420,''),
	(1316,1421,'\'UNION\''),
	(1317,1422,'\''),
	(1318,1423,'\'\"'),
	(1319,1424,'9, 9, 9'),
	(1320,1425,'\'bad_bad_value'),
	(1321,1426,'bad_bad_value\''),
	(1322,1427,'\' AND \''),
	(1323,1428,'\'WHERE'),
	(1324,1429,';'),
	(1325,1430,'\'AND'),
	(1326,1431,'\' or 1=1-- '),
	(1327,1432,' or 1=1-- '),
	(1328,1433,'\' or \'a\'=\'a'),
	(1329,1434,'\') or (\'a\'=\'a'),
	(1330,1435,'char(39)'),
	(1331,1436,'\''),
	(1332,1437,'\' AND 1=1)'),
	(1333,1438,'\' AND 1=1))'),
	(1334,1439,'\' AND 1=1#'),
	(1335,1440,'\' AND 1=1)#'),
	(1336,1441,'\' AND 1=1))#'),
	(1337,1442,''),
	(1338,1443,''),
	(1339,1444,''),
	(1340,1445,''),
	(1341,1446,'\' or 1=1/*'),
	(1342,1447,'\' or 1=1)/*'),
	(1343,1448,'\' or 1=1))/*'),
	(1344,1449,'-- '),
	(1345,1450,'#'),
	(1346,1451,'/*'),
	(1347,1452,'\"'),
	(1348,1453,'\"'),
	(1349,1454,'%27'),
	(1350,1455,'\' convert(int,convert(varchar,0x7b5d)) \''),
	(1351,1456,'convert(int,convert(varchar,0x7b5d))'),
	(1352,1457,'\' convert(varchar,0x7b5d) \''),
	(1353,1458,'convert(varchar,0x7b5d)'),
	(1354,1459,'\'+convert(int,convert(varchar,0x7b5d))+\''),
	(1355,1460,'\'+convert(varchar,0x7b5d)+\''),
	(1356,1461,'convert(int,convert(varchar,0x7b5d))'),
	(1357,1462,'convert(varchar,0x7b5d)'),
	(1358,1463,'whatever)'),
	(1359,1464,''),
	(1360,1465,''),
	(1361,1466,''),
	(1362,1467,''),
	(1363,1468,''),
	(1364,1469,''),
	(1365,1470,''),
	(1366,1471,''),
	(1367,1472,''),
	(1368,1473,''),
	(1369,1474,''),
	(1370,1475,''),
	(1371,1476,''),
	(1372,1477,''),
	(1373,1478,''),
	(1374,1479,''),
	(1375,1480,''),
	(1376,1481,''),
	(1377,1482,''),
	(1378,1483,''),
	(1379,1484,''),
	(1380,1485,''),
	(1381,1486,''),
	(1382,1487,''),
	(1383,1488,''),
	(1384,1489,''),
	(1385,1490,''),
	(1386,1491,''),
	(1387,1492,''),
	(1388,1493,''),
	(1389,1494,''),
	(1390,1495,''),
	(1391,1496,''),
	(1392,1497,''),
	(1393,1498,''),
	(1394,1499,''),
	(1395,1500,''),
	(1396,1501,''),
	(1397,1502,''),
	(1398,1503,''),
	(1399,1504,''),
	(1400,1505,''),
	(1401,1506,''),
	(1402,1507,''),
	(1403,1508,''),
	(1404,1509,''),
	(1405,1510,''),
	(1406,1511,''),
	(1407,1512,''),
	(1408,1513,''),
	(1409,1514,''),
	(1410,1515,''),
	(1411,1516,''),
	(1412,1517,''),
	(1413,1518,''),
	(1414,1519,''),
	(1415,1520,''),
	(1416,1521,''),
	(1417,1522,''),
	(1418,1523,''),
	(1419,1524,''),
	(1420,1525,''),
	(1421,1526,''),
	(1422,1527,''),
	(1423,1528,''),
	(1424,1529,''),
	(1425,1530,''),
	(1426,1531,''),
	(1427,1532,''),
	(1428,1533,''),
	(1429,1534,''),
	(1430,1535,''),
	(1431,1536,''),
	(1432,1537,''),
	(1433,1538,''),
	(1434,1539,''),
	(1435,1540,''),
	(1436,1541,''),
	(1437,1542,''),
	(1438,1543,''),
	(1439,1544,''),
	(1440,1545,''),
	(1441,1546,''),
	(1442,1547,''),
	(1443,1548,''),
	(1444,1549,''),
	(1445,1550,''),
	(1446,1551,''),
	(1447,1552,''),
	(1448,1553,''),
	(1449,1554,''),
	(1450,1555,''),
	(1451,1556,''),
	(1452,1557,''),
	(1453,1558,''),
	(1458,2289,''),
	(1459,2291,''),
	(1460,2293,''),
	(1461,2295,''),
	(1462,2297,''),
	(1463,2299,''),
	(1464,2301,''),
	(1465,2303,''),
	(1466,2305,''),
	(1467,2307,''),
	(1468,2309,''),
	(1469,2311,''),
	(1470,2313,''),
	(1471,2315,''),
	(1472,2317,''),
	(1473,2319,''),
	(1474,2321,''),
	(1475,2323,''),
	(1476,2324,''),
	(1477,2325,''),
	(1478,2326,''),
	(1479,2327,''),
	(1480,2328,''),
	(1481,2329,''),
	(1482,2330,''),
	(1483,2332,''),
	(1484,2334,''),
	(1485,2336,''),
	(1486,2338,''),
	(1487,2339,''),
	(1488,2341,''),
	(1489,2343,''),
	(1490,2345,''),
	(1491,2347,''),
	(1492,2349,''),
	(1493,2351,''),
	(1494,2353,''),
	(1495,2355,''),
	(1496,2357,''),
	(1497,2359,''),
	(1498,2361,''),
	(1499,2363,''),
	(1500,2365,''),
	(1501,2367,''),
	(1502,2369,''),
	(1503,2371,''),
	(1504,2373,''),
	(1505,2375,''),
	(1506,2377,''),
	(1507,2379,''),
	(1508,2381,''),
	(1509,2383,''),
	(1510,2385,''),
	(1511,2387,''),
	(1512,2389,''),
	(1513,2391,''),
	(1514,2393,''),
	(1515,2395,''),
	(1516,2397,''),
	(1517,2399,''),
	(1518,2401,''),
	(1519,2403,''),
	(1520,2405,''),
	(1521,2407,''),
	(1522,2409,''),
	(1523,2411,''),
	(1524,2413,''),
	(1525,2415,''),
	(1526,2417,''),
	(1527,2419,''),
	(1528,2421,''),
	(1529,2423,''),
	(1530,2425,''),
	(1531,2427,''),
	(1532,2429,''),
	(1533,2431,''),
	(1534,2433,''),
	(1535,2435,''),
	(1536,2437,''),
	(1537,2439,''),
	(1538,2441,''),
	(1539,2443,''),
	(1540,2445,''),
	(1541,2447,''),
	(1542,2449,''),
	(1543,2451,''),
	(1544,2539,''),
	(1545,2541,''),
	(1546,2543,''),
	(1547,2545,''),
	(1548,2547,''),
	(1549,2549,''),
	(1550,2551,''),
	(1551,2553,''),
	(1552,2555,''),
	(1553,2557,''),
	(1554,2559,''),
	(1555,2561,''),
	(1556,2563,''),
	(1557,2565,''),
	(1558,2567,''),
	(1559,2569,''),
	(1560,2571,''),
	(1561,2573,''),
	(1562,2575,''),
	(1563,2577,''),
	(1564,2579,''),
	(1565,2581,''),
	(1566,2583,''),
	(1567,2585,''),
	(1568,2587,''),
	(1569,2589,''),
	(1570,2591,''),
	(1571,2593,''),
	(1572,2595,''),
	(1573,2597,''),
	(1574,2599,''),
	(1575,2601,''),
	(1576,2603,''),
	(1577,2605,''),
	(1578,2607,''),
	(1579,2609,''),
	(1580,2611,''),
	(1581,2613,''),
	(1582,2615,''),
	(1583,2617,''),
	(1584,2619,''),
	(1585,2621,''),
	(1586,2623,''),
	(1587,2625,''),
	(1588,2627,''),
	(1589,2629,''),
	(1590,2631,''),
	(1591,2633,''),
	(1592,2635,''),
	(1593,2637,''),
	(1594,2639,''),
	(1595,2641,''),
	(1596,2643,''),
	(1597,2645,''),
	(1598,2647,''),
	(1599,2649,''),
	(1600,2651,''),
	(1601,2653,''),
	(1602,2655,''),
	(1603,2657,''),
	(1604,2659,''),
	(1605,2661,''),
	(1606,2663,''),
	(1607,2665,''),
	(1608,2667,''),
	(1609,2669,''),
	(1610,2671,''),
	(1611,2673,''),
	(1612,2675,''),
	(1613,2677,''),
	(1614,2679,''),
	(1615,2681,''),
	(1616,2683,''),
	(1617,2685,''),
	(1618,2687,''),
	(1619,2689,''),
	(1620,2691,''),
	(1621,2693,''),
	(1622,2695,''),
	(1623,2697,''),
	(1624,2699,''),
	(1625,2701,''),
	(1626,2703,''),
	(1627,2705,''),
	(1628,2707,''),
	(1629,2709,''),
	(1630,2711,''),
	(1631,2713,''),
	(1632,2715,''),
	(1633,2717,''),
	(1634,2719,''),
	(1635,2721,''),
	(1636,2723,''),
	(1637,2725,''),
	(1638,2727,''),
	(1639,2729,''),
	(1640,2731,''),
	(1641,2733,''),
	(1642,2735,''),
	(1643,2737,''),
	(1644,2739,''),
	(1645,2741,''),
	(1646,2743,''),
	(1647,2745,''),
	(1648,2747,''),
	(1649,2749,''),
	(1650,2751,''),
	(1651,2753,''),
	(1652,2755,''),
	(1653,2757,''),
	(1654,2759,''),
	(1655,2761,''),
	(1656,2763,''),
	(1657,2765,''),
	(1658,2767,''),
	(1659,2769,''),
	(1660,2771,''),
	(1661,2773,''),
	(1662,2775,''),
	(1663,2777,''),
	(1664,2779,''),
	(1665,2781,''),
	(1666,2783,''),
	(1667,2785,''),
	(1668,2787,''),
	(1669,2789,''),
	(1670,2791,''),
	(1671,2793,''),
	(1672,2795,''),
	(1673,2797,''),
	(1674,2799,''),
	(1675,2801,''),
	(1676,2803,''),
	(1677,2805,''),
	(1678,2807,''),
	(1679,2809,''),
	(1680,2811,''),
	(1681,2813,''),
	(1682,2815,''),
	(1683,2817,''),
	(1684,2819,''),
	(1685,2821,''),
	(1686,2823,''),
	(1687,2825,''),
	(1688,2827,''),
	(1689,2829,''),
	(1690,2831,''),
	(1691,2833,''),
	(1692,2835,''),
	(1693,2837,''),
	(1694,2839,''),
	(1695,2841,''),
	(1696,2843,''),
	(1697,2845,''),
	(1698,2847,''),
	(1699,2849,''),
	(1700,2851,''),
	(1701,2853,''),
	(1702,2855,''),
	(1703,2857,''),
	(1704,2859,''),
	(1705,2861,''),
	(1706,2863,''),
	(1707,2865,''),
	(1708,2867,''),
	(1709,2869,''),
	(1710,2871,''),
	(1711,2873,''),
	(1712,2875,''),
	(1713,2877,''),
	(1714,2879,''),
	(1715,2881,''),
	(1716,2883,''),
	(1717,2885,''),
	(1718,2887,''),
	(1719,2889,''),
	(1720,2891,''),
	(1721,2893,''),
	(1722,2895,''),
	(1723,2897,''),
	(1724,2899,''),
	(1725,2901,''),
	(1726,2903,''),
	(1727,2905,''),
	(1728,2907,''),
	(1729,2909,''),
	(1730,2911,''),
	(1731,2913,''),
	(1732,2915,''),
	(1733,2917,''),
	(1734,2919,''),
	(1735,2921,''),
	(1736,2923,''),
	(1737,2925,''),
	(1738,2927,''),
	(1739,2929,''),
	(1740,2931,''),
	(1741,2933,''),
	(1742,2935,''),
	(1743,2937,''),
	(1744,2939,''),
	(1745,2941,''),
	(1746,2943,''),
	(1747,2945,''),
	(1748,2947,''),
	(1749,2949,''),
	(1750,2951,''),
	(1751,2953,''),
	(1752,2955,''),
	(1753,2957,''),
	(1754,2959,''),
	(1755,2961,''),
	(1756,2963,''),
	(1757,2965,''),
	(1758,2967,''),
	(1759,2969,''),
	(1760,2971,''),
	(1761,2973,''),
	(1762,2975,''),
	(1763,2977,''),
	(1764,2979,''),
	(1765,2981,''),
	(1766,2983,''),
	(1767,2985,''),
	(1768,2987,''),
	(1769,2989,''),
	(1770,2991,''),
	(1771,2993,''),
	(1772,2995,''),
	(1773,2997,''),
	(1774,2999,''),
	(1775,3001,''),
	(1776,3003,''),
	(1777,3005,''),
	(1778,3007,''),
	(1779,3009,''),
	(1780,3011,''),
	(1781,3013,''),
	(1782,3015,''),
	(1783,3017,''),
	(1784,3019,''),
	(1785,3021,''),
	(1786,3023,''),
	(1787,3025,''),
	(1788,3027,''),
	(1789,3029,''),
	(1790,3031,''),
	(1791,3033,''),
	(1792,3035,''),
	(1793,3037,''),
	(1794,3039,''),
	(1795,3041,''),
	(1796,3043,''),
	(1797,3045,''),
	(1798,3047,''),
	(1799,3049,''),
	(1800,3051,''),
	(1801,3053,''),
	(1802,3055,''),
	(1803,3057,''),
	(1804,3059,''),
	(1805,3061,''),
	(1806,3063,''),
	(1807,3065,''),
	(1808,3067,''),
	(1809,3069,''),
	(1810,3071,''),
	(1811,3073,''),
	(1812,3075,''),
	(1813,3077,''),
	(1814,3079,''),
	(1815,3081,''),
	(1816,3083,''),
	(1817,3085,''),
	(1818,3087,''),
	(1819,3089,''),
	(1820,3091,''),
	(1821,3093,''),
	(1822,3095,''),
	(1823,3097,''),
	(1824,3099,''),
	(1825,3101,''),
	(1826,3103,''),
	(1827,3105,''),
	(1828,3107,''),
	(1829,3109,''),
	(1830,3111,''),
	(1831,3113,''),
	(1832,3115,''),
	(1833,3117,''),
	(1834,3119,''),
	(1835,3121,''),
	(1836,3123,''),
	(1837,3125,''),
	(1838,3127,''),
	(1839,3129,''),
	(1840,3131,''),
	(1841,3133,''),
	(1842,3135,''),
	(1843,3137,''),
	(1844,3139,''),
	(1845,3141,''),
	(1846,3143,''),
	(1847,3145,''),
	(1848,3147,''),
	(1849,3149,''),
	(1850,3151,''),
	(1851,3153,''),
	(1852,3155,''),
	(1853,3157,''),
	(1854,3159,''),
	(1855,3161,''),
	(1856,3163,''),
	(1857,3165,''),
	(1858,3167,''),
	(1859,3169,''),
	(1860,3171,''),
	(1861,3173,''),
	(1862,3175,''),
	(1863,3177,''),
	(1864,3179,''),
	(1865,3181,''),
	(1866,3183,''),
	(1867,3185,''),
	(1868,3187,''),
	(1869,3189,''),
	(1870,3191,''),
	(1871,3193,''),
	(1872,3195,''),
	(1873,3197,''),
	(1874,3199,''),
	(1875,3201,''),
	(1876,3203,''),
	(1877,3205,''),
	(1878,3207,''),
	(1879,3209,''),
	(1880,3211,''),
	(1881,3213,''),
	(1882,3215,''),
	(1883,3217,''),
	(1884,3219,''),
	(1885,3221,''),
	(1886,3223,''),
	(1887,3225,''),
	(1888,3227,'\'UNION\''),
	(1889,3229,'\''),
	(1890,3231,'\'\"'),
	(1891,3233,'9, 9, 9'),
	(1892,3235,'\'bad_bad_value'),
	(1893,3237,'bad_bad_value\''),
	(1894,3239,'\' AND \''),
	(1895,3241,'\'WHERE'),
	(1896,3243,';'),
	(1897,3245,'\'AND'),
	(1898,3247,'\' or 1=1-- '),
	(1899,3249,' or 1=1-- '),
	(1900,3251,'\' or \'a\'=\'a'),
	(1901,3253,'\') or (\'a\'=\'a'),
	(1902,3255,'char(39)'),
	(1903,3257,'\''),
	(1904,3259,'\' AND 1=1)'),
	(1905,3261,'\' AND 1=1))'),
	(1906,3263,'\' AND 1=1#'),
	(1907,3265,'\' AND 1=1)#'),
	(1908,3267,'\' AND 1=1))#'),
	(1909,3269,''),
	(1910,3271,''),
	(1911,3273,''),
	(1912,3275,''),
	(1913,3277,'\' or 1=1/*'),
	(1914,3279,'\' or 1=1)/*'),
	(1915,3281,'\' or 1=1))/*'),
	(1916,3283,'-- '),
	(1917,3285,'#'),
	(1918,3287,'/*'),
	(1919,3289,'\"'),
	(1920,3291,'\"'),
	(1921,3293,'%27'),
	(1922,3295,'\' convert(int,convert(varchar,0x7b5d)) \''),
	(1923,3297,'convert(int,convert(varchar,0x7b5d))'),
	(1924,3299,'\' convert(varchar,0x7b5d) \''),
	(1925,3301,'convert(varchar,0x7b5d)'),
	(1926,3303,'\'+convert(int,convert(varchar,0x7b5d))+\''),
	(1927,3305,'\'+convert(varchar,0x7b5d)+\''),
	(1928,3307,'convert(int,convert(varchar,0x7b5d))'),
	(1929,3309,'convert(varchar,0x7b5d)'),
	(1930,3311,'whatever)'),
	(1931,3355,''),
	(1932,3357,''),
	(1933,3359,''),
	(1934,3361,''),
	(1935,3441,''),
	(1936,3443,''),
	(1937,3445,''),
	(1938,3447,''),
	(1939,3455,''),
	(1940,3485,''),
	(1941,3487,''),
	(1942,3489,''),
	(1943,3491,''),
	(1944,3493,''),
	(1945,3495,''),
	(1946,3497,''),
	(1947,3499,''),
	(1948,3501,''),
	(1949,3503,''),
	(1950,3505,''),
	(1951,3507,''),
	(1952,3509,''),
	(1953,3511,''),
	(1954,3513,''),
	(1955,3515,''),
	(1956,3517,''),
	(1957,3519,''),
	(1958,3521,''),
	(1959,3523,''),
	(1960,3525,''),
	(1961,3527,''),
	(1962,3529,''),
	(1963,3531,''),
	(1964,3533,''),
	(1965,3535,''),
	(1966,3537,''),
	(1967,3539,''),
	(1968,3541,''),
	(1969,3543,''),
	(1970,3545,''),
	(1971,3547,''),
	(1972,3549,''),
	(1973,3551,''),
	(1974,3553,''),
	(1975,3555,''),
	(1976,3557,''),
	(1977,3559,''),
	(1978,3561,''),
	(1979,3563,''),
	(1980,3565,''),
	(1981,3567,''),
	(1982,3569,''),
	(1983,3571,''),
	(1984,3573,''),
	(1985,3575,''),
	(1986,3577,''),
	(1987,3579,''),
	(1988,3581,''),
	(1989,3583,''),
	(1990,3585,''),
	(1991,3587,''),
	(1992,3589,''),
	(1993,3591,''),
	(1994,3593,''),
	(1995,3595,''),
	(1996,3597,''),
	(1997,3599,''),
	(1998,3601,''),
	(1999,3603,''),
	(2000,3605,''),
	(2001,3607,''),
	(2002,3609,''),
	(2003,3611,''),
	(2004,3613,''),
	(2005,3615,''),
	(2006,3617,''),
	(2007,3619,''),
	(2008,3621,''),
	(2009,3623,''),
	(2010,3625,''),
	(2011,3627,''),
	(2012,3629,''),
	(2013,3631,''),
	(2014,3633,''),
	(2015,3635,''),
	(2016,3637,''),
	(2017,3639,''),
	(2018,3641,''),
	(2019,3643,''),
	(2020,3645,''),
	(2021,3647,''),
	(2022,3649,''),
	(2023,3651,''),
	(2024,3653,''),
	(2025,3655,''),
	(2026,3657,''),
	(2027,3659,''),
	(2028,3661,''),
	(2029,3663,''),
	(2030,3665,''),
	(2031,3667,''),
	(2032,3669,''),
	(2033,3671,''),
	(2034,3673,''),
	(2035,3675,''),
	(2036,3677,''),
	(2037,3679,''),
	(2038,3681,''),
	(2039,3683,''),
	(2040,3685,''),
	(2041,3687,''),
	(2042,3689,''),
	(2043,3691,''),
	(2044,3693,''),
	(2045,3695,''),
	(2046,3697,''),
	(2047,3699,''),
	(2048,3701,''),
	(2049,3703,''),
	(2050,3705,''),
	(2051,3707,''),
	(2052,3709,''),
	(2053,3711,''),
	(2054,3713,''),
	(2055,3715,''),
	(2056,3717,''),
	(2057,3719,''),
	(2058,3721,''),
	(2059,3723,''),
	(2060,3725,''),
	(2061,3727,''),
	(2062,3729,''),
	(2063,3731,''),
	(2064,3733,''),
	(2065,3735,''),
	(2066,3737,''),
	(2067,3739,''),
	(2068,3741,''),
	(2069,3742,'\"The Ancestry of Anthony Morris Johnson\"'),
	(2070,3743,'257 books on various subjects'),
	(2071,3744,'4 Books'),
	(2072,3745,'CLUB M'),
	(2073,3746,'111 books on various subjects'),
	(2074,3747,'54 boooks on various subjects'),
	(2075,3748,'\"Johns Hopkins University 2008 Alumni Directory\"'),
	(2076,3749,'34 books on various subjects'),
	(2077,3750,'16 books on various subjects'),
	(2078,3751,'47 Spanish Books'),
	(2079,3752,'38 books on various topics'),
	(2080,3753,'\"Historia de Chile\"'),
	(2081,3754,'197 books on various subjects'),
	(2082,3755,'19 engineering books'),
	(2083,3756,'54 books on various subjects'),
	(2084,3757,'83 books on various subjects'),
	(2085,3758,'127 books on various subjects'),
	(2086,3759,'102 Books, 1 VHS cassette, various subjects'),
	(2087,3760,'67 Books, 4 DVDs'),
	(2088,3761,'DVD: Death Squadrons'),
	(2089,3762,'Collection of 226 Japanese books'),
	(2090,3763,'Collection of 226 Japanese books'),
	(2091,3764,'Collection of 226 Japanese books'),
	(2092,3765,'Collection of 226 Japanese books'),
	(2093,3766,'Collection of 226 Japanese books'),
	(2094,3767,'1821 Books, 195 VHS tapes, and 23 DVDs on various subjects'),
	(2095,3768,'4 Archaeology Books'),
	(2096,3769,'\"Waltz with Bashir\" DVD'),
	(2097,3770,'76 books on various subjects'),
	(2098,3771,'3 books on political science'),
	(2099,3772,'2 CD-ROM\'s'),
	(2100,3773,'506 books and 33 VHS cassettes on various subjects'),
	(2101,3774,'47 business related books and 14 serials'),
	(2102,3775,'47 Books, 14 Serials, Business'),
	(2103,3776,'11 Bookcases, 3 Filing Cabinets, 2 Chairs, and 1 Plant Stand'),
	(2104,3777,'839 books on various subjects, originally received 10/15/09'),
	(2105,3778,'730 books on various subjects'),
	(2106,3779,'2 Books about computer science'),
	(2107,3780,'180 computer and math books'),
	(2108,3781,'42 cookbooks'),
	(2109,3782,'120 Native American & Art Books'),
	(2110,3783,'310 Time Life & Reader\'s Digest books'),
	(2111,3784,'\"The Life and Times of Richard Castro\"'),
	(2112,3785,'526 magazines including Rolling Stone, Western Interest and Martha Stewart'),
	(2113,3786,'10 DVDs'),
	(2114,3787,'34 Serials on Antiquities & History'),
	(2115,3788,'189 books & serials about Women\'s Studies'),
	(2116,3789,'1 DVD'),
	(2117,3790,'43 books and 36 magazines'),
	(2118,3791,'\"Passion for Skiing\"'),
	(2119,3792,'205 books and journals on various subjects'),
	(2120,3793,'277 education books'),
	(2121,3794,'133 business & sociology books and serials'),
	(2122,3795,'poetry anthology'),
	(2123,3796,'471 Law Books'),
	(2124,3797,'15 Solar Energy journals'),
	(2125,3798,'80 Education Books'),
	(2126,3799,'61 Books and Journals about Nursing'),
	(2127,3800,'1240 books on various subjects'),
	(2128,3801,'video: The Ninth Gate'),
	(2129,3802,'the book, \"One-Handed Basket Weaving\", by Jelaluddin Rumi'),
	(2130,3803,'the book, \"Masks and other poems\", by Walter Strachan and engravings by Abram Krol'),
	(2131,3804,'the book, \"The Mirrour of the World\", Translated and Printed by William Caxton, New De Luxe Folio Edition'),
	(2132,3805,'books: \"A Concise Dictionary of Middle Egyptian\", Egyptian Grammar\", \"Onchsheshonqy\", \"Ancient Mexico in the British Museum\", \"Hieroglyphs without Mystery\", and 8 issues of American Journal of Ancient History '),
	(2133,3806,'34 Books on various subjects'),
	(2134,3807,'166 books and 451 journal issues on Psychology/Education'),
	(2135,3808,'144 Books on business/strategic issues'),
	(2136,3809,'30 books on Sociology, Psychology, and Communication'),
	(2137,3810,'75 books on politics'),
	(2138,3811,'Beyond the Straits - a book of poems'),
	(2139,3812,'567 books on various subjects'),
	(2151,3824,'75 books on politics'),
	(2140,3813,'747 Civil War books'),
	(2141,3814,'372 Japanese books and encyclopedias'),
	(2142,3815,'Symbolic War: The Chinese Use of Force 1840-1980'),
	(2143,3816,'376 Art books and exhibition materials'),
	(2144,3817,'444 Economic Geology and Geochemical Serial Publications'),
	(2145,3818,'127 books on various subjects'),
	(2146,3819,'284 art books in memory of Susan Hope Glazar'),
	(2147,3820,'works of fiction'),
	(2148,3821,'\"Max Ernst and Alchemy\"'),
	(2149,3822,'854 books on male identity and organizational communication and 175 journal publications'),
	(2150,0,'0'),
	(2152,3825,'168 fiction books and books on spirituality'),
	(2153,3826,'15 Books and one DVD related to Mexico'),
	(2154,3827,'23 art books'),
	(2155,3828,'3 books relating to various aspects of Cuba'),
	(2156,3829,'the Erich Lachmann collection'),
	(2157,3830,'165 statistics/computer science books'),
	(2158,3831,'31 books on safety and insurance'),
	(2159,3832,'121 popular fiction and non-fiction books'),
	(2160,3833,'Azerbiajan - 2003-2008: Thinking about time'),
	(2161,3834,'6 books by Dr. Zhi Gang Sha'),
	(2162,3835,'books on various subjects'),
	(2163,3836,'106 French titlles'),
	(2164,3837,'367 German books'),
	(2165,3838,'2 books: Buddhist Tales for Young and Old, (vols. 3 and 4); Stories of the Enlightenment Being, Jatakas 101-150 and 151-200'),
	(2166,3839,'28 books on Native American studies'),
	(2167,3840,'48  books on Islam'),
	(2168,3841,'130 German books'),
	(2169,3842,'91 psychology books'),
	(2170,3843,'374 books on metallurgy, theology, and Japanese'),
	(2171,3844,'\"George Washington\'s Legacy: The Towns Named in His Honor\"'),
	(2172,3845,'\"War is a Lie\"'),
	(2173,3846,'495 books on politics, psychology, and literature'),
	(2174,3847,'94 books on dance, dance composition, kinesiology, fitness, dance education, and movement'),
	(2175,3848,'3 hard cover cookbooks, 20 spiral bound cookbooks, 30 cookery pamphlets, 17 hard cover business books, and 12 paperback business books'),
	(2176,3849,'10 books on Native American studies and various topics'),
	(2177,3850,'6 books on music, design, and history'),
	(2178,3851,'291 books on art, knitting, writing, and education'),
	(2179,3852,'347 books on general subjects'),
	(2180,3853,'34 cookbooks'),
	(2181,3854,'2 Implications of Current Research on Social Innovation in the Basque Country and Knowledge Communities'),
	(2182,3855,'Ferdinand Boberg - Architect: The Complete Work'),
	(2183,3856,'5 books on dogs and fictional titles'),
	(2184,3857,'32 books on finance and 40 three-ring binders'),
	(2185,3858,'4 various fiction and non-fiction titles'),
	(2186,3859,'The Politics of Justice: A.B. Fall and the Teapot Dome Scandal: A New Perspective'),
	(2187,3860,'Background for the Monroe Doctrine'),
	(2188,3861,'University of Denver English Department Library Guide'),
	(2189,3862,'Centurions in Public Service'),
	(2190,3863,'The Baggage Room'),
	(2191,3864,'\"I Trust You\"'),
	(2192,3865,'\"Teeth Are Our Organs\"'),
	(2193,3866,'26 volumes of Horizon'),
	(2194,3867,'\"The Osiris Connection\"'),
	(2195,3868,'Revista Homines with accompanying DVD'),
	(2196,3869,'DVD: The Waterboy'),
	(2197,3870,'DVD: The Rocketeer'),
	(2198,3871,'Monopoly of force: The nexus of DDR andSSR'),
	(2199,3872,'A game of uncommon skill: Leading the modern college and university'),
	(2200,3873,'The untold story of Ralph Carr and the Japanese DVD'),
	(2201,3874,'120 musical scores, hymnals, and literature'),
	(2202,3875,'925 various fiction and non-fiction titles'),
	(2203,3876,'Injustice in Perugia'),
	(2204,3877,'A Anistia na Era da Responsabilizacao - o Brasil em perspectiva internacional e comparada'),
	(2205,3878,'7 Yiddish books'),
	(2206,3879,'19 various fiction and non-fiction titles'),
	(2207,3880,'43 square dancing journals'),
	(2208,3881,'116 cookbooks'),
	(2209,3882,'The Talmud of Israel by Jacob Neusner, published in 1985 by the University of Chicago Press'),
	(2210,3883,'cookbook collection of 1,914 items'),
	(2211,3884,'708 books on Japanese and Chinese subjects'),
	(2212,3885,'6 items about Square Dancing'),
	(2213,3886,'\"Taking on the Middle East: A Young Man\'s Bizarre Odyssey in an Ancient Land\"\"'),
	(2214,3887,'0'),
	(2215,3888,'a book and a video on the intangible cultural heritage of Korea'),
	(2216,3889,'103 books on education'),
	(2217,3890,'40 books, 25 DVDs, and 50 CDs'),
	(2218,3891,'books and 277 music scores'),
	(2219,3892,'books and 277 music scores'),
	(2220,3893,'books a'),
	(2221,3894,'233 books and 277 music scores'),
	(2222,3895,'232 books and 277 music scores'),
	(2223,3896,'Advances in Xray Analysis: volume 54, CD-ROM, which would have cost the library $170 if we had to purchase it from the supplier'),
	(2224,3897,'Desert Island Wine'),
	(2225,3898,'\"Introduction to American Wood Fame House\"'),
	(2226,3899,'152 science and engineering books'),
	(2227,3900,'\"Bundu\"'),
	(2228,3901,'264 books (various subjects including Indian art history, and German language) '),
	(2229,3902,'two books by Mr. Matthews: \"Dunbar Cave\" and \"Cumberland Caverns\"'),
	(2230,3903,'41 boxes of mostly cartoon books, with a few miscellaneous non-related books as well'),
	(2231,3904,'one book entitled \"Silas Soule a Short, Eventful Life of Moral Courage\"'),
	(2232,3905,'two books on caves written by donor'),
	(2233,3906,'238 cookbooks'),
	(2234,3907,'one law management and three finance books'),
	(2235,3908,'January 2011 issue of \"The Tax Adviser\"'),
	(2236,3909,'187 sociology and social work related books'),
	(2237,3910,'2 issues of Copia magazine'),
	(2238,3911,'156 various art and culture periodicals'),
	(2239,3912,'9 boxes of books'),
	(2240,3913,'22 boxes of books'),
	(2241,3914,'one book entitled \"Setting the American table\"'),
	(2242,3915,'2054 paperback & 552 hardcover books, incl. cartoon books, cookbooks, sci fi, fantasy, and books related to music and dance; three serials (Omni, Horizon, American Heritage) with a total of 324 issues; 336 LP\'s; 1382 CD\'s; 194 DVD\'s; and 185 VHS cassettes'),
	(2243,3916,'one book entitled: Swinging for the Fences'),
	(2244,3917,'\"The Cookery Book\", \"The Etiquette Book\", and \"The Royal Scroll\"'),
	(2245,3918,'651 books (literature, poetry, criticism)'),
	(2246,3919,'Several boxes of books, travel guides, VHS tapes, maps, and LP\'s'),
	(2247,3920,'one book entitled: \"Winter of the World\"'),
	(2248,3921,'584 books, primarily on the social sciences and leadership, and 12 CD\'s in a 2-part box set'),
	(2249,3922,'\"Transforming 1916: Meaning, Memory and the Fiftieth Anniversary of the Easter Rising\"'),
	(2250,3923,'\"Collected Poems\", \"Selected Poems\" and \"Running at Hendry\'s\" by Alan Stephens'),
	(2251,3924,'326 books (mathematics, computer science), microfilms of lute manuscripts on 22 reels, musical scores (classical guitar),  journals (mathematics, music), a reproduction Medieval harp'),
	(2252,3925,'333 books (mathematics, computer science), microfilms of lute manuscripts on 21 reels, musical scores (classical guitar), compact discs (classical)'),
	(2253,3926,'195 books, mostly on psychotherapy, pschoanalysis, and related social sciences; 65 stained-glass craft books; and 17 craft-related periodicals'),
	(2254,3927,'books and a few brochures');

/*!40000 ALTER TABLE `tbl_donorgiftdescriptions` ENABLE KEYS */;
UNLOCK TABLES;


# Dump of table tbl_donorgifts
# ------------------------------------------------------------

DROP TABLE IF EXISTS `tbl_donorgifts`;

CREATE TABLE `tbl_donorgifts` (
  `giftsID` int(10) NOT NULL auto_increment,
  `donorID` int(10) NOT NULL,
  `Cdate` datetime default NULL,
  `dateOfGift` datetime default NULL,
  `numberOfGifts` int(10) default NULL,
  PRIMARY KEY  (`giftsID`),
  KEY `FK_tbl_donorGifts_tbl_donorInfo` (`donorID`)
) ENGINE=MyISAM DEFAULT CHARSET=latin1;

LOCK TABLES `tbl_donorgifts` WRITE;
/*!40000 ALTER TABLE `tbl_donorgifts` DISABLE KEYS */;

INSERT INTO `tbl_donorgifts` (`giftsID`, `donorID`, `Cdate`, `dateOfGift`, `numberOfGifts`)
VALUES
	(1,675,'2005-09-16 00:00:00','2005-09-16 00:00:00',1),
	(11,333,NULL,'1999-04-05 00:00:00',1),
	(12,333,NULL,'2000-08-28 00:00:00',3),
	(16,374,NULL,'1999-10-27 00:00:00',398),
	(19,546,NULL,'2003-01-22 00:00:00',125),
	(20,313,NULL,'1999-01-05 00:00:00',2),
	(22,12,NULL,'1997-09-10 00:00:00',1),
	(23,648,NULL,'2004-09-16 00:00:00',37),
	(24,656,'2010-05-17 14:52:36','2004-12-23 00:00:00',1),
	(25,220,NULL,'1996-01-05 00:00:00',1),
	(26,224,NULL,'1996-01-31 00:00:00',1),
	(27,300,NULL,'1998-10-27 00:00:00',1),
	(28,13,NULL,'1998-05-05 00:00:00',1),
	(29,14,NULL,'1998-01-12 00:00:00',1),
	(30,457,NULL,'2001-03-13 00:00:00',1),
	(31,4,NULL,'1995-02-01 00:00:00',1),
	(32,337,NULL,'1999-04-21 00:00:00',2),
	(33,17,NULL,'1997-07-28 00:00:00',1),
	(34,214,NULL,'1995-12-27 00:00:00',195),
	(35,490,NULL,'2001-11-15 00:00:00',1),
	(36,324,NULL,'1999-02-26 00:00:00',1),
	(37,98,NULL,'1997-04-28 00:00:00',5),
	(43,18,NULL,'1997-08-14 00:00:00',21),
	(44,495,NULL,'2002-01-11 00:00:00',46),
	(45,468,NULL,'2001-02-19 00:00:00',102),
	(46,3,NULL,'1996-02-10 00:00:00',25),
	(47,99,NULL,'1997-05-28 00:00:00',7),
	(48,100,NULL,'1997-04-21 00:00:00',2),
	(50,621,NULL,'2004-04-21 00:00:00',10),
	(51,536,NULL,'2002-09-16 00:00:00',182),
	(52,536,NULL,'2002-09-16 00:00:00',1),
	(53,20,NULL,'1998-02-02 00:00:00',68),
	(54,579,NULL,'2003-08-28 00:00:00',1),
	(55,7,NULL,'1996-07-10 00:00:00',1),
	(56,381,NULL,'1999-12-03 00:00:00',1),
	(57,334,NULL,'1999-03-25 00:00:00',1),
	(58,334,NULL,'1999-04-05 00:00:00',1),
	(59,21,NULL,'1997-08-04 00:00:00',1),
	(60,623,NULL,'2004-04-21 00:00:00',4),
	(61,537,NULL,'2002-09-30 00:00:00',44),
	(62,511,NULL,'2002-05-13 00:00:00',1),
	(63,22,NULL,'1997-08-27 00:00:00',1),
	(64,643,NULL,'2004-08-13 00:00:00',1),
	(65,5,NULL,'1996-04-01 00:00:00',41),
	(66,357,NULL,'1999-08-12 00:00:00',16),
	(67,209,NULL,'1995-12-01 00:00:00',327),
	(68,23,NULL,'1998-06-02 00:00:00',1),
	(69,345,NULL,'1999-06-14 00:00:00',446),
	(71,186,NULL,'1995-07-19 00:00:00',153),
	(73,101,NULL,'1997-05-05 00:00:00',2),
	(74,101,NULL,'1997-05-05 00:00:00',1),
	(75,172,NULL,'1995-06-01 00:00:00',13),
	(76,473,NULL,'2001-07-09 00:00:00',29),
	(77,93,NULL,'1998-06-11 00:00:00',660),
	(78,346,NULL,'1999-05-13 00:00:00',156),
	(79,24,NULL,'1997-07-19 00:00:00',78),
	(80,255,NULL,'1996-07-03 00:00:00',100),
	(81,405,NULL,'2000-05-10 00:00:00',117),
	(82,588,NULL,'2003-10-10 00:00:00',364),
	(83,598,NULL,'2003-12-29 00:00:00',34),
	(84,325,NULL,'1999-03-09 00:00:00',1),
	(85,94,NULL,'1998-06-01 00:00:00',1),
	(86,469,NULL,'2001-06-29 00:00:00',81),
	(87,378,NULL,'1999-11-12 00:00:00',320),
	(88,518,NULL,'2002-07-22 00:00:00',1),
	(89,26,NULL,'1998-04-14 00:00:00',27),
	(90,339,NULL,'1999-06-15 00:00:00',2),
	(92,477,NULL,'2001-08-21 00:00:00',45),
	(93,650,NULL,'2004-10-17 00:00:00',142),
	(94,624,NULL,'2004-03-01 00:00:00',1),
	(95,256,NULL,'1996-08-30 00:00:00',1),
	(96,257,NULL,'1996-09-30 00:00:00',1),
	(97,391,NULL,'2000-02-14 00:00:00',9),
	(99,658,NULL,'2004-12-28 00:00:00',6),
	(100,571,NULL,'2003-07-07 00:00:00',1),
	(101,485,NULL,'2001-11-05 00:00:00',1),
	(102,330,NULL,'1999-03-25 00:00:00',96),
	(104,27,NULL,'1997-07-22 00:00:00',12),
	(105,28,NULL,'1997-12-23 00:00:00',3),
	(108,609,NULL,'2004-03-03 00:00:00',1),
	(109,195,NULL,'1995-10-02 00:00:00',1),
	(110,29,NULL,'1998-01-20 00:00:00',3),
	(112,459,NULL,'2001-03-05 00:00:00',1),
	(113,258,NULL,'1996-07-31 00:00:00',4),
	(114,344,NULL,'1999-06-02 00:00:00',1),
	(115,244,NULL,'1996-04-01 00:00:00',1),
	(116,304,NULL,'1998-11-25 00:00:00',137),
	(117,448,NULL,'2001-01-10 00:00:00',1),
	(118,287,NULL,'1997-01-31 00:00:00',1),
	(120,288,NULL,'1997-03-10 00:00:00',1),
	(121,104,NULL,'1997-03-10 00:00:00',4),
	(123,689,'2004-04-02 00:00:00','2005-03-02 00:00:00',3),
	(124,690,'2005-04-29 00:00:00','2005-04-29 00:00:00',7),
	(125,691,'2005-04-28 00:00:00','2005-04-28 00:00:00',1168),
	(126,333,'2005-05-09 00:00:00','2005-05-09 00:00:00',0),
	(127,692,'2005-05-02 00:00:00','2005-05-02 00:00:00',321),
	(128,693,'2005-05-02 00:00:00','2005-05-02 00:00:00',109),
	(129,259,'1996-07-31 00:00:00','1996-07-31 00:00:00',59),
	(130,312,'1999-01-07 00:00:00','1999-01-07 00:00:00',1),
	(131,30,'1997-07-23 00:00:00','1997-07-23 00:00:00',89),
	(132,637,'2004-06-14 00:00:00','2004-06-14 00:00:00',7),
	(133,480,'2001-08-21 00:00:00','2001-08-21 00:00:00',7),
	(134,597,'2003-11-03 00:00:00','2003-11-03 00:00:00',10),
	(135,260,'1996-07-19 00:00:00','1996-07-19 00:00:00',2),
	(136,175,'1995-06-01 00:00:00','1995-06-01 00:00:00',103),
	(137,105,'1996-10-10 00:00:00','1996-10-10 00:00:00',1),
	(138,163,'1995-03-31 00:00:00','1995-03-31 00:00:00',58),
	(139,629,'2004-05-03 00:00:00','2004-05-03 00:00:00',17),
	(140,373,'1999-09-01 00:00:00','1999-09-01 00:00:00',76),
	(141,674,'2005-01-24 00:00:00','2005-01-24 00:00:00',3),
	(142,608,'2004-02-13 00:00:00','2004-02-13 00:00:00',6),
	(143,226,'1996-02-29 00:00:00','1996-02-29 00:00:00',201),
	(144,430,'2000-05-04 00:00:00','2000-05-04 00:00:00',118),
	(145,535,'2002-09-16 00:00:00','2002-09-16 00:00:00',219),
	(146,292,'1998-09-09 00:00:00','1998-09-09 00:00:00',15),
	(147,232,'1996-02-29 00:00:00','1996-02-29 00:00:00',1),
	(148,503,'2002-02-13 00:00:00','2002-02-13 00:00:00',1),
	(149,475,'2001-07-25 00:00:00','2001-07-25 00:00:00',37),
	(150,31,'1997-12-09 00:00:00','1997-12-09 00:00:00',17),
	(151,106,'1996-10-10 00:00:00','1996-10-10 00:00:00',100),
	(152,254,'1996-06-10 00:00:00','1996-06-10 00:00:00',24),
	(153,593,'2003-10-23 00:00:00','2003-10-23 00:00:00',144),
	(154,32,'1998-01-07 00:00:00','1998-01-07 00:00:00',25),
	(155,33,'1998-02-04 00:00:00','1998-02-04 00:00:00',30),
	(156,474,'2001-08-26 00:00:00','2001-08-26 00:00:00',2),
	(157,310,'1998-12-18 00:00:00','1998-12-18 00:00:00',2),
	(158,95,'1998-01-05 00:00:00','1998-01-05 00:00:00',5),
	(159,243,'1996-04-01 00:00:00','1996-04-01 00:00:00',16),
	(160,239,'1996-04-01 00:00:00','1996-04-01 00:00:00',3),
	(161,261,'2008-07-23 16:19:00','1996-09-30 00:00:00',55),
	(162,262,'1996-07-31 00:00:00','1996-07-31 00:00:00',1),
	(163,561,'2003-04-25 00:00:00','2003-04-25 00:00:00',155),
	(164,479,'2001-07-19 00:00:00','2001-07-19 00:00:00',109),
	(165,107,'1996-04-02 00:00:00','1996-04-02 00:00:00',3),
	(166,35,'1997-10-10 00:00:00','1997-10-10 00:00:00',1),
	(167,36,'1998-01-21 00:00:00','1998-01-21 00:00:00',53),
	(168,263,'1996-09-30 00:00:00','1996-09-30 00:00:00',11),
	(169,401,'2000-03-13 00:00:00','2000-03-13 00:00:00',3),
	(170,568,'2003-05-21 00:00:00','2003-05-21 00:00:00',1),
	(171,264,'1996-09-30 00:00:00','1996-09-30 00:00:00',2),
	(172,328,'1999-03-23 00:00:00','1999-03-23 00:00:00',229),
	(173,38,'1997-09-09 00:00:00','1997-09-09 00:00:00',1),
	(174,168,'1995-05-01 00:00:00','1995-05-01 00:00:00',8),
	(175,617,'2004-03-09 00:00:00','2004-03-09 00:00:00',3),
	(176,644,'2004-08-02 00:00:00','2004-08-02 00:00:00',511),
	(177,342,'1999-06-02 00:00:00','1999-06-02 00:00:00',2),
	(178,179,'1995-06-29 00:00:00','1995-06-29 00:00:00',90),
	(179,409,'2000-06-09 00:00:00','2000-06-09 00:00:00',4),
	(180,616,'2004-03-03 00:00:00','2004-03-03 00:00:00',1),
	(181,673,'2005-02-14 00:00:00','2005-02-14 00:00:00',12),
	(182,641,'2004-08-11 00:00:00','2004-08-11 00:00:00',42),
	(183,486,'2001-11-15 00:00:00','2001-11-15 00:00:00',1),
	(184,481,'2001-08-21 00:00:00','2001-08-21 00:00:00',9),
	(185,39,'1998-01-29 00:00:00','1998-01-29 00:00:00',330),
	(186,301,'1998-09-29 00:00:00','1998-09-29 00:00:00',3),
	(187,584,'2003-09-15 00:00:00','2003-09-15 00:00:00',55),
	(188,227,'1996-02-29 00:00:00','1996-02-19 00:00:00',2),
	(189,203,'1995-12-01 00:00:00','1995-12-01 00:00:00',86),
	(190,40,'1997-09-30 00:00:00','1997-09-30 00:00:00',19),
	(191,509,'2002-04-22 00:00:00','2002-04-22 00:00:00',60),
	(192,636,'2002-04-22 00:00:00','2002-04-22 00:00:00',60),
	(193,406,'2000-05-11 00:00:00','2000-05-11 00:00:00',7),
	(194,221,'1996-01-31 00:00:00','1996-01-31 00:00:00',432),
	(195,2,'1997-10-07 00:00:00','1997-10-07 00:00:00',1),
	(196,225,'1996-02-29 00:00:00','1996-02-29 00:00:00',35),
	(197,154,'1998-07-09 00:00:00','1998-07-09 00:00:00',16),
	(198,110,'1997-02-10 00:00:00','1997-02-10 00:00:00',150),
	(199,368,'1999-08-03 00:00:00','1999-08-03 00:00:00',1),
	(200,41,'1997-07-28 00:00:00','1997-07-28 00:00:00',1),
	(201,515,'2002-06-16 00:00:00','2002-06-16 00:00:00',20),
	(202,265,'1996-07-31 00:00:00','1996-07-31 00:00:00',1),
	(203,646,'2004-09-03 00:00:00','2004-09-03 00:00:00',30),
	(204,520,'2002-07-15 00:00:00','2002-07-15 00:00:00',1),
	(205,311,'1999-01-21 00:00:00','1999-01-21 00:00:00',1),
	(206,266,'1996-07-31 00:00:00','1996-07-31 00:00:00',29),
	(207,190,'1995-08-31 00:00:00','1995-08-31 00:00:00',1),
	(208,376,'1999-11-11 00:00:00','1999-11-11 00:00:00',117),
	(209,392,'2000-02-16 00:00:00','2000-02-16 00:00:00',113),
	(210,90,'1998-04-28 00:00:00','1998-04-28 00:00:00',11),
	(211,91,'1998-03-24 00:00:00','1998-03-24 00:00:00',35),
	(212,514,'2002-05-31 00:00:00','2002-05-31 00:00:00',286),
	(213,404,'2000-06-05 00:00:00','2000-06-05 00:00:00',41),
	(214,173,'1995-06-01 00:00:00','1995-06-01 00:00:00',1),
	(215,385,'1999-12-01 00:00:00','1999-12-01 00:00:00',1),
	(216,642,'2004-08-10 00:00:00','2004-08-10 00:00:00',131),
	(217,235,'1996-03-08 00:00:00','1996-03-08 00:00:00',60),
	(218,42,'1998-06-29 00:00:00','1998-06-29 00:00:00',29),
	(219,449,'2001-01-17 00:00:00','2001-01-17 00:00:00',1),
	(220,512,'2002-05-22 00:00:00','2002-02-22 00:00:00',1),
	(221,43,'1997-11-25 00:00:00','1997-11-25 00:00:00',90),
	(222,44,'1998-04-16 00:00:00','1998-04-16 00:00:00',1),
	(223,45,'1997-12-02 00:00:00','1997-12-02 00:00:00',169),
	(224,335,'1999-04-05 00:00:00','1999-04-05 00:00:00',16),
	(225,237,'1996-04-01 00:00:00','1996-04-01 00:00:00',1),
	(226,294,'1998-09-22 00:00:00','1998-09-22 00:00:00',1),
	(227,371,'1999-09-17 00:00:00','1999-09-17 00:00:00',1),
	(228,640,'2004-08-08 00:00:00','2004-08-08 00:00:00',36),
	(229,192,'1999-08-31 00:00:00','1999-08-31 00:00:00',1),
	(230,162,'1995-03-09 00:00:00','1995-03-09 00:00:00',425),
	(231,417,'2000-09-19 00:00:00','2000-09-19 00:00:00',1),
	(232,370,'1999-09-23 00:00:00','1999-09-23 00:00:00',275),
	(233,213,'1995-12-04 00:00:00','1995-12-04 00:00:00',1014),
	(234,349,'1999-05-06 00:00:00','1999-05-06 00:00:00',1),
	(235,267,'1996-07-31 00:00:00','1996-07-31 00:00:00',34),
	(236,46,'1998-02-20 00:00:00','1998-01-20 00:00:00',1),
	(237,359,'1999-08-05 00:00:00','1999-08-05 00:00:00',1),
	(238,502,'2002-02-13 00:00:00','2002-02-13 00:00:00',1),
	(239,303,'1998-11-25 00:00:00','1998-11-25 00:00:00',1),
	(240,47,'1997-12-15 00:00:00','1997-12-15 00:00:00',1),
	(241,149,'1994-12-30 00:00:00','1994-12-30 00:00:00',1),
	(242,290,'1998-09-01 00:00:00','1998-09-01 00:00:00',1),
	(243,554,'2003-03-05 00:00:00','2003-03-05 00:00:00',50),
	(244,285,'1998-08-15 00:00:00','1998-08-15 00:00:00',1),
	(245,112,'1997-05-01 00:00:00','1997-05-01 00:00:00',40),
	(246,48,'1998-01-13 00:00:00','1998-01-13 00:00:00',1),
	(247,553,'2003-03-05 00:00:00','2003-03-05 00:00:00',284),
	(248,49,'1997-08-05 00:00:00','1997-08-05 00:00:00',446),
	(249,302,'1997-09-10 00:00:00','1997-09-10 00:00:00',35),
	(250,233,'1996-02-29 00:00:00','1996-02-29 00:00:00',6),
	(251,366,'1999-08-05 00:00:00','1999-08-05 00:00:00',1),
	(252,445,'2000-12-14 00:00:00','2000-12-14 00:00:00',5),
	(253,268,'2010-01-12 14:32:00','1996-08-30 00:00:00',1),
	(254,160,'1999-02-01 00:00:00','1999-02-01 00:00:00',500),
	(255,575,'2003-07-22 00:00:00','2003-07-22 00:00:00',1),
	(256,146,'1994-12-01 00:00:00','1994-12-01 00:00:00',8),
	(257,159,'1995-02-01 00:00:00','1995-02-01 00:00:00',1),
	(258,489,'2001-11-30 00:00:00','2001-11-30 00:00:00',287),
	(259,664,'2004-12-16 00:00:00','2004-12-16 00:00:00',2),
	(260,654,NULL,NULL,80),
	(261,51,'1997-08-25 00:00:00','1997-08-25 00:00:00',14),
	(262,375,'1999-10-05 00:00:00','1999-10-05 00:00:00',1),
	(263,630,'2004-05-07 00:00:00','2004-05-07 00:00:00',43),
	(264,438,'2000-10-30 00:00:00','2000-10-30 00:00:00',16),
	(265,614,'2004-03-31 00:00:00','2004-03-31 00:00:00',1),
	(266,627,'2004-04-01 00:00:00','2004-04-01 00:00:00',98),
	(267,269,'1996-07-31 00:00:00','1996-07-31 00:00:00',42),
	(268,360,'1999-08-05 00:00:00','1999-08-05 00:00:00',1),
	(269,540,'2002-10-09 00:00:00','2002-10-09 00:00:00',467),
	(270,207,'1995-12-01 00:00:00','1995-12-01 00:00:00',8),
	(271,270,'1996-08-31 00:00:00','1996-08-31 00:00:00',1),
	(272,531,'2002-09-03 00:00:00','2002-09-03 00:00:00',65),
	(273,668,'2005-01-25 00:00:00','2005-01-25 00:00:00',107),
	(274,217,'1995-12-27 00:00:00','1995-12-27 00:00:00',1),
	(275,488,'2001-11-30 00:00:00','2001-11-30 00:00:00',15),
	(276,271,'2006-07-11 00:00:00','2006-07-11 00:00:00',32),
	(277,471,'2001-07-24 00:00:00','2001-07-24 00:00:00',1),
	(278,114,'1997-04-24 00:00:00','1997-04-24 00:00:00',1),
	(279,1,'1996-12-06 00:00:00','1996-12-06 00:00:00',1),
	(280,461,'2001-03-30 00:00:00','2001-03-30 00:00:00',1),
	(281,320,'1999-02-10 00:00:00','1999-02-10 00:00:00',1),
	(282,499,'2002-02-08 00:00:00','2002-02-08 00:00:00',1),
	(283,272,'1996-07-31 00:00:00','1996-07-31 00:00:00',11),
	(284,599,'2003-12-23 00:00:00','2003-12-23 00:00:00',17),
	(285,436,'2000-10-30 00:00:00','2000-10-30 00:00:00',72),
	(286,364,'1999-08-05 00:00:00','1999-08-05 00:00:00',1),
	(287,585,'2003-09-15 00:00:00','2003-09-15 00:00:00',12),
	(288,230,'1996-02-29 00:00:00','1996-02-29 00:00:00',4),
	(289,446,'2001-01-17 00:00:00','2001-01-17 00:00:00',1),
	(290,493,'1995-06-01 00:00:00','1995-06-01 00:00:00',1),
	(291,178,'2001-12-18 00:00:00','2001-12-18 00:00:00',34),
	(292,53,'2000-10-17 00:00:00','2000-10-17 00:00:00',1),
	(293,211,'1995-12-01 00:00:00','1995-12-01 00:00:00',100),
	(294,529,'2002-08-01 00:00:00','2002-08-01 00:00:00',21),
	(295,380,'1999-11-24 00:00:00','1999-11-24 00:00:00',30),
	(296,273,'1996-07-31 00:00:00','1996-07-31 00:00:00',16),
	(297,455,'2000-02-16 00:00:00','2000-02-16 00:00:00',76),
	(298,274,'1996-09-30 00:00:00','1996-09-30 00:00:00',144),
	(299,507,'2002-04-08 00:00:00','2002-04-08 00:00:00',62),
	(300,508,'2002-04-22 00:00:00','2002-04-22 00:00:00',52),
	(301,533,'2002-09-03 00:00:00','2002-09-03 00:00:00',1),
	(302,465,'2002-05-16 00:00:00','2002-05-16 00:00:00',32),
	(303,177,'1995-06-01 00:00:00','1995-06-01 00:00:00',1),
	(304,466,'2001-05-21 00:00:00','2001-05-21 00:00:00',446),
	(305,144,'1995-12-01 00:00:00','1995-12-01 00:00:00',1),
	(306,456,'2001-03-14 00:00:00','2001-03-14 00:00:00',1),
	(307,54,'1997-08-18 00:00:00','1997-08-18 00:00:00',462),
	(308,455,'2005-05-17 00:00:00','2005-05-17 00:00:00',30),
	(309,143,'1994-12-01 00:00:00','1994-12-01 00:00:00',141),
	(310,694,'2005-05-18 00:00:00','2005-05-18 00:00:00',72),
	(311,443,'2000-11-14 00:00:00','2000-11-14 00:00:00',380),
	(312,176,'2008-07-11 15:18:00','1995-06-01 00:00:00',1),
	(313,56,'1998-07-16 00:00:00','1998-07-16 00:00:00',1),
	(314,171,'1995-05-01 00:00:00','1995-05-01 00:00:00',108),
	(315,441,'2000-11-15 00:00:00','2000-11-15 00:00:00',2),
	(316,238,'1996-04-01 00:00:00','1996-04-01 00:00:00',7),
	(317,57,'1997-08-29 00:00:00','1997-08-29 00:00:00',1),
	(318,651,'2004-10-17 00:00:00','2004-10-17 00:00:00',8),
	(319,601,'1994-01-07 00:00:00','1994-01-07 00:00:00',27),
	(320,544,'2002-12-04 00:00:00','2002-12-04 00:00:00',1),
	(321,115,'1997-03-10 00:00:00','1997-03-10 00:00:00',5),
	(322,250,'1996-04-29 00:00:00','1996-04-29 00:00:00',2),
	(323,166,'1995-03-31 00:00:00','1995-03-31 00:00:00',1),
	(324,362,'1999-08-05 00:00:00','1999-08-05 00:00:00',1),
	(325,633,'2004-05-10 00:00:00','2004-05-10 00:00:00',12),
	(326,58,'1997-08-20 00:00:00','1997-08-20 00:00:00',1),
	(327,116,'1997-01-10 00:00:00','1997-01-10 00:00:00',4),
	(328,222,'1996-01-31 00:00:00','1996-01-31 00:00:00',15),
	(329,275,'1996-09-30 00:00:00','1996-09-30 00:00:00',1),
	(330,117,'1997-02-10 00:00:00','1997-02-10 00:00:00',5),
	(331,596,'2003-11-05 00:00:00','2003-11-05 00:00:00',1113),
	(332,695,'2005-05-03 00:00:00','2005-05-03 00:00:00',2),
	(333,583,'2003-08-04 00:00:00','2003-08-04 00:00:00',471),
	(334,308,'1998-12-08 00:00:00','1998-12-08 00:00:00',121),
	(335,314,'1999-01-05 00:00:00','1999-01-05 00:00:00',33),
	(336,59,'1997-10-07 00:00:00','1997-10-07 00:00:00',460),
	(337,695,'1999-11-11 00:00:00',NULL,NULL),
	(338,60,'1998-01-05 00:00:00','1998-01-05 00:00:00',58),
	(339,61,'1997-07-28 00:00:00','1997-07-28 00:00:00',1),
	(340,327,'1999-03-09 00:00:00','1999-03-09 00:00:00',38),
	(341,545,'2003-01-08 00:00:00','2003-01-08 00:00:00',12),
	(342,544,'2005-05-03 00:00:00','2005-05-03 00:00:00',3),
	(343,580,'2003-07-21 00:00:00','2003-07-21 00:00:00',1309),
	(344,467,'2001-04-19 00:00:00','2001-04-19 00:00:00',160),
	(345,62,'1998-02-10 00:00:00','1998-02-10 00:00:00',1),
	(346,513,'2002-05-21 00:00:00','2002-05-21 00:00:00',575),
	(347,471,'2005-05-24 00:00:00','2005-05-25 00:00:00',1),
	(348,440,'2000-11-06 00:00:00','2000-11-06 00:00:00',2),
	(349,286,'1998-08-13 00:00:00','1998-08-13 00:00:00',170),
	(350,606,'2004-04-16 00:00:00','2004-04-16 00:00:00',1577),
	(351,340,'1999-06-15 00:00:00','1999-06-15 00:00:00',1),
	(352,407,'2000-05-25 00:00:00','2000-05-25 00:00:00',70),
	(353,522,'2002-07-15 00:00:00','2002-07-15 00:00:00',1),
	(354,276,'2005-05-25 00:00:00','1996-09-30 00:00:00',1),
	(355,451,'2005-05-25 00:00:00','2001-01-31 00:00:00',1),
	(356,505,'2005-05-25 00:00:00','2004-03-05 00:00:00',99),
	(357,611,'2006-07-26 00:00:00','2006-07-15 00:00:00',5),
	(358,377,'2005-05-25 00:00:00','1999-11-09 00:00:00',2),
	(359,64,'2005-05-25 00:00:00','1997-07-19 00:00:00',76),
	(360,10,'2005-05-25 00:00:00',NULL,13),
	(361,388,'2005-05-25 00:00:00','2000-02-14 00:00:00',3),
	(362,424,'2005-05-25 00:00:00','2000-07-13 00:00:00',NULL),
	(363,247,'2005-05-25 00:00:00','1996-04-29 00:00:00',1),
	(364,354,'2005-05-25 00:00:00','1999-08-17 00:00:00',3),
	(365,277,'2005-05-25 00:00:00','1996-09-30 00:00:00',62),
	(366,421,'2005-05-25 00:00:00','2000-07-12 00:00:00',1),
	(367,124,'2005-05-25 00:00:00','1996-12-10 00:00:00',24),
	(368,379,'2005-05-25 00:00:00','1999-11-12 00:00:00',15),
	(369,696,'2005-05-25 00:00:00','1996-08-02 00:00:00',NULL),
	(370,279,'2005-05-25 00:00:00','1996-09-24 00:00:00',NULL),
	(371,66,'2005-05-25 00:00:00','1997-09-25 00:00:00',5),
	(372,231,'2005-05-25 00:00:00','1996-02-29 00:00:00',1),
	(373,419,'2005-05-25 00:00:00','2001-07-12 00:00:00',301),
	(374,418,'2005-05-25 00:00:00','2000-09-20 00:00:00',30),
	(375,67,'2005-05-25 00:00:00','1998-02-05 00:00:00',2),
	(376,500,'2005-05-25 00:00:00','2002-02-19 00:00:00',28),
	(377,586,'2005-05-25 00:00:00','2003-09-15 00:00:00',255),
	(378,280,'2005-05-25 00:00:00','1996-07-31 00:00:00',2),
	(379,422,'2005-05-25 00:00:00','2000-07-13 00:00:00',54),
	(380,68,'2005-05-25 00:00:00','1998-05-05 00:00:00',4),
	(381,569,'2005-05-25 00:00:00','2004-06-03 00:00:00',135),
	(382,626,'2005-05-25 00:00:00','2004-04-21 00:00:00',16),
	(383,223,'2005-05-25 00:00:00','1996-01-31 00:00:00',94),
	(384,147,'2005-05-25 00:00:00','1994-12-01 00:00:00',1),
	(385,69,'2005-05-25 00:00:00','1998-03-09 00:00:00',1),
	(386,69,'2005-05-25 00:00:00','1998-03-09 00:00:00',1),
	(387,165,'2005-05-25 00:00:00','1995-03-31 00:00:00',1),
	(388,591,'2005-05-25 00:00:00','2003-10-09 00:00:00',175),
	(389,150,'2005-05-25 00:00:00','1994-12-30 00:00:00',276),
	(390,501,'2005-05-25 00:00:00','2002-02-24 00:00:00',105),
	(391,295,'2005-05-25 00:00:00','1998-09-24 00:00:00',1),
	(392,607,'2005-05-25 00:00:00','2001-02-17 00:00:00',1),
	(393,70,'2005-05-25 00:00:00','1998-02-25 00:00:00',1),
	(394,315,'2005-05-25 00:00:00','1999-01-21 00:00:00',1),
	(395,447,'2005-05-25 00:00:00','2001-01-17 00:00:00',1),
	(396,663,'2005-05-25 00:00:00','2004-11-04 00:00:00',481),
	(397,169,'2005-05-25 00:00:00','1995-05-01 00:00:00',1),
	(398,572,'2005-05-25 00:00:00','2003-07-07 00:00:00',1),
	(399,343,'2005-05-25 00:00:00','1999-01-02 00:00:00',2),
	(400,126,'2005-05-25 00:00:00','1997-04-24 00:00:00',NULL),
	(401,319,'2005-05-25 00:00:00','1999-02-08 00:00:00',65),
	(402,71,'2005-05-25 00:00:00','1997-09-09 00:00:00',3),
	(403,72,'2005-05-25 00:00:00','1997-08-28 00:00:00',28),
	(404,253,'2005-05-25 00:00:00','1996-05-16 00:00:00',1),
	(405,408,'2005-05-25 00:00:00','2000-06-16 00:00:00',NULL),
	(406,73,'2005-05-25 00:00:00','1998-06-06 00:00:00',1),
	(407,74,'2005-05-25 00:00:00','1998-06-02 00:00:00',1),
	(408,75,'2005-05-25 00:00:00','1997-07-28 00:00:00',2),
	(409,331,'2005-05-25 00:00:00','1999-03-22 00:00:00',45),
	(410,201,'2005-05-25 00:00:00','1995-10-31 00:00:00',3),
	(411,361,'2005-05-25 00:00:00','1999-08-05 00:00:00',1),
	(412,389,'2005-05-25 00:00:00','2000-02-14 00:00:00',1),
	(413,527,'2005-05-25 00:00:00','2002-08-01 00:00:00',28),
	(414,564,'2005-05-25 00:00:00','1997-07-30 00:00:00',81),
	(415,77,'2005-05-25 00:00:00','2003-05-12 00:00:00',NULL),
	(416,384,'2012-03-29 10:15:13','1999-12-30 00:00:00',233),
	(417,128,'2005-05-25 00:00:00','1996-12-10 00:00:00',1),
	(418,156,'2005-05-25 00:00:00','1994-12-30 00:00:00',187),
	(419,129,'2005-05-25 00:00:00','1997-05-28 00:00:00',53),
	(420,494,'2005-05-25 00:00:00','2001-12-31 00:00:00',82),
	(421,289,'2005-05-25 00:00:00',NULL,1),
	(422,453,'2005-05-25 00:00:00','2001-01-17 00:00:00',1),
	(423,670,'2005-05-25 00:00:00','2005-01-20 00:00:00',2),
	(424,130,'2005-05-25 00:00:00','1996-10-10 00:00:00',31),
	(425,517,'2005-05-25 00:00:00','2002-06-26 00:00:00',1),
	(426,79,'2005-05-25 00:00:00','1997-10-23 00:00:00',12),
	(427,297,'2005-05-25 00:00:00','1998-10-12 00:00:00',122),
	(428,645,'2005-05-25 00:00:00','2004-08-26 00:00:00',NULL),
	(429,622,'2005-05-25 00:00:00','1996-09-24 00:00:00',NULL),
	(430,281,'2005-05-25 00:00:00','1998-03-10 00:00:00',42),
	(431,92,'2005-05-25 00:00:00','2004-04-21 00:00:00',2),
	(432,382,'2005-05-25 00:00:00','1999-12-03 00:00:00',2),
	(433,382,'2005-05-25 00:00:00','1999-12-03 00:00:00',NULL),
	(434,483,'2005-05-25 00:00:00','2000-09-11 00:00:00',1),
	(435,415,'2005-05-25 00:00:00','2000-09-14 00:00:00',2),
	(436,80,'2005-05-25 00:00:00','1997-11-25 00:00:00',2),
	(437,592,'2005-05-25 00:00:00','2003-10-22 00:00:00',1),
	(438,635,'2005-05-25 00:00:00','2004-05-17 00:00:00',410),
	(439,491,'2005-05-25 00:00:00','1996-08-30 00:00:00',7),
	(440,282,'2005-05-25 00:00:00','2001-11-14 00:00:00',5),
	(441,442,'2005-05-25 00:00:00','2000-11-28 00:00:00',1),
	(442,472,'2005-05-25 00:00:00','2001-07-24 00:00:00',107),
	(443,131,'2005-05-25 00:00:00','1997-05-05 00:00:00',6),
	(444,506,'2005-05-25 00:00:00','2002-03-27 00:00:00',1),
	(445,363,'2005-05-25 00:00:00','1999-08-05 00:00:00',1),
	(446,665,'2005-05-25 00:00:00','2005-01-20 00:00:00',2),
	(447,482,'2005-05-25 00:00:00','2001-09-11 00:00:00',1),
	(448,352,'2005-05-25 00:00:00','1999-08-31 00:00:00',99),
	(449,348,'2005-05-25 00:00:00','1999-05-03 00:00:00',1),
	(450,132,'2005-05-25 00:00:00','1997-02-10 00:00:00',1),
	(451,433,'2005-05-25 00:00:00','2000-10-18 00:00:00',1),
	(452,133,'2005-05-25 00:00:00','1997-03-10 00:00:00',1),
	(453,283,'2005-05-25 00:00:00','1996-07-31 00:00:00',1),
	(454,229,'2005-05-25 00:00:00','1996-02-29 00:00:00',201),
	(455,530,'2005-05-25 00:00:00','2002-08-26 00:00:00',1),
	(456,202,'2005-05-25 00:00:00','1995-11-20 00:00:00',688),
	(457,134,'2005-05-25 00:00:00','1997-03-10 00:00:00',1),
	(458,205,'2005-05-25 00:00:00','1995-12-01 00:00:00',21),
	(459,578,'2005-05-25 00:00:00','2003-08-18 00:00:00',490),
	(460,610,'2005-05-25 00:00:00','2004-03-15 00:00:00',1),
	(461,618,'2005-05-25 00:00:00','1995-03-31 00:00:00',1),
	(462,164,'2005-05-25 00:00:00','2004-03-03 00:00:00',11),
	(463,657,'2005-05-25 00:00:00','2004-12-16 00:00:00',2),
	(464,496,'2005-05-25 00:00:00','2002-01-28 00:00:00',7),
	(465,299,'2005-05-25 00:00:00','1998-10-19 00:00:00',244),
	(466,634,'2005-05-25 00:00:00','2004-05-24 00:00:00',1),
	(467,204,'2005-05-25 00:00:00','1995-12-01 00:00:00',28),
	(468,284,'2005-05-25 00:00:00','1996-09-30 00:00:00',17),
	(469,11,'2009-05-21 09:23:00','1997-10-03 00:00:00',1),
	(470,252,'1996-04-29 00:00:00','1996-04-29 00:00:00',1),
	(471,437,'2000-10-30 00:00:00','2000-10-30 00:00:00',17),
	(472,434,'2000-10-18 00:00:00','2000-10-18 00:00:00',1),
	(473,403,'2000-04-10 00:00:00','2000-04-10 00:00:00',1),
	(474,589,'2003-10-03 00:00:00','2003-10-03 00:00:00',179),
	(475,135,'1997-04-10 00:00:00','1997-04-10 00:00:00',1),
	(476,248,'1996-04-29 00:00:00','1996-04-29 00:00:00',1),
	(477,347,'1999-05-06 00:00:00','1999-05-06 00:00:00',147),
	(478,547,'2003-01-21 00:00:00','2003-01-21 00:00:00',5),
	(479,81,'1998-05-11 00:00:00','1998-05-11 00:00:00',1),
	(480,632,'2004-05-04 00:00:00','2004-05-04 00:00:00',1),
	(481,524,'2002-06-18 00:00:00','2002-06-18 00:00:00',27),
	(482,356,'1999-08-13 00:00:00','1999-08-13 00:00:00',1),
	(483,136,'1997-03-10 00:00:00','1997-03-10 00:00:00',18),
	(484,82,'1997-11-25 00:00:00','1997-11-25 00:00:00',19),
	(485,188,'1995-07-19 00:00:00','1995-07-19 00:00:00',114),
	(486,138,'1996-11-10 00:00:00','1996-11-10 00:00:00',16),
	(487,476,'2001-08-20 00:00:00','2001-08-20 00:00:00',67),
	(488,653,'2004-11-16 00:00:00','2004-11-16 00:00:00',1),
	(489,83,'1997-09-10 00:00:00','1997-09-10 00:00:00',126),
	(490,351,'1999-07-19 00:00:00','1999-07-19 00:00:00',34),
	(491,574,'2003-07-25 00:00:00','2003-07-25 00:00:00',59),
	(492,84,'1997-07-28 00:00:00','1997-07-28 00:00:00',4),
	(493,659,'2004-11-17 00:00:00','2004-11-17 00:00:00',1),
	(494,85,'1998-06-02 00:00:00','1998-06-02 00:00:00',1),
	(495,697,'2005-05-26 00:00:00','2005-05-26 00:00:00',1),
	(496,698,'2005-06-02 00:00:00','2005-06-02 00:00:00',1003),
	(497,699,'2005-07-01 00:00:00','2005-07-01 00:00:00',16),
	(498,700,'2005-07-15 00:00:00','2005-07-15 00:00:00',147),
	(499,701,'2005-07-14 00:00:00','2005-07-14 00:00:00',886),
	(500,702,'2005-07-01 00:00:00','2005-07-01 00:00:00',503),
	(501,703,'2005-07-18 00:00:00','2005-07-18 00:00:00',14),
	(502,704,'2005-07-19 00:00:00','2005-07-19 00:00:00',1),
	(503,4,'2005-07-20 00:00:00','2005-07-20 00:00:00',3),
	(504,705,'2005-08-19 00:00:00','2005-08-19 00:00:00',1),
	(505,706,'2005-08-19 00:00:00','2005-08-19 00:00:00',2),
	(506,707,'2005-08-19 00:00:00','2005-08-19 00:00:00',284),
	(507,708,'2005-08-05 00:00:00','2005-08-05 00:00:00',124),
	(508,709,'2005-08-09 00:00:00','2005-08-09 00:00:00',885),
	(509,675,'2005-09-01 00:00:00','2005-09-01 00:00:00',10),
	(510,711,'2005-09-22 00:00:00','2005-09-22 00:00:00',66),
	(511,712,'2005-09-22 00:00:00','2005-09-13 00:00:00',38),
	(512,713,'2008-06-02 10:13:00','2005-09-27 00:00:00',1),
	(513,714,'2005-09-27 00:00:00','2005-09-27 00:00:00',156),
	(514,715,'2005-09-28 00:00:00','2005-09-28 00:00:00',1),
	(515,716,'2005-10-06 00:00:00','2005-10-06 00:00:00',18),
	(516,717,'2005-10-10 00:00:00','2005-10-03 00:00:00',14),
	(517,718,'2005-10-26 00:00:00','2005-10-26 00:00:00',42),
	(518,719,'2005-11-04 00:00:00','2005-11-02 00:00:00',116),
	(519,720,'2005-11-08 00:00:00','2005-11-08 00:00:00',183),
	(520,295,'2005-11-10 00:00:00','2005-11-20 00:00:00',1),
	(521,721,'2005-12-02 00:00:00','2005-12-02 00:00:00',24),
	(522,722,'2005-11-30 00:00:00','2005-11-30 00:00:00',383),
	(523,723,'2005-12-16 00:00:00','2005-12-16 00:00:00',1),
	(524,724,'2005-12-16 00:00:00','2005-12-16 00:00:00',17),
	(525,725,'2006-01-03 00:00:00','2006-01-03 00:00:00',30),
	(526,471,'2006-01-24 00:00:00','2006-01-24 00:00:00',2),
	(527,726,'2006-01-25 00:00:00','2006-01-25 00:00:00',1),
	(528,267,'2009-04-09 14:44:00','2006-01-25 00:00:00',1),
	(529,623,'2006-01-25 00:00:00','2006-01-25 00:00:00',2),
	(530,455,'2006-01-25 00:00:00','2006-01-25 00:00:00',133),
	(531,727,'2006-01-25 00:00:00','2005-12-29 00:00:00',408),
	(532,673,'2006-02-28 00:00:00','2006-02-21 00:00:00',12),
	(533,729,'2006-02-28 00:00:00','2006-02-20 00:00:00',159),
	(534,730,'2006-03-17 00:00:00','2006-03-14 00:00:00',610),
	(535,731,'2006-03-17 00:00:00','2006-03-14 00:00:00',201),
	(536,728,'2006-03-07 00:00:00','2006-03-07 00:00:00',48),
	(537,732,'2006-03-10 00:00:00','2006-01-31 00:00:00',402),
	(538,733,'2006-03-17 00:00:00','2006-03-17 00:00:00',1),
	(539,734,'2006-04-07 00:00:00','2006-04-06 00:00:00',132),
	(540,735,'2006-04-28 00:00:00','2006-04-06 00:00:00',421),
	(541,736,'2006-04-28 00:00:00','2006-04-28 00:00:00',1),
	(542,674,'2006-05-15 00:00:00','2006-01-13 00:00:00',28),
	(543,737,'2006-05-19 00:00:00','2006-05-19 00:00:00',2),
	(544,738,'2006-05-19 00:00:00','2006-05-19 00:00:00',1),
	(545,739,'2006-05-19 00:00:00','2006-05-19 00:00:00',3),
	(546,740,'2006-05-19 00:00:00','2006-05-19 00:00:00',1),
	(547,741,'2006-05-19 00:00:00','2006-05-19 00:00:00',2),
	(548,4,'2008-07-29 15:31:00','2006-05-29 00:00:00',1),
	(549,654,'2006-06-06 00:00:00','2006-06-06 00:00:00',4),
	(550,46,'2009-10-15 23:19:00','2006-06-06 00:00:00',8),
	(551,742,'2006-06-01 00:00:00','2006-06-01 00:00:00',9),
	(552,699,'2006-06-20 00:00:00','2006-06-20 00:00:00',5),
	(553,743,'2006-06-20 00:00:00','2006-06-20 00:00:00',40),
	(555,745,'2006-07-05 00:00:00','2006-07-05 00:00:00',1),
	(556,669,'2006-07-26 00:00:00','2006-07-26 00:00:00',19),
	(557,692,'2006-07-25 00:00:00','2006-07-26 00:00:00',510),
	(558,436,'2006-08-24 00:00:00','2006-08-24 00:00:00',392),
	(559,455,'2006-08-24 00:00:00','2006-08-24 00:00:00',45),
	(560,746,'2006-08-24 00:00:00','2006-08-24 00:00:00',40),
	(561,728,'2006-08-24 00:00:00','2006-08-24 00:00:00',145),
	(562,747,'2006-08-24 00:00:00','2006-08-24 00:00:00',13),
	(563,748,'2006-08-24 00:00:00','2006-08-24 00:00:00',101),
	(564,749,'2006-09-25 00:00:00','2006-09-25 00:00:00',3),
	(565,750,'2006-09-25 00:00:00','2006-09-25 00:00:00',3),
	(566,172,'2006-09-25 00:00:00','2006-09-25 00:00:00',13),
	(567,610,'2006-09-25 00:00:00','2006-09-25 00:00:00',2),
	(568,710,'2006-09-25 00:00:00','2006-09-25 00:00:00',1297),
	(569,751,'2006-09-25 00:00:00','2006-09-25 00:00:00',1),
	(570,752,'2006-09-25 00:00:00','2006-09-25 00:00:00',4),
	(571,436,'2006-09-25 00:00:00','2006-09-25 00:00:00',188),
	(572,610,'2006-09-25 00:00:00','2006-09-25 00:00:00',1),
	(573,753,'2006-09-25 00:00:00','2006-09-25 00:00:00',63),
	(574,754,'2006-09-25 00:00:00','2006-09-25 00:00:00',171),
	(575,755,'2006-10-02 00:00:00','2006-10-02 00:00:00',419),
	(576,756,'2006-10-02 00:00:00','2006-10-02 00:00:00',5),
	(577,757,'2006-11-06 00:00:00','2006-11-01 00:00:00',2190),
	(578,476,'2006-11-08 00:00:00','2006-11-08 00:00:00',314),
	(579,654,'2008-12-05 13:56:00','1969-12-31 00:00:00',35),
	(580,758,'2006-11-15 00:00:00','2006-11-14 00:00:00',109),
	(581,721,'2006-11-20 00:00:00','2006-11-20 00:00:00',10),
	(582,759,'2006-11-20 00:00:00','2006-11-16 00:00:00',1297),
	(583,760,'2006-11-29 00:00:00','2006-09-09 00:00:00',1),
	(584,761,'2006-12-01 00:00:00','2006-12-01 00:00:00',1),
	(585,762,'2006-12-06 00:00:00','2006-12-06 00:00:00',1),
	(586,763,'2006-12-11 00:00:00','2006-12-08 00:00:00',319),
	(587,764,'2006-12-18 00:00:00','2006-12-15 00:00:00',177),
	(588,745,'2008-08-18 13:59:00','2007-01-16 00:00:00',1),
	(589,765,'2007-01-25 00:00:00','2007-01-19 00:00:00',38),
	(590,766,'2007-01-25 00:00:00','2007-01-19 00:00:00',28),
	(591,767,'2007-01-25 00:00:00','2007-01-19 00:00:00',1),
	(592,769,'2007-01-25 00:00:00','2007-01-11 00:00:00',4),
	(593,770,'2007-01-25 00:00:00','2007-01-19 00:00:00',239),
	(594,771,'2007-01-25 00:00:00','2007-01-11 00:00:00',1),
	(595,772,'2007-01-25 00:00:00','2007-01-10 00:00:00',1),
	(596,135,'2007-02-01 00:00:00','2007-02-01 00:00:00',116),
	(597,773,'2007-02-20 00:00:00','2007-02-06 00:00:00',88),
	(598,774,'2007-02-20 00:00:00','2007-02-04 00:00:00',3),
	(599,26,'2007-02-20 00:00:00','2007-02-20 00:00:00',187),
	(600,775,'2007-02-20 00:00:00','2007-02-20 00:00:00',38),
	(601,776,'2007-03-05 00:00:00','2007-03-05 00:00:00',127),
	(602,777,'2007-03-09 00:00:00','2007-03-09 00:00:00',2),
	(603,674,'2007-02-22 00:00:00','2007-03-21 00:00:00',26),
	(604,778,'2007-03-21 00:00:00','2007-03-13 00:00:00',6),
	(605,779,'2007-04-04 00:00:00','2007-04-04 00:00:00',31),
	(606,780,'2007-04-26 00:00:00','2007-04-26 00:00:00',1),
	(607,781,'2007-04-26 00:00:00','2007-04-26 00:00:00',1),
	(608,782,'2007-04-26 00:00:00','2007-04-26 00:00:00',617),
	(609,783,'2007-04-26 00:00:00','2007-04-26 00:00:00',133),
	(610,784,'2007-04-26 00:00:00','2007-04-26 00:00:00',30),
	(611,92,'2007-05-04 00:00:00','2007-05-03 00:00:00',194),
	(612,476,'2007-05-10 00:00:00','2007-05-08 00:00:00',156),
	(613,786,'2008-12-05 13:59:00','2007-05-15 00:00:00',2),
	(614,787,'2007-05-17 00:00:00','2007-05-16 00:00:00',83),
	(615,788,'2007-05-22 00:00:00','2007-05-22 00:00:00',1),
	(616,789,'2007-05-25 00:00:00','2007-05-23 00:00:00',5),
	(617,790,'2007-05-25 00:00:00','2007-05-24 00:00:00',8),
	(618,791,'2007-05-31 00:00:00','2007-05-31 00:00:00',12),
	(619,792,'2007-05-31 00:00:00','2007-05-31 00:00:00',4),
	(620,610,'2007-06-01 00:00:00','2007-06-01 00:00:00',1),
	(621,793,'2007-06-01 00:00:00','2007-06-01 00:00:00',6),
	(622,794,'2007-06-07 00:00:00','2007-06-06 00:00:00',38),
	(623,795,'2007-06-07 00:00:00','2007-06-05 00:00:00',142),
	(624,752,'2007-06-29 00:00:00','2007-06-29 00:00:00',7),
	(625,796,'2007-07-05 00:00:00','2007-07-05 00:00:00',444),
	(626,797,'2007-07-05 00:00:00','2007-07-05 00:00:00',50),
	(627,798,'2007-07-06 00:00:00','2007-07-03 00:00:00',184),
	(628,796,'2007-07-24 00:00:00','2007-07-24 00:00:00',75),
	(629,799,'2009-09-17 21:20:00','2007-07-10 00:00:00',243),
	(630,800,'2007-07-27 00:00:00','2007-07-11 00:00:00',7),
	(631,801,'2007-07-27 00:00:00','2007-07-24 00:00:00',141),
	(632,26,'2007-07-27 00:00:00','2007-07-24 00:00:00',51),
	(633,802,'2007-08-31 00:00:00','2007-08-31 00:00:00',125),
	(634,803,'2007-08-31 00:00:00','2007-08-31 00:00:00',11),
	(635,804,'2007-08-31 00:00:00','2007-08-31 00:00:00',1),
	(636,805,'2007-08-31 00:00:00','2007-08-31 00:00:00',1),
	(637,98,'2007-08-31 00:00:00','2007-08-31 00:00:00',12),
	(638,476,'2007-08-31 00:00:00','2007-08-31 00:00:00',346),
	(639,806,'2007-08-31 00:00:00','2007-08-31 00:00:00',309),
	(640,491,'2007-08-31 00:00:00','2007-08-31 00:00:00',51),
	(641,807,'2007-08-31 00:00:00','2007-08-31 00:00:00',348),
	(642,808,'2007-08-31 00:00:00','2007-08-31 00:00:00',64),
	(643,75,'2007-08-31 00:00:00','2007-08-31 00:00:00',190),
	(644,809,'2007-10-05 00:00:00','2007-09-28 00:00:00',1),
	(645,295,'2008-07-11 14:47:00','2007-10-31 00:00:00',1),
	(646,295,NULL,NULL,NULL),
	(647,476,'2007-11-05 00:00:00','2007-10-31 00:00:00',59),
	(648,810,'2007-11-05 00:00:00','2007-10-31 00:00:00',205),
	(649,632,'2007-11-05 00:00:00','2007-10-31 00:00:00',90),
	(650,811,'2007-11-05 00:00:00','2007-10-31 00:00:00',162),
	(651,812,'2002-09-03 00:00:00','2002-09-03 00:00:00',1),
	(652,813,'2007-01-27 00:00:00','2007-01-27 00:00:00',1),
	(653,814,NULL,NULL,40),
	(654,815,'2000-03-01 00:00:00','2000-03-01 00:00:00',1),
	(655,816,'2002-10-03 00:00:00','2002-10-03 00:00:00',18),
	(656,817,'2005-08-05 00:00:00','2005-08-05 00:00:00',124),
	(657,818,'1997-01-14 00:00:00','1997-01-14 00:00:00',1),
	(658,819,'1996-12-31 00:00:00','1996-12-31 00:00:00',4),
	(659,810,'2007-12-10 00:00:00','2007-11-30 00:00:00',53),
	(660,476,'2007-12-10 00:00:00','2007-11-30 00:00:00',231),
	(661,820,'2007-12-10 00:00:00','2007-11-30 00:00:00',169),
	(662,821,'2007-12-10 00:00:00','2007-11-30 00:00:00',177),
	(663,781,'2007-12-17 00:00:00','2007-12-17 00:00:00',1),
	(665,824,'2008-01-02 00:00:00','2007-12-25 00:00:00',3),
	(666,825,'2008-02-11 00:00:00','2007-12-21 00:00:00',5),
	(667,610,'2013-02-13 08:58:57','2007-12-21 00:00:00',1),
	(668,810,'2008-02-11 00:00:00','2007-12-21 00:00:00',41),
	(669,826,'2008-02-11 00:00:00','2007-12-21 00:00:00',1),
	(670,773,'2008-02-11 00:00:00','2008-02-07 00:00:00',116),
	(671,827,'2008-02-11 00:00:00','2007-02-07 00:00:00',1),
	(672,524,'2008-02-07 00:00:00','2008-02-07 00:00:00',70),
	(673,828,'2008-02-11 00:00:00','2008-02-08 00:00:00',404),
	(674,674,'2008-02-22 00:00:00','2008-02-06 00:00:00',34),
	(675,648,'2008-02-28 00:00:00','2008-02-27 00:00:00',59),
	(676,829,'2008-02-28 00:00:00','2008-02-28 00:00:00',1),
	(677,830,'2008-03-18 10:17:00','2008-03-07 00:00:00',26),
	(678,831,'2008-03-14 12:37:00','2007-11-14 00:00:00',335),
	(679,781,'2008-03-21 13:32:00','2008-03-14 00:00:00',1),
	(680,832,'2008-05-30 11:10:00','2008-04-21 00:00:00',201),
	(681,833,'2008-05-30 11:11:00','2008-04-21 00:00:00',81),
	(682,834,'2008-05-30 11:19:00','2008-04-21 00:00:00',43),
	(683,835,'2008-05-30 11:12:00','2008-04-24 00:00:00',31),
	(684,836,'2008-05-30 11:13:00','2008-05-07 00:00:00',15),
	(685,834,'2008-05-30 11:13:00','2008-05-11 00:00:00',21),
	(686,837,'2008-05-30 11:14:00','2008-05-16 00:00:00',44),
	(687,838,'2008-05-30 13:05:00','2008-05-30 00:00:00',1),
	(688,839,'2008-06-02 10:36:00','2008-05-30 00:00:00',34),
	(689,840,'2008-06-02 10:37:00','2008-05-30 00:00:00',39),
	(690,830,'2008-06-27 13:36:00','2008-06-04 00:00:00',34),
	(691,841,'2008-07-28 16:03:00','2008-07-11 00:00:00',849),
	(692,842,'2008-07-28 15:32:00','2008-07-11 00:00:00',10),
	(693,607,'2008-07-28 15:25:00','2008-07-11 00:00:00',424),
	(694,295,'2008-07-28 15:38:00','2008-07-11 00:00:00',424),
	(695,843,'2008-07-28 15:33:00','2008-07-11 00:00:00',50),
	(696,844,'2008-07-28 15:35:00','2008-07-11 00:00:00',53),
	(697,845,'2008-07-11 15:04:00','2008-07-11 00:00:00',1),
	(698,846,'2008-07-28 15:48:00','2008-07-11 00:00:00',628),
	(699,847,'2008-07-28 15:52:00','2008-07-11 00:00:00',128),
	(700,848,'2008-07-28 15:52:00','2008-07-11 00:00:00',343),
	(701,176,'2008-07-28 15:53:00','2008-07-11 00:00:00',89),
	(702,849,'2008-07-28 15:55:00','2008-07-11 00:00:00',22),
	(703,850,'2008-07-28 15:56:00','2008-07-17 00:00:00',2),
	(704,851,'2008-07-28 15:56:00','2008-07-17 00:00:00',61),
	(705,841,'2008-07-28 15:56:00','2008-07-17 00:00:00',330),
	(706,261,'2009-09-17 21:22:00','2008-07-23 00:00:00',145),
	(707,852,'2008-08-21 10:14:00','2008-08-06 00:00:00',418),
	(708,745,'2008-08-18 14:00:00','2008-08-18 00:00:00',1),
	(709,853,'2008-09-25 15:33:00','2008-08-20 00:00:00',36),
	(710,854,'2008-09-25 15:45:00','2008-08-25 00:00:00',336),
	(711,855,'2008-08-28 17:06:00','2008-08-27 00:00:00',1),
	(712,856,'2008-09-25 15:51:00','2008-08-27 00:00:00',3),
	(713,857,'2008-09-25 15:53:00','2008-09-04 00:00:00',203),
	(714,858,'2008-09-25 16:01:00','2008-09-04 00:00:00',297),
	(715,859,'2008-10-03 15:56:00','2008-09-18 00:00:00',29),
	(716,860,'2008-09-19 14:40:00','2008-09-18 00:00:00',3),
	(717,834,'2008-10-03 15:58:00','2008-09-18 00:00:00',92),
	(718,861,'2008-10-03 16:00:00','2008-09-19 00:00:00',143),
	(719,862,'2008-10-16 15:00:00','2008-10-13 00:00:00',186),
	(720,863,'2008-11-05 08:52:00','2008-10-06 00:00:00',51),
	(721,861,'2008-11-05 09:02:00','2008-10-27 00:00:00',73),
	(722,864,'2008-11-05 09:08:00','2008-10-27 00:00:00',29),
	(723,865,'2008-11-05 09:30:00','2008-10-27 00:00:00',116),
	(724,866,'2008-11-05 09:32:00','2008-10-27 00:00:00',180),
	(725,842,'2008-11-05 09:34:00','2008-10-27 00:00:00',5),
	(726,867,'2008-10-27 14:57:00','2008-10-27 00:00:00',4),
	(727,868,'2008-11-05 09:40:00','2008-10-27 00:00:00',252),
	(728,869,'2008-12-15 11:19:00','2008-12-05 00:00:00',59),
	(729,870,'2008-12-15 11:17:00','2008-12-05 00:00:00',88),
	(730,654,'2008-12-15 11:20:00','2008-12-05 00:00:00',17),
	(731,786,'2008-12-15 11:23:00','2008-12-05 00:00:00',4),
	(732,863,'2008-12-15 11:26:00','2008-12-05 00:00:00',65),
	(733,858,'2008-12-15 11:27:00','2008-12-05 00:00:00',139),
	(734,853,'2008-12-15 11:29:00','2008-12-05 00:00:00',64),
	(735,871,'2008-12-21 15:29:00','2008-12-05 00:00:00',161),
	(736,847,'2009-01-21 11:07:00','2008-12-15 00:00:00',17),
	(737,872,'2009-01-21 11:09:00','2008-12-15 00:00:00',292),
	(738,873,'2009-01-21 11:10:00','2009-01-09 00:00:00',1),
	(739,874,'2009-01-15 12:36:00','2008-10-23 00:00:00',1),
	(740,875,'2009-03-12 14:17:00','2009-01-30 00:00:00',580),
	(741,876,'2009-03-12 14:33:00','2009-01-30 00:00:00',16),
	(742,877,'2009-03-12 14:20:00','2009-02-27 00:00:00',468),
	(743,878,'2009-03-12 14:21:00','2009-02-27 00:00:00',63),
	(744,879,'2009-02-27 12:17:00','2009-02-27 00:00:00',1),
	(745,455,'2009-03-12 14:24:00','2009-03-10 00:00:00',421),
	(746,880,'2009-03-12 14:26:00','2009-03-10 00:00:00',98),
	(747,881,'2009-03-10 16:57:00','2009-03-10 00:00:00',1),
	(748,882,'2009-04-09 15:48:00','2009-04-07 00:00:00',195),
	(749,883,'2009-04-09 15:51:00','2009-04-08 00:00:00',5),
	(750,267,'2009-04-09 15:53:00','2009-04-09 00:00:00',220),
	(751,884,'2009-05-06 15:49:00','2009-04-16 00:00:00',25),
	(752,883,'2009-05-09 14:38:00','2009-05-09 00:00:00',28),
	(753,885,'2009-05-29 11:35:00','2009-05-19 00:00:00',24),
	(1034,1421,'2009-05-21 09:20:00','2004-12-23 00:00:00',0),
	(1035,1423,'2009-05-21 09:20:00','2004-12-23 00:00:00',0),
	(1036,1425,'2009-05-21 09:20:00','2004-12-23 00:00:00',0),
	(1037,1427,'2009-05-21 09:20:00','2004-12-23 00:00:00',0),
	(1038,1429,'2009-05-21 09:20:00','2004-12-23 00:00:00',0),
	(1039,1431,'2009-05-21 09:20:00','2004-12-23 00:00:00',0),
	(1040,1433,'2009-05-21 09:20:00','2004-12-23 00:00:00',0),
	(1041,1435,'2009-05-21 09:20:00','2004-12-23 00:00:00',0),
	(1042,1437,'2009-05-21 09:20:00','2004-12-23 00:00:00',0),
	(1043,1439,'2009-05-21 09:20:00','2004-12-23 00:00:00',0),
	(1044,1441,'2009-05-21 09:20:00','2004-12-23 00:00:00',0),
	(1045,1443,'2009-05-21 09:20:00','2004-12-23 00:00:00',0),
	(1046,1445,'2009-05-21 09:20:00','2004-12-23 00:00:00',0),
	(1047,1447,'2009-05-21 09:20:00','2004-12-23 00:00:00',0),
	(1048,1449,'2009-05-21 09:20:00','2004-12-23 00:00:00',0),
	(1049,1451,'2009-05-21 09:20:00','2004-12-23 00:00:00',0),
	(1050,1453,'2009-05-21 09:20:00','2004-12-23 00:00:00',0),
	(1051,1455,'2009-05-21 09:20:00','2004-12-23 00:00:00',0),
	(1052,1457,'2009-05-21 09:20:00','2004-12-23 00:00:00',0),
	(1053,1459,'2009-05-21 09:20:00','2004-12-23 00:00:00',0),
	(1054,1461,'2009-05-21 09:20:00','2004-12-23 00:00:00',0),
	(1055,1463,'2009-05-21 09:20:00','2004-12-23 00:00:00',0),
	(1056,1465,'2009-05-21 09:20:00','2004-12-23 00:00:00',0),
	(1057,1467,'2009-05-21 09:20:00','2004-12-23 00:00:00',0),
	(1058,1469,'2009-05-21 09:20:00','2004-12-23 00:00:00',0),
	(1059,1471,'2009-05-21 09:20:00','2004-12-23 00:00:00',0),
	(1060,1473,'2009-05-21 09:20:00','2004-12-23 00:00:00',0),
	(1061,1475,'2009-05-21 09:20:00','2004-12-23 00:00:00',0),
	(1062,1477,'2009-05-21 09:20:00','2004-12-23 00:00:00',0),
	(1063,1479,'2009-05-21 09:20:00','2004-12-23 00:00:00',0),
	(1064,1481,'2009-05-21 09:20:00','2004-12-23 00:00:00',0),
	(1065,1483,'2009-05-21 09:20:00','2004-12-23 00:00:00',0),
	(1066,1485,'2009-05-21 09:20:00','2004-12-23 00:00:00',0),
	(1067,1487,'2009-05-21 09:20:00','2004-12-23 00:00:00',0),
	(1068,1489,'2009-05-21 09:20:00','2004-12-23 00:00:00',0),
	(1069,1491,'2009-05-21 09:20:00','2004-12-23 00:00:00',0),
	(1070,1493,'2009-05-21 09:20:00','2004-12-23 00:00:00',0),
	(1071,1495,'2009-05-21 09:20:00','2004-12-23 00:00:00',0),
	(1072,1497,'2009-05-21 09:20:00','2004-12-23 00:00:00',0),
	(1073,1499,'2009-05-21 09:20:00','2004-12-23 00:00:00',0),
	(1074,1501,'2009-05-21 09:20:00','2004-12-23 00:00:00',0),
	(1075,1503,'2009-05-21 09:20:00','2004-12-23 00:00:00',0),
	(1076,1505,'2009-05-21 09:20:00','2004-12-23 00:00:00',0),
	(1077,1507,'2009-05-21 09:20:00','2004-12-23 00:00:00',0),
	(1078,1509,'2009-05-21 09:20:00','2004-12-23 00:00:00',0),
	(1079,1511,'2009-05-21 09:20:00','2004-12-23 00:00:00',0),
	(1080,1513,'2009-05-21 09:20:00','2004-12-23 00:00:00',0),
	(1081,1515,'2009-05-21 09:20:00','2004-12-23 00:00:00',0),
	(1082,1517,'2009-05-21 09:20:00','2004-12-23 00:00:00',0),
	(1083,1519,'2009-05-21 09:20:00','2004-12-23 00:00:00',0),
	(1084,1521,'2009-05-21 09:20:00','2004-12-23 00:00:00',0),
	(1085,1523,'2009-05-21 09:20:00','2004-12-23 00:00:00',0),
	(1086,1525,'2009-05-21 09:20:00','2004-12-23 00:00:00',0),
	(1087,1527,'2009-05-21 09:20:00','2004-12-23 00:00:00',0),
	(1088,1529,'2009-05-21 09:20:00','2004-12-23 00:00:00',0),
	(1089,1531,'2009-05-21 09:20:00','2004-12-23 00:00:00',0),
	(1090,1533,'2009-05-21 09:20:00','2004-12-23 00:00:00',0),
	(1091,1535,'2009-05-21 09:20:00','2004-12-23 00:00:00',0),
	(1092,1537,'2009-05-21 09:20:00','2004-12-23 00:00:00',0),
	(1093,1539,'2009-05-21 09:20:00','2004-12-23 00:00:00',0),
	(1094,1541,'2009-05-21 09:20:00','2004-12-23 00:00:00',0),
	(1095,1543,'2009-05-21 09:20:00','2004-12-23 00:00:00',0),
	(1096,1545,'2009-05-21 09:20:00','2004-12-23 00:00:00',0),
	(1097,1547,'2009-05-21 09:20:00','2004-12-23 00:00:00',0),
	(1098,1549,'2009-05-21 09:20:00','2004-12-23 00:00:00',0),
	(1099,1551,'2009-05-21 09:20:00','2004-12-23 00:00:00',0),
	(1100,1553,'2009-05-21 09:20:00','2004-12-23 00:00:00',0),
	(1101,1555,'2009-05-21 09:20:00','2004-12-23 00:00:00',0),
	(1102,1557,'2009-05-21 09:20:00','2004-12-23 00:00:00',0),
	(1103,1559,'2009-05-21 09:20:00','2004-12-23 00:00:00',0),
	(1104,1561,'2009-05-21 09:20:00','2004-12-23 00:00:00',0),
	(1105,1563,'2009-05-21 09:20:00','2004-12-23 00:00:00',0),
	(1106,1565,'2009-05-21 09:20:00','2004-12-23 00:00:00',0),
	(1107,1567,'2009-05-21 09:20:00','2004-12-23 00:00:00',0),
	(1108,1569,'2009-05-21 09:20:00','2004-12-23 00:00:00',0),
	(1109,1571,'2009-05-21 09:20:00','2004-12-23 00:00:00',0),
	(1110,1573,'2009-05-21 09:20:00','2004-12-23 00:00:00',0),
	(1111,1575,'2009-05-21 09:20:00','2004-12-23 00:00:00',0),
	(1112,1577,'2009-05-21 09:20:00','2004-12-23 00:00:00',0),
	(1113,1579,'2009-05-21 09:20:00','2004-12-23 00:00:00',0),
	(1114,1581,'2009-05-21 09:20:00','2004-12-23 00:00:00',0),
	(1115,1583,'2009-05-21 09:20:00','2004-12-23 00:00:00',0),
	(1116,1585,'2009-05-21 09:20:00','2004-12-23 00:00:00',0),
	(1117,1587,'2009-05-21 09:20:00','2004-12-23 00:00:00',0),
	(1118,1589,'2009-05-21 09:20:00','2004-12-23 00:00:00',0),
	(1119,1591,'2009-05-21 09:20:00','2004-12-23 00:00:00',0),
	(1120,1593,'2009-05-21 09:20:00','2004-12-23 00:00:00',0),
	(1121,1595,'2009-05-21 09:20:00','2004-12-23 00:00:00',0),
	(1122,1597,'2009-05-21 09:20:00','2004-12-23 00:00:00',0),
	(1123,1599,'2009-05-21 09:20:00','2004-12-23 00:00:00',0),
	(1124,1601,'2009-05-21 09:20:00','2004-12-23 00:00:00',0),
	(1125,1603,'2009-05-21 09:20:00','2004-12-23 00:00:00',0),
	(1126,1605,'2009-05-21 09:20:00','2004-12-23 00:00:00',0),
	(1127,1607,'2009-05-21 09:20:00','2004-12-23 00:00:00',0),
	(1128,1609,'2009-05-21 09:20:00','2004-12-23 00:00:00',0),
	(1129,1611,'2009-05-21 09:20:00','2004-12-23 00:00:00',0),
	(1130,1613,'2009-05-21 09:20:00','2004-12-23 00:00:00',0),
	(1131,1615,'2009-05-21 09:20:00','2004-12-23 00:00:00',0),
	(1132,1617,'2009-05-21 09:20:00','2004-12-23 00:00:00',0),
	(1133,1619,'2009-05-21 09:20:00','2004-12-23 00:00:00',0),
	(1134,1621,'2009-05-21 09:20:00','2004-12-23 00:00:00',0),
	(1135,1623,'2009-05-21 09:20:00','2004-12-23 00:00:00',0),
	(1136,1625,'2009-05-21 09:20:00','2004-12-23 00:00:00',0),
	(1137,1627,'2009-05-21 09:20:00','2004-12-23 00:00:00',0),
	(1138,1629,'2009-05-21 09:20:00','2004-12-23 00:00:00',0),
	(1139,1631,'2009-05-21 09:20:00','2004-12-23 00:00:00',0),
	(1140,1633,'2009-05-21 09:20:00','2004-12-23 00:00:00',0),
	(1141,1635,'2009-05-21 09:20:00','2004-12-23 00:00:00',0),
	(1142,1637,'2009-05-21 09:20:00','2004-12-23 00:00:00',0),
	(1143,1639,'2009-05-21 09:20:00','2004-12-23 00:00:00',0),
	(1144,1641,'2009-05-21 09:20:00','2004-12-23 00:00:00',0),
	(1145,1643,'2009-05-21 09:20:00','2004-12-23 00:00:00',0),
	(1146,1645,'2009-05-21 09:20:00','2004-12-23 00:00:00',0),
	(1147,1647,'2009-05-21 09:20:00','2004-12-23 00:00:00',0),
	(1148,1649,'2009-05-21 09:20:00','2004-12-23 00:00:00',0),
	(1149,1651,'2009-05-21 09:20:00','2004-12-23 00:00:00',0),
	(1150,1653,'2009-05-21 09:20:00','2004-12-23 00:00:00',0),
	(1151,1655,'2009-05-21 09:20:00','2004-12-23 00:00:00',0),
	(1152,1657,'2009-05-21 09:20:00','2004-12-23 00:00:00',0),
	(1153,1659,'2009-05-21 09:20:00','2004-12-23 00:00:00',0),
	(1154,1661,'2009-05-21 09:20:00','2004-12-23 00:00:00',0),
	(1155,1663,'2009-05-21 09:20:00','2004-12-23 00:00:00',0),
	(1156,1665,'2009-05-21 09:20:00','2004-12-23 00:00:00',0),
	(1157,1667,'2009-05-21 09:20:00','2004-12-23 00:00:00',0),
	(1158,1669,'2009-05-21 09:20:00','2004-12-23 00:00:00',0),
	(1159,1671,'2009-05-21 09:20:00','2004-12-23 00:00:00',0),
	(1160,1673,'2009-05-21 09:20:00','2004-12-23 00:00:00',0),
	(1161,1675,'2009-05-21 09:20:00','2004-12-23 00:00:00',0),
	(1162,1677,'2009-05-21 09:20:00','2004-12-23 00:00:00',0),
	(1163,1679,'2009-05-21 09:20:00','2004-12-23 00:00:00',0),
	(1164,1681,'2009-05-21 09:20:00','2004-12-23 00:00:00',0),
	(1165,1683,'2009-05-21 09:20:00','2004-12-23 00:00:00',0),
	(1166,1685,'2009-05-21 09:20:00','2004-12-23 00:00:00',0),
	(1167,1687,'2009-05-21 09:20:00','2004-12-23 00:00:00',0),
	(1168,1689,'2009-05-21 09:20:00','2004-12-23 00:00:00',0),
	(1169,1691,'2009-05-21 09:20:00','2004-12-23 00:00:00',0),
	(1170,1693,'2009-05-21 09:20:00','2004-12-23 00:00:00',0),
	(1171,1695,'2009-05-21 09:20:00','2004-12-23 00:00:00',0),
	(1172,1697,'2009-05-21 09:20:00','2004-12-23 00:00:00',0),
	(1173,1699,'2009-05-21 09:20:00','2004-12-23 00:00:00',0),
	(1174,1701,'2009-05-21 09:20:00','2004-12-23 00:00:00',0),
	(1175,1703,'2009-05-21 09:20:00','2004-12-23 00:00:00',0),
	(1176,1705,'2009-05-21 09:20:00','2004-12-23 00:00:00',0),
	(1177,1707,'2009-05-21 09:20:00','2004-12-23 00:00:00',0),
	(1178,1709,'2009-05-21 09:20:00','2004-12-23 00:00:00',0),
	(1179,1711,'2009-05-21 09:20:00','2004-12-23 00:00:00',0),
	(1180,1713,'2009-05-21 09:20:00','2004-12-23 00:00:00',0),
	(1181,1715,'2009-05-21 09:20:00','2004-12-23 00:00:00',0),
	(1182,1717,'2009-05-21 09:20:00','2004-12-23 00:00:00',0),
	(1183,1719,'2009-05-21 09:20:00','2004-12-23 00:00:00',0),
	(1184,1721,'2009-05-21 09:20:00','2004-12-23 00:00:00',0),
	(1185,1723,'2009-05-21 09:20:00','2004-12-23 00:00:00',0),
	(1186,1725,'2009-05-21 09:20:00','2004-12-23 00:00:00',0),
	(1187,1727,'2009-05-21 09:20:00','2004-12-23 00:00:00',0),
	(1188,1729,'2009-05-21 09:20:00','2004-12-23 00:00:00',0),
	(1189,1731,'2009-05-21 09:20:00','2004-12-23 00:00:00',0),
	(1190,1733,'2009-05-21 09:20:00','2004-12-23 00:00:00',0),
	(1191,1735,'2009-05-21 09:20:00','2004-12-23 00:00:00',0),
	(1192,1737,'2009-05-21 09:20:00','2004-12-23 00:00:00',0),
	(1193,1739,'2009-05-21 09:20:00','2004-12-23 00:00:00',0),
	(1194,1741,'2009-05-21 09:20:00','2004-12-23 00:00:00',0),
	(1195,1743,'2009-05-21 09:20:00','2004-12-23 00:00:00',0),
	(1196,1745,'2009-05-21 09:20:00','2004-12-23 00:00:00',0),
	(1197,1747,'2009-05-21 09:20:00','2004-12-23 00:00:00',0),
	(1198,1749,'2009-05-21 09:20:00','2004-12-23 00:00:00',0),
	(1199,1751,'2009-05-21 09:20:00','2004-12-23 00:00:00',0),
	(1200,1753,'2009-05-21 09:20:00','2004-12-23 00:00:00',0),
	(1201,1755,'2009-05-21 09:20:00','2004-12-23 00:00:00',0),
	(1202,1757,'2009-05-21 09:20:00','2004-12-23 00:00:00',0),
	(1203,1759,'2009-05-21 09:20:00','2004-12-23 00:00:00',0),
	(1204,1761,'2009-05-21 09:20:00','2004-12-23 00:00:00',0),
	(1205,1763,'2009-05-21 09:20:00','2004-12-23 00:00:00',0),
	(1206,1765,'2009-05-21 09:20:00','2004-12-23 00:00:00',0),
	(1207,1767,'2009-05-21 09:20:00','2004-12-23 00:00:00',0),
	(1208,1769,'2009-05-21 09:20:00','2004-12-23 00:00:00',0),
	(1209,1771,'2009-05-21 09:20:00','2004-12-23 00:00:00',0),
	(1210,1773,'2009-05-21 09:20:00','2004-12-23 00:00:00',0),
	(1211,1775,'2009-05-21 09:20:00','2004-12-23 00:00:00',0),
	(1212,1777,'2009-05-21 09:20:00','2004-12-23 00:00:00',0),
	(1213,1779,'2009-05-21 09:20:00','2004-12-23 00:00:00',0),
	(1214,1781,'2009-05-21 09:20:00','2004-12-23 00:00:00',0),
	(1215,1783,'2009-05-21 09:20:00','2004-12-23 00:00:00',0),
	(1216,1785,'2009-05-21 09:20:00','2004-12-23 00:00:00',0),
	(1217,1787,'2009-05-21 09:20:00','2004-12-23 00:00:00',0),
	(1218,1789,'2009-05-21 09:20:00','2004-12-23 00:00:00',0),
	(1219,1791,'2009-05-21 09:20:00','2004-12-23 00:00:00',0),
	(1220,1793,'2009-05-21 09:20:00','2004-12-23 00:00:00',0),
	(1221,1795,'2009-05-21 09:20:00','2004-12-23 00:00:00',0),
	(1222,1797,'2009-05-21 09:20:00','2004-12-23 00:00:00',0),
	(1223,1799,'2009-05-21 09:20:00','2004-12-23 00:00:00',0),
	(1224,1801,'2009-05-21 09:20:00','2004-12-23 00:00:00',0),
	(1225,1803,'2009-05-21 09:20:00','2004-12-23 00:00:00',0),
	(1226,1805,'2009-05-21 09:20:00','2004-12-23 00:00:00',0),
	(1227,1807,'2009-05-21 09:20:00','2004-12-23 00:00:00',0),
	(1228,1809,'2009-05-21 09:20:00','2004-12-23 00:00:00',0),
	(1229,1811,'2009-05-21 09:20:00','2004-12-23 00:00:00',0),
	(1230,1813,'2009-05-21 09:20:00','2004-12-23 00:00:00',0),
	(1231,1815,'2009-05-21 09:20:00','2004-12-23 00:00:00',0),
	(1232,1817,'2009-05-21 09:20:00','2004-12-23 00:00:00',0),
	(1233,1819,'2009-05-21 09:20:00','2004-12-23 00:00:00',0),
	(1234,1821,'2009-05-21 09:20:00','2004-12-23 00:00:00',0),
	(1235,1823,'2009-05-21 09:20:00','2004-12-23 00:00:00',0),
	(1236,1825,'2009-05-21 09:20:00','2004-12-23 00:00:00',0),
	(1237,1827,'2009-05-21 09:20:00','2004-12-23 00:00:00',0),
	(1238,1829,'2009-05-21 09:20:00','2004-12-23 00:00:00',0),
	(1239,1831,'2009-05-21 09:20:00','2004-12-23 00:00:00',0),
	(1240,1833,'2009-05-21 09:20:00','2004-12-23 00:00:00',0),
	(1241,1835,'2009-05-21 09:20:00','2004-12-23 00:00:00',0),
	(1242,1837,'2009-05-21 09:20:00','2004-12-23 00:00:00',0),
	(1243,1839,'2009-05-21 09:20:00','2004-12-23 00:00:00',0),
	(1244,1841,'2009-05-21 09:20:00','2004-12-23 00:00:00',0),
	(1245,1843,'2009-05-21 09:20:00','2004-12-23 00:00:00',0),
	(1246,1845,'2009-05-21 09:20:00','2004-12-23 00:00:00',0),
	(1247,1847,'2009-05-21 09:20:00','2004-12-23 00:00:00',0),
	(1248,1849,'2009-05-21 09:20:00','2004-12-23 00:00:00',0),
	(1249,1851,'2009-05-21 09:20:00','2004-12-23 00:00:00',0),
	(1250,1853,'2009-05-21 09:20:00','2004-12-23 00:00:00',0),
	(1251,1855,'2009-05-21 09:20:00','2004-12-23 00:00:00',0),
	(1252,1857,'2009-05-21 09:20:00','2004-12-23 00:00:00',0),
	(1253,1859,'2009-05-21 09:20:00','2004-12-23 00:00:00',0),
	(1254,1861,'2009-05-21 09:20:00','2004-12-23 00:00:00',0),
	(1255,1863,'2009-05-21 09:20:00','2004-12-23 00:00:00',0),
	(1256,1865,'2009-05-21 09:20:00','2004-12-23 00:00:00',0),
	(1257,1867,'2009-05-21 09:21:00','2004-12-23 00:00:00',0),
	(1258,1869,'2009-05-21 09:21:00','2004-12-23 00:00:00',0),
	(1259,1871,'2009-05-21 09:21:00','2004-12-23 00:00:00',0),
	(1260,1873,'2009-05-21 09:21:00','2004-12-23 00:00:00',0),
	(1261,1875,'2009-05-21 09:21:00','2004-12-23 00:00:00',0),
	(1262,1877,'2009-05-21 09:21:00','2004-12-23 00:00:00',0),
	(1263,1879,'2009-05-21 09:21:00','2004-12-23 00:00:00',0),
	(1264,1881,'2009-05-21 09:21:00','2004-12-23 00:00:00',0),
	(1265,1883,'2009-05-21 09:21:00','2004-12-23 00:00:00',0),
	(1266,1885,'2009-05-21 09:21:00','2004-12-23 00:00:00',0),
	(1267,1887,'2009-05-21 09:21:00','2004-12-23 00:00:00',0),
	(1268,1889,'2009-05-21 09:21:00','2004-12-23 00:00:00',0),
	(1269,1891,'2009-05-21 09:21:00','2004-12-23 00:00:00',0),
	(1270,1893,'2009-05-21 09:21:00','2004-12-23 00:00:00',0),
	(1271,1895,'2009-05-21 09:21:00','2004-12-23 00:00:00',0),
	(1272,1897,'2009-05-21 09:21:00','2004-12-23 00:00:00',0),
	(1273,1899,'2009-05-21 09:21:00','2004-12-23 00:00:00',0),
	(1274,1901,'2009-05-21 09:21:00','2004-12-23 00:00:00',0),
	(1275,1903,'2009-05-21 09:21:00','2004-12-23 00:00:00',0),
	(1276,1905,'2009-05-21 09:21:00','2004-12-23 00:00:00',0),
	(1277,1907,'2009-05-21 09:21:00','2004-12-23 00:00:00',0),
	(1278,1909,'2009-05-21 09:21:00','2004-12-23 00:00:00',0),
	(1279,1911,'2009-05-21 09:21:00','2004-12-23 00:00:00',0),
	(1280,1913,'2009-05-21 09:21:00','2004-12-23 00:00:00',0),
	(1281,1915,'2009-05-21 09:21:00','2004-12-23 00:00:00',0),
	(1282,1917,'2009-05-21 09:21:00','2004-12-23 00:00:00',0),
	(1283,1919,'2009-05-21 09:21:00','2004-12-23 00:00:00',0),
	(1284,1921,'2009-05-21 09:21:00','2004-12-23 00:00:00',0),
	(1285,1923,'2009-05-21 09:21:00','2004-12-23 00:00:00',0),
	(1286,1925,'2009-05-21 09:21:00','2004-12-23 00:00:00',0),
	(1287,1927,'2009-05-21 09:21:00','2004-12-23 00:00:00',0),
	(1288,1929,'2009-05-21 09:21:00','2004-12-23 00:00:00',0),
	(1289,1931,'2009-05-21 09:21:00','2004-12-23 00:00:00',0),
	(1290,1933,'2009-05-21 09:21:00','2004-12-23 00:00:00',0),
	(1291,1935,'2009-05-21 09:21:00','2004-12-23 00:00:00',0),
	(1292,1937,'2009-05-21 09:21:00','2004-12-23 00:00:00',0),
	(1293,1939,'2009-05-21 09:21:00','2004-12-23 00:00:00',0),
	(1294,1941,'2009-05-21 09:21:00','2004-12-23 00:00:00',0),
	(1295,1943,'2009-05-21 09:21:00','2004-12-23 00:00:00',0),
	(1296,1945,'2009-05-21 09:21:00','2004-12-23 00:00:00',0),
	(1297,1947,'2009-05-21 09:21:00','2004-12-23 00:00:00',0),
	(1298,1949,'2009-05-21 09:21:00','2004-12-23 00:00:00',0),
	(1299,1951,'2009-05-21 09:21:00','2004-12-23 00:00:00',0),
	(1300,1953,'2009-05-21 09:21:00','2004-12-23 00:00:00',0),
	(1301,1955,'2009-05-21 09:21:00','2004-12-23 00:00:00',0),
	(1302,1957,'2009-05-21 09:21:00','2004-12-23 00:00:00',0),
	(1303,1959,'2009-05-21 09:21:00','2004-12-23 00:00:00',0),
	(1304,1961,'2009-05-21 09:21:00','2004-12-23 00:00:00',0),
	(1305,1963,'2009-05-21 09:21:00','2004-12-23 00:00:00',0),
	(1306,1965,'2009-05-21 09:21:00','2004-12-23 00:00:00',0),
	(1307,1967,'2009-05-21 09:21:00','2004-12-23 00:00:00',0),
	(1308,1969,'2009-05-21 09:21:00','2004-12-23 00:00:00',0),
	(1309,1971,'2009-05-21 09:21:00','2004-12-23 00:00:00',0),
	(1310,1973,'2009-05-21 09:21:00','2004-12-23 00:00:00',0),
	(1311,1975,'2009-05-21 09:21:00','2004-12-23 00:00:00',0),
	(1312,1977,'2009-05-21 09:21:00','2004-12-23 00:00:00',0),
	(1313,1979,'2009-05-21 09:21:00','2004-12-23 00:00:00',0),
	(1314,1981,'2009-05-21 09:21:00','2004-12-23 00:00:00',0),
	(1315,1983,'2009-05-21 09:21:00','2004-12-23 00:00:00',0),
	(1316,1985,'2009-05-21 09:21:00','2004-12-23 00:00:00',0),
	(1317,1987,'2009-05-21 09:21:00','2004-12-23 00:00:00',0),
	(1318,1989,'2009-05-21 09:21:00','2004-12-23 00:00:00',0),
	(1319,1991,'2009-05-21 09:21:00','2004-12-23 00:00:00',0),
	(1320,1993,'2009-05-21 09:21:00','2004-12-23 00:00:00',0),
	(1321,1995,'2009-05-21 09:21:00','2004-12-23 00:00:00',0),
	(1322,1997,'2009-05-21 09:21:00','2004-12-23 00:00:00',0),
	(1323,1999,'2009-05-21 09:21:00','2004-12-23 00:00:00',0),
	(1324,2001,'2009-05-21 09:21:00','2004-12-23 00:00:00',0),
	(1325,2003,'2009-05-21 09:21:00','2004-12-23 00:00:00',0),
	(1326,2005,'2009-05-21 09:21:00','2004-12-23 00:00:00',0),
	(1327,2007,'2009-05-21 09:21:00','2004-12-23 00:00:00',0),
	(1328,2009,'2009-05-21 09:21:00','2004-12-23 00:00:00',0),
	(1329,2011,'2009-05-21 09:21:00','2004-12-23 00:00:00',0),
	(1330,2013,'2009-05-21 09:21:00','2004-12-23 00:00:00',0),
	(1331,2015,'2009-05-21 09:21:00','2004-12-23 00:00:00',0),
	(1332,2017,'2009-05-21 09:21:00','2004-12-23 00:00:00',0),
	(1333,2019,'2009-05-21 09:21:00','2004-12-23 00:00:00',0),
	(1334,2021,'2009-05-21 09:21:00','2004-12-23 00:00:00',0),
	(1335,2023,'2009-05-21 09:21:00','2004-12-23 00:00:00',0),
	(1336,2025,'2009-05-21 09:21:00','2004-12-23 00:00:00',0),
	(1337,2027,'2009-05-21 09:21:00','2004-12-23 00:00:00',0),
	(1338,2029,'2009-05-21 09:21:00','2004-12-23 00:00:00',0),
	(1339,2031,'2009-05-21 09:21:00','2004-12-23 00:00:00',0),
	(1340,2033,'2009-05-21 09:21:00','2004-12-23 00:00:00',0),
	(1341,2035,'2009-05-21 09:21:00','2004-12-23 00:00:00',0),
	(1342,2037,'2009-05-21 09:21:00','2004-12-23 00:00:00',0),
	(1343,2039,'2009-05-21 09:21:00','2004-12-23 00:00:00',0),
	(1344,2041,'2009-05-21 09:21:00','2004-12-23 00:00:00',0),
	(1345,2043,'2009-05-21 09:21:00','2004-12-23 00:00:00',0),
	(1346,2045,'2009-05-21 09:21:00','2004-12-23 00:00:00',0),
	(1347,2047,'2009-05-21 09:21:00','2004-12-23 00:00:00',0),
	(1348,2049,'2009-05-21 09:21:00','2004-12-23 00:00:00',0),
	(1349,2051,'2009-05-21 09:21:00','2004-12-23 00:00:00',0),
	(1350,2053,'2009-05-21 09:21:00','2004-12-23 00:00:00',0),
	(1351,2055,'2009-05-21 09:21:00','2004-12-23 00:00:00',0),
	(1352,2057,'2009-05-21 09:21:00','2004-12-23 00:00:00',0),
	(1353,2059,'2009-05-21 09:21:00','2004-12-23 00:00:00',0),
	(1354,2061,'2009-05-21 09:21:00','2004-12-23 00:00:00',0),
	(1355,2063,'2009-05-21 09:21:00','2004-12-23 00:00:00',0),
	(1356,2065,'2009-05-21 09:21:00','2004-12-23 00:00:00',0),
	(1357,2067,'2009-05-21 09:21:00','2004-12-23 00:00:00',0),
	(1358,2069,'2009-05-21 09:21:00','2004-12-23 00:00:00',0),
	(1359,2071,'2009-05-21 09:21:00','2004-12-23 00:00:00',0),
	(1360,2073,'2009-05-21 09:21:00','2004-12-23 00:00:00',0),
	(1361,2075,'2009-05-21 09:21:00','2004-12-23 00:00:00',0),
	(1362,2077,'2009-05-21 09:21:00','2004-12-23 00:00:00',0),
	(1363,2079,'2009-05-21 09:21:00','2004-12-23 00:00:00',0),
	(1364,2081,'2009-05-21 09:21:00','2004-12-23 00:00:00',0),
	(1365,2083,'2009-05-21 09:21:00','2004-12-23 00:00:00',0),
	(1366,2085,'2009-05-21 09:21:00','2004-12-23 00:00:00',0),
	(1367,2087,'2009-05-21 09:21:00','2004-12-23 00:00:00',0),
	(1368,2089,'2009-05-21 09:21:00','2004-12-23 00:00:00',0),
	(1369,2091,'2009-05-21 09:21:00','2004-12-23 00:00:00',0),
	(1370,2093,'2009-05-21 09:21:00','2004-12-23 00:00:00',0),
	(1371,2095,'2009-05-21 09:21:00','2004-12-23 00:00:00',0),
	(1372,2097,'2009-05-21 09:21:00','2004-12-23 00:00:00',0),
	(1373,2099,'2009-05-21 09:21:00','2004-12-23 00:00:00',0),
	(1374,2101,'2009-05-21 09:21:00','2004-12-23 00:00:00',0),
	(1375,2103,'2009-05-21 09:21:00','2004-12-23 00:00:00',0),
	(1376,2105,'2009-05-21 09:21:00','2004-12-23 00:00:00',0),
	(1377,2107,'2009-05-21 09:21:00','2004-12-23 00:00:00',0),
	(1378,2109,'2009-05-21 09:21:00','2004-12-23 00:00:00',0),
	(1379,2111,'2009-05-21 09:21:00','2004-12-23 00:00:00',0),
	(1380,2113,'2009-05-21 09:21:00','2004-12-23 00:00:00',0),
	(1381,2115,'2009-05-21 09:21:00','2004-12-23 00:00:00',0),
	(1382,2117,'2009-05-21 09:21:00','2004-12-23 00:00:00',0),
	(1383,2119,'2009-05-21 09:21:00','2004-12-23 00:00:00',0),
	(1384,2121,'2009-05-21 09:21:00','2004-12-23 00:00:00',0),
	(1385,2123,'2009-05-21 09:21:00','2004-12-23 00:00:00',0),
	(1386,2125,'2009-05-21 09:21:00','2004-12-23 00:00:00',0),
	(1387,2127,'2009-05-21 09:21:00','2004-12-23 00:00:00',0),
	(1388,2129,'2009-05-21 09:21:00','2004-12-23 00:00:00',0),
	(1389,2131,'2009-05-21 09:21:00','2004-12-23 00:00:00',0),
	(1390,2133,'2009-05-21 09:21:00','2004-12-23 00:00:00',0),
	(1391,2135,'2009-05-21 09:21:00','2004-12-23 00:00:00',0),
	(1392,2137,'2009-05-21 09:21:00','2004-12-23 00:00:00',0),
	(1393,2139,'2009-05-21 09:21:00','2004-12-23 00:00:00',0),
	(1394,2141,'2009-05-21 09:21:00','2004-12-23 00:00:00',0),
	(1395,2143,'2009-05-21 09:21:00','2004-12-23 00:00:00',0),
	(1396,2145,'2009-05-21 09:21:00','2004-12-23 00:00:00',0),
	(1397,2147,'2009-05-21 09:21:00','2004-12-23 00:00:00',0),
	(1398,2149,'2009-05-21 09:21:00','2004-12-23 00:00:00',0),
	(1399,2151,'2009-05-21 09:21:00','2004-12-23 00:00:00',0),
	(1400,2153,'2009-05-21 09:21:00','2004-12-23 00:00:00',0),
	(1401,2155,'2009-05-21 09:21:00','2004-12-23 00:00:00',0),
	(1402,2157,'2009-05-21 09:21:00','2004-12-23 00:00:00',0),
	(1403,2159,'2009-05-21 09:21:00','2004-12-23 00:00:00',0),
	(1404,2161,'2009-05-21 09:21:00','2004-12-23 00:00:00',0),
	(1405,2163,'2009-05-21 09:21:00','2004-12-23 00:00:00',0),
	(1406,2165,'2009-05-21 09:21:00','2004-12-23 00:00:00',0),
	(1407,2167,'2009-05-21 09:21:00','2004-12-23 00:00:00',0),
	(1408,2169,'2009-05-21 09:21:00','2004-12-23 00:00:00',0),
	(1409,2171,'2009-05-21 09:21:00','2004-12-23 00:00:00',0),
	(1410,2173,'2009-05-21 09:21:00','2004-12-23 00:00:00',0),
	(1411,2175,'2009-05-21 09:21:00','2004-12-23 00:00:00',0),
	(1412,2177,'2009-05-21 09:21:00','2004-12-23 00:00:00',0),
	(1413,2179,'2009-05-21 09:21:00','2004-12-23 00:00:00',0),
	(1414,2181,'2009-05-21 09:21:00','2004-12-23 00:00:00',0),
	(1415,2183,'2009-05-21 09:21:00','2004-12-23 00:00:00',0),
	(1416,2185,'2009-05-21 09:21:00','2004-12-23 00:00:00',0),
	(1417,2187,'2009-05-21 09:21:00','2004-12-23 00:00:00',0),
	(1418,2189,'2009-05-21 09:21:00','2004-12-23 00:00:00',0),
	(1419,2191,'2009-05-21 09:21:00','2004-12-23 00:00:00',0),
	(1420,2193,'2009-05-21 09:21:00','2004-12-23 00:00:00',0),
	(1421,2195,'2009-05-21 09:21:00','2004-12-23 00:00:00',0),
	(1422,2197,'2009-05-21 09:21:00','2004-12-23 00:00:00',0),
	(1423,2199,'2009-05-21 09:21:00','2004-12-23 00:00:00',0),
	(1424,2201,'2009-05-21 09:21:00','2004-12-23 00:00:00',0),
	(1425,2203,'2009-05-21 09:21:00','2004-12-23 00:00:00',0),
	(1426,2205,'2009-05-21 09:21:00','2004-12-23 00:00:00',0),
	(1427,2207,'2009-05-21 09:21:00','2004-12-23 00:00:00',0),
	(1428,2209,'2009-05-21 09:21:00','2004-12-23 00:00:00',0),
	(1429,2211,'2009-05-21 09:21:00','2004-12-23 00:00:00',0),
	(1430,2213,'2009-05-21 09:21:00','2004-12-23 00:00:00',0),
	(1431,2215,'2009-05-21 09:21:00','2004-12-23 00:00:00',0),
	(1432,2217,'2009-05-21 09:21:00','2004-12-23 00:00:00',0),
	(1433,2219,'2009-05-21 09:21:00','2004-12-23 00:00:00',0),
	(1434,2221,'2009-05-21 09:21:00','2004-12-23 00:00:00',0),
	(1435,2223,'2009-05-21 09:21:00','2004-12-23 00:00:00',0),
	(1436,2225,'2009-05-21 09:21:00','2004-12-23 00:00:00',0),
	(1437,2227,'2009-05-21 09:21:00','2004-12-23 00:00:00',0),
	(1438,2229,'2009-05-21 09:21:00','2004-12-23 00:00:00',0),
	(1439,2231,'2009-05-21 09:21:00','2004-12-23 00:00:00',0),
	(1440,2233,'2009-05-21 09:21:00','2004-12-23 00:00:00',0),
	(1441,2235,'2009-05-21 09:21:00','2004-12-23 00:00:00',0),
	(1442,2237,'2009-05-21 09:21:00','2004-12-23 00:00:00',0),
	(1443,2239,'2009-05-21 09:21:00','2004-12-23 00:00:00',0),
	(1444,2241,'2009-05-21 09:21:00','2004-12-23 00:00:00',0),
	(1445,2243,'2009-05-21 09:21:00','2004-12-23 00:00:00',0),
	(1446,2245,'2009-05-21 09:21:00','2004-12-23 00:00:00',0),
	(1447,2247,'2009-05-21 09:21:00','2004-12-23 00:00:00',0),
	(1448,2249,'2009-05-21 09:21:00','2004-12-23 00:00:00',0),
	(1449,2251,'2009-05-21 09:21:00','2004-12-23 00:00:00',0),
	(1450,2253,'2009-05-21 09:21:00','2004-12-23 00:00:00',0),
	(1451,2255,'2009-05-21 09:21:00','2004-12-23 00:00:00',0),
	(1452,2257,'2009-05-21 09:21:00','2004-12-23 00:00:00',0),
	(1453,2259,'2009-05-21 09:21:00','2004-12-23 00:00:00',0),
	(1454,2261,'2009-05-21 09:21:00','2004-12-23 00:00:00',0),
	(1455,2263,'2009-05-21 09:21:00','2004-12-23 00:00:00',0),
	(1456,2265,'2009-05-21 09:21:00','2004-12-23 00:00:00',0),
	(1457,2267,'2009-05-21 09:21:00','2004-12-23 00:00:00',0),
	(1458,2269,'2009-05-21 09:21:00','2004-12-23 00:00:00',0),
	(1459,2271,'2009-05-21 09:21:00','2004-12-23 00:00:00',0),
	(1460,2273,'2009-05-21 09:21:00','2004-12-23 00:00:00',0),
	(1461,2275,'2009-05-21 09:21:00','2004-12-23 00:00:00',0),
	(1462,2277,'2009-05-21 09:21:00','2004-12-23 00:00:00',0),
	(1463,2279,'2009-05-21 09:21:00','2004-12-23 00:00:00',0),
	(1464,2323,'2009-05-21 09:21:00','2004-12-23 00:00:00',0),
	(1465,2325,'2009-05-21 09:21:00','2004-12-23 00:00:00',0),
	(1466,2327,'2009-05-21 09:21:00','2004-12-23 00:00:00',0),
	(1467,2329,'2009-05-21 09:21:00','2004-12-23 00:00:00',0),
	(1468,2367,'2009-05-21 09:21:00','2004-12-23 00:00:00',0),
	(1469,2369,'2009-05-21 09:21:00','2004-12-23 00:00:00',0),
	(1470,2371,'2009-05-21 09:21:00','2004-12-23 00:00:00',0),
	(1471,2373,'2009-05-21 09:21:00','2004-12-23 00:00:00',0),
	(1472,2375,'2009-05-21 09:21:00','2004-12-23 00:00:00',0),
	(1473,2377,'2009-05-21 09:21:00','2004-12-23 00:00:00',0),
	(1474,2379,'2009-05-21 09:21:00','2004-12-23 00:00:00',0),
	(1475,2381,'2009-05-21 09:21:00','2004-12-23 00:00:00',0),
	(1476,2383,'2009-05-21 09:21:00','2004-12-23 00:00:00',0),
	(1477,2385,'2009-05-21 09:21:00','2004-12-23 00:00:00',0),
	(1478,2387,'2009-05-21 09:21:00','2004-12-23 00:00:00',0),
	(1479,2389,'2009-05-21 09:21:00','2004-12-23 00:00:00',0),
	(1480,2391,'2009-05-21 09:21:00','2004-12-23 00:00:00',0),
	(1481,2393,'2009-05-21 09:21:00','2004-12-23 00:00:00',0),
	(1482,2395,'2009-05-21 09:21:00','2004-12-23 00:00:00',0),
	(1483,2397,'2009-05-21 09:21:00','2004-12-23 00:00:00',0),
	(1484,2399,'2009-05-21 09:21:00','2004-12-23 00:00:00',0),
	(1485,2401,'2009-05-21 09:21:00','2004-12-23 00:00:00',0),
	(1486,2403,'2009-05-21 09:21:00','2004-12-23 00:00:00',0),
	(1487,2405,'2009-05-21 09:21:00','2004-12-23 00:00:00',0),
	(1488,2407,'2009-05-21 09:21:00','2004-12-23 00:00:00',0),
	(1489,2409,'2009-05-21 09:21:00','2004-12-23 00:00:00',0),
	(1490,2411,'2009-05-21 09:21:00','2004-12-23 00:00:00',0),
	(1491,2413,'2009-05-21 09:21:00','2004-12-23 00:00:00',0),
	(1492,2415,'2009-05-21 09:21:00','2004-12-23 00:00:00',0),
	(1493,2417,'2009-05-21 09:21:00','2004-12-23 00:00:00',0),
	(1494,2419,'2009-05-21 09:21:00','2004-12-23 00:00:00',0),
	(1495,2421,'2009-05-21 09:21:00','2004-12-23 00:00:00',0),
	(1496,2423,'2009-05-21 09:21:00','2004-12-23 00:00:00',0),
	(1497,2425,'2009-05-21 09:21:00','2004-12-23 00:00:00',0),
	(1498,2427,'2009-05-21 09:21:00','2004-12-23 00:00:00',0),
	(1499,2429,'2009-05-21 09:21:00','2004-12-23 00:00:00',0),
	(1500,2431,'2009-05-21 09:21:00','2004-12-23 00:00:00',0),
	(1501,2433,'2009-05-21 09:21:00','2004-12-23 00:00:00',0),
	(1502,2435,'2009-05-21 09:21:00','2004-12-23 00:00:00',0),
	(1503,2437,'2009-05-21 09:21:00','2004-12-23 00:00:00',0),
	(1504,2439,'2009-05-21 09:21:00','2004-12-23 00:00:00',0),
	(1505,2441,'2009-05-21 09:21:00','2004-12-23 00:00:00',0),
	(1506,2443,'2009-05-21 09:21:00','2004-12-23 00:00:00',0),
	(1507,2445,'2009-05-21 09:21:00','2004-12-23 00:00:00',0),
	(1508,2447,'2009-05-21 09:21:00','2004-12-23 00:00:00',0),
	(1509,2449,'2009-05-21 09:21:00','2004-12-23 00:00:00',0),
	(1510,2451,'2009-05-21 09:21:00','2004-12-23 00:00:00',0),
	(1511,2495,'2009-05-21 09:21:00','1900-01-01 00:00:00',0),
	(1512,2497,'2009-05-21 09:21:00','1900-01-01 00:00:00',0),
	(1513,2499,'2009-05-21 09:21:00','1900-01-01 00:00:00',0),
	(1514,2501,'2009-05-21 09:21:00','1900-01-01 00:00:00',0),
	(1515,2509,'2009-05-21 09:21:00',NULL,0),
	(1516,2539,'2009-05-21 09:21:00','2004-12-23 00:00:00',0),
	(1517,2541,'2009-05-21 09:21:00','2004-12-23 00:00:00',0),
	(1518,2543,'2009-05-21 09:21:00','2004-12-23 00:00:00',0),
	(1519,2545,'2009-05-21 09:21:00','2004-12-23 00:00:00',0),
	(1520,2547,'2009-05-21 09:21:00','2004-12-23 00:00:00',0),
	(1521,2549,'2009-05-21 09:21:00','2004-12-23 00:00:00',0),
	(1522,2551,'2009-05-21 09:21:00','2004-12-23 00:00:00',0),
	(1523,2553,'2009-05-21 09:21:00','2004-12-23 00:00:00',0),
	(1524,2555,'2009-05-21 09:21:00','2004-12-23 00:00:00',0),
	(1525,2557,'2009-05-21 09:21:00','2004-12-23 00:00:00',0),
	(1526,2559,'2009-05-21 09:21:00','2004-12-23 00:00:00',0),
	(1527,2561,'2009-05-21 09:21:00','2004-12-23 00:00:00',0),
	(1528,2563,'2009-05-21 09:21:00','2004-12-23 00:00:00',0),
	(1529,2565,'2009-05-21 09:21:00','2004-12-23 00:00:00',0),
	(1530,2567,'2009-05-21 09:21:00','2004-12-23 00:00:00',0),
	(1531,2569,'2009-05-21 09:21:00','2004-12-23 00:00:00',0),
	(1532,2571,'2009-05-21 09:21:00','2004-12-23 00:00:00',0),
	(1533,2573,'2009-05-21 09:21:00','2004-12-23 00:00:00',0),
	(1534,2575,'2009-05-21 09:21:00','2004-12-23 00:00:00',0),
	(1535,2577,'2009-05-21 09:21:00','2004-12-23 00:00:00',0),
	(1536,2579,'2009-05-21 09:21:00','2004-12-23 00:00:00',0),
	(1537,2581,'2009-05-21 09:21:00','2004-12-23 00:00:00',0),
	(1538,2583,'2009-05-21 09:21:00','2004-12-23 00:00:00',0),
	(1539,2585,'2009-05-21 09:21:00','2004-12-23 00:00:00',0),
	(1540,2587,'2009-05-21 09:21:00','2004-12-23 00:00:00',0),
	(1541,2589,'2009-05-21 09:21:00','2004-12-23 00:00:00',0),
	(1542,2591,'2009-05-21 09:21:00','2004-12-23 00:00:00',0),
	(1543,2593,'2009-05-21 09:21:00','2004-12-23 00:00:00',0),
	(1544,2595,'2009-05-21 09:21:00','2004-12-23 00:00:00',0),
	(1545,2597,'2009-05-21 09:21:00','2004-12-23 00:00:00',0),
	(1546,2599,'2009-05-21 09:21:00','2004-12-23 00:00:00',0),
	(1547,2601,'2009-05-21 09:21:00','2004-12-23 00:00:00',0),
	(1548,2603,'2009-05-21 09:21:00','2004-12-23 00:00:00',0),
	(1549,2605,'2009-05-21 09:21:00','2004-12-23 00:00:00',0),
	(1550,2607,'2009-05-21 09:21:00','2004-12-23 00:00:00',0),
	(1551,2609,'2009-05-21 09:21:00','2004-12-23 00:00:00',0),
	(1552,2611,'2009-05-21 09:21:00','2004-12-23 00:00:00',0),
	(1553,2613,'2009-05-21 09:21:00','2004-12-23 00:00:00',0),
	(1554,2615,'2009-05-21 09:21:00','2004-12-23 00:00:00',0),
	(1555,2617,'2009-05-21 09:21:00','2004-12-23 00:00:00',0),
	(1556,2619,'2009-05-21 09:21:00','2004-12-23 00:00:00',0),
	(1557,2621,'2009-05-21 09:21:00','2004-12-23 00:00:00',0),
	(1558,2623,'2009-05-21 09:21:00','2004-12-23 00:00:00',0),
	(2289,11,'2009-05-21 09:53:00','2006-05-29 00:00:00',1),
	(2291,11,'2009-05-21 09:53:00','2006-05-29 00:00:00',1),
	(2293,11,'2009-05-21 09:53:00','2006-05-29 00:00:00',1),
	(2295,11,'2009-05-21 09:53:00','2006-05-29 00:00:00',1),
	(2297,11,'2009-05-21 09:53:00','2006-05-29 00:00:00',1),
	(2299,11,'2009-05-21 09:53:00','2006-05-29 00:00:00',1),
	(2301,11,'2009-05-21 09:53:00','2006-05-29 00:00:00',1),
	(2303,11,'2009-05-21 09:53:00','2006-05-29 00:00:00',1),
	(2305,11,'2009-05-21 09:53:00','2006-05-29 00:00:00',1),
	(2307,11,'2009-05-21 09:53:00','2006-05-29 00:00:00',1),
	(2309,11,'2009-05-21 09:53:00','2006-05-29 00:00:00',1),
	(2311,11,'2009-05-21 09:53:00','2006-05-29 00:00:00',1),
	(2313,11,'2009-05-21 09:53:00','2006-05-29 00:00:00',1),
	(2315,11,'2009-05-21 09:53:00','2006-05-29 00:00:00',1),
	(2317,11,'2009-05-21 09:53:00','2006-05-29 00:00:00',1),
	(2319,11,'2009-05-21 09:53:00','2006-05-29 00:00:00',1),
	(2321,11,'2009-05-21 09:53:00','2006-05-29 00:00:00',1),
	(2323,11,'2009-05-21 09:53:00','2006-05-29 00:00:00',1),
	(2324,11,'2009-05-21 09:53:00','2006-05-29 00:00:00',1),
	(2325,11,'2009-05-21 09:53:00','2006-05-29 00:00:00',1),
	(2326,11,'2009-05-21 09:53:00','2006-05-29 00:00:00',1),
	(2327,11,'2009-05-21 09:53:00','2006-05-29 00:00:00',1),
	(2328,11,'2009-05-21 09:53:00','2006-05-29 00:00:00',1),
	(2329,11,'2009-05-21 09:53:00','2006-05-29 00:00:00',1),
	(2330,11,'2009-05-21 09:53:00','2006-05-29 00:00:00',1),
	(2332,11,'2009-05-21 09:53:00','2006-05-29 00:00:00',1),
	(2334,11,'2009-05-21 09:53:00','2006-05-29 00:00:00',1),
	(2336,11,'2009-05-21 09:53:00','2006-05-29 00:00:00',1),
	(2338,11,'2009-05-21 09:53:00','2006-05-29 00:00:00',1),
	(2339,11,'2009-05-21 09:53:00','2006-05-29 00:00:00',1),
	(2341,11,'2009-05-21 09:53:00','2006-05-29 00:00:00',1),
	(2343,11,'2009-05-21 09:53:00','2006-05-29 00:00:00',1),
	(2345,11,'2009-05-21 09:53:00','2006-05-29 00:00:00',1),
	(2347,11,'2009-05-21 09:53:00','2006-05-29 00:00:00',1),
	(2349,11,'2009-05-21 09:53:00','2006-05-29 00:00:00',1),
	(2351,11,'2009-05-21 09:53:00','2006-05-29 00:00:00',1),
	(2353,11,'2009-05-21 09:53:00','2006-05-29 00:00:00',1),
	(2355,11,'2009-05-21 09:53:00','2006-05-29 00:00:00',1),
	(2357,11,'2009-05-21 09:53:00','2006-05-29 00:00:00',1),
	(2359,11,'2009-05-21 09:53:00','2006-05-29 00:00:00',1),
	(2361,11,'2009-05-21 09:53:00','2006-05-29 00:00:00',1),
	(2363,11,'2009-05-21 09:53:00','2006-05-29 00:00:00',1),
	(2365,11,'2009-05-21 09:53:00','2006-05-29 00:00:00',1),
	(2367,11,'2009-05-21 09:53:00','2006-05-29 00:00:00',1),
	(2369,11,'2009-05-21 09:53:00','2006-05-29 00:00:00',1),
	(2371,11,'2009-05-21 09:53:00','2006-05-29 00:00:00',1),
	(2373,11,'2009-05-21 09:53:00','2006-05-29 00:00:00',1),
	(2375,11,'2009-05-21 09:53:00','2006-05-29 00:00:00',1),
	(2377,11,'2009-05-21 09:53:00','2006-05-29 00:00:00',1),
	(2379,11,'2009-05-21 09:53:00','2006-05-29 00:00:00',1),
	(2381,11,'2009-05-21 09:53:00','2006-05-29 00:00:00',1),
	(2383,11,'2009-05-21 09:53:00','2006-05-29 00:00:00',1),
	(2385,11,'2009-05-21 09:53:00','2006-05-29 00:00:00',1),
	(2387,11,'2009-05-21 09:53:00','2006-05-29 00:00:00',1),
	(2389,11,'2009-05-21 09:53:00','2006-05-29 00:00:00',1),
	(2391,11,'2009-05-21 09:53:00','2006-05-29 00:00:00',1),
	(2393,11,'2009-05-21 09:53:00','2006-05-29 00:00:00',1),
	(2395,11,'2009-05-21 09:53:00','2006-05-29 00:00:00',1),
	(2397,11,'2009-05-21 09:53:00','2006-05-29 00:00:00',1),
	(2399,11,'2009-05-21 09:53:00','2006-05-29 00:00:00',1),
	(2401,11,'2009-05-21 09:53:00','2006-05-29 00:00:00',1),
	(2403,11,'2009-05-21 09:53:00','2006-05-29 00:00:00',1),
	(2405,11,'2009-05-21 09:53:00','2006-05-29 00:00:00',1),
	(2407,11,'2009-05-21 09:53:00','2006-05-29 00:00:00',1),
	(2409,11,'2009-05-21 09:53:00','2006-05-29 00:00:00',1),
	(2411,11,'2009-05-21 09:53:00','2006-05-29 00:00:00',1),
	(2413,11,'2009-05-21 09:53:00','2006-05-29 00:00:00',1),
	(2415,11,'2009-05-21 09:53:00','2006-05-29 00:00:00',1),
	(2417,11,'2009-05-21 09:53:00','2006-05-29 00:00:00',1),
	(2419,11,'2009-05-21 09:53:00','2006-05-29 00:00:00',1),
	(2421,11,'2009-05-21 09:53:00','2006-05-29 00:00:00',1),
	(2423,11,'2009-05-21 09:53:00','2006-05-29 00:00:00',1),
	(2425,11,'2009-05-21 09:53:00','2006-05-29 00:00:00',1),
	(2427,11,'2009-05-21 09:53:00','2006-05-29 00:00:00',1),
	(2429,11,'2009-05-21 09:53:00','2006-05-29 00:00:00',1),
	(2431,11,'2009-05-21 09:53:00','2006-05-29 00:00:00',1),
	(2433,11,'2009-05-21 09:53:00','2006-05-29 00:00:00',1),
	(2435,11,'2009-05-21 09:53:00','2006-05-29 00:00:00',1),
	(2437,11,'2009-05-21 09:53:00','2006-05-29 00:00:00',1),
	(2439,11,'2009-05-21 09:53:00','2006-05-29 00:00:00',1),
	(2441,11,'2009-05-21 09:53:00','2006-05-29 00:00:00',1),
	(2443,11,'2009-05-21 09:53:00','2006-05-29 00:00:00',1),
	(2445,11,'2009-05-21 09:53:00','2006-05-29 00:00:00',1),
	(2447,11,'2009-05-21 09:53:00','2006-05-29 00:00:00',1),
	(2449,11,'2009-05-21 09:53:00','2006-05-29 00:00:00',1),
	(2451,11,'2009-05-21 09:53:00','2006-05-29 00:00:00',1),
	(2539,11,'2009-05-21 09:54:00','2006-05-29 00:00:00',1),
	(2541,11,'2009-05-21 09:54:00','2006-05-29 00:00:00',1),
	(2543,11,'2009-05-21 09:54:00','2006-05-29 00:00:00',1),
	(2545,11,'2009-05-21 09:54:00','2006-05-29 00:00:00',1),
	(2547,11,'2009-05-21 09:54:00','2006-05-29 00:00:00',1),
	(2549,11,'2009-05-21 09:54:00','2006-05-29 00:00:00',1),
	(2551,11,'2009-05-21 09:54:00','2006-05-29 00:00:00',1),
	(2553,11,'2009-05-21 09:54:00','2006-05-29 00:00:00',1),
	(2555,11,'2009-05-21 09:54:00','2006-05-29 00:00:00',1),
	(2557,11,'2009-05-21 09:54:00','2006-05-29 00:00:00',1),
	(2559,11,'2009-05-21 09:54:00','2006-05-29 00:00:00',1),
	(2561,11,'2009-05-21 09:54:00','2006-05-29 00:00:00',1),
	(2563,11,'2009-05-21 09:54:00','2006-05-29 00:00:00',1),
	(2565,11,'2009-05-21 09:54:00','2006-05-29 00:00:00',1),
	(2567,11,'2009-05-21 09:54:00','2006-05-29 00:00:00',1),
	(2569,11,'2009-05-21 09:54:00','2006-05-29 00:00:00',1),
	(2571,11,'2009-05-21 09:54:00','2006-05-29 00:00:00',1),
	(2573,11,'2009-05-21 09:54:00','2006-05-29 00:00:00',1),
	(2575,11,'2009-05-21 09:54:00','2006-05-29 00:00:00',1),
	(2577,11,'2009-05-21 09:54:00','2006-05-29 00:00:00',1),
	(2579,11,'2009-05-21 09:54:00','2006-05-29 00:00:00',1),
	(2581,11,'2009-05-21 09:54:00','2006-05-29 00:00:00',1),
	(2583,11,'2009-05-21 09:54:00','2006-05-29 00:00:00',1),
	(2585,11,'2009-05-21 09:54:00','2006-05-29 00:00:00',1),
	(2587,11,'2009-05-21 09:54:00','2006-05-29 00:00:00',1),
	(2589,11,'2009-05-21 09:54:00','2006-05-29 00:00:00',1),
	(2591,11,'2009-05-21 09:54:00','2006-05-29 00:00:00',1),
	(2593,11,'2009-05-21 09:54:00','2006-05-29 00:00:00',1),
	(2595,11,'2009-05-21 09:54:00','2006-05-29 00:00:00',1),
	(2597,11,'2009-05-21 09:54:00','2006-05-29 00:00:00',1),
	(2599,11,'2009-05-21 09:54:00','2006-05-29 00:00:00',1),
	(2601,11,'2009-05-21 09:54:00','2006-05-29 00:00:00',1),
	(2603,11,'2009-05-21 09:54:00','2006-05-29 00:00:00',1),
	(2605,11,'2009-05-21 09:54:00','2006-05-29 00:00:00',1),
	(2607,11,'2009-05-21 09:54:00','2006-05-29 00:00:00',1),
	(2609,11,'2009-05-21 09:54:00','2006-05-29 00:00:00',1),
	(2611,11,'2009-05-21 09:54:00','2006-05-29 00:00:00',1),
	(2613,11,'2009-05-21 09:54:00','2006-05-29 00:00:00',1),
	(2615,11,'2009-05-21 09:54:00','2006-05-29 00:00:00',1),
	(2617,11,'2009-05-21 09:54:00','2006-05-29 00:00:00',1),
	(2619,11,'2009-05-21 09:54:00','2006-05-29 00:00:00',1),
	(2621,11,'2009-05-21 09:54:00','2006-05-29 00:00:00',1),
	(2623,11,'2009-05-21 09:54:00','2006-05-29 00:00:00',1),
	(2625,11,'2009-05-21 09:54:00','2006-05-29 00:00:00',1),
	(2627,11,'2009-05-21 09:54:00','2006-05-29 00:00:00',1),
	(2629,11,'2009-05-21 09:54:00','2006-05-29 00:00:00',1),
	(2631,11,'2009-05-21 09:54:00','2006-05-29 00:00:00',1),
	(2633,11,'2009-05-21 09:54:00','2006-05-29 00:00:00',1),
	(2635,11,'2009-05-21 09:54:00','2006-05-29 00:00:00',1),
	(2637,11,'2009-05-21 09:54:00','2006-05-29 00:00:00',1),
	(2639,11,'2009-05-21 09:54:00','2006-05-29 00:00:00',1),
	(2641,11,'2009-05-21 09:54:00','2006-05-29 00:00:00',1),
	(2643,11,'2009-05-21 09:54:00','2006-05-29 00:00:00',1),
	(2645,11,'2009-05-21 09:54:00','2006-05-29 00:00:00',1),
	(2647,11,'2009-05-21 09:54:00','2006-05-29 00:00:00',1),
	(2649,11,'2009-05-21 09:54:00','2006-05-29 00:00:00',1),
	(2651,11,'2009-05-21 09:54:00','2006-05-29 00:00:00',1),
	(2653,11,'2009-05-21 09:54:00','2006-05-29 00:00:00',1),
	(2655,11,'2009-05-21 09:54:00','2006-05-29 00:00:00',1),
	(2657,11,'2009-05-21 09:54:00','2006-05-29 00:00:00',1),
	(2659,11,'2009-05-21 09:54:00','2006-05-29 00:00:00',1),
	(2661,11,'2009-05-21 09:54:00','2006-05-29 00:00:00',1),
	(2663,11,'2009-05-21 09:54:00','2006-05-29 00:00:00',1),
	(2665,11,'2009-05-21 09:54:00','2006-05-29 00:00:00',1),
	(2667,11,'2009-05-21 09:54:00','2006-05-29 00:00:00',1),
	(2669,11,'2009-05-21 09:54:00','2006-05-29 00:00:00',1),
	(2671,11,'2009-05-21 09:54:00','2006-05-29 00:00:00',1),
	(2673,11,'2009-05-21 09:54:00','2006-05-29 00:00:00',1),
	(2675,11,'2009-05-21 09:54:00','2006-05-29 00:00:00',1),
	(2677,11,'2009-05-21 09:54:00','2006-05-29 00:00:00',1),
	(2679,11,'2009-05-21 09:54:00','2006-05-29 00:00:00',1),
	(2681,11,'2009-05-21 09:54:00','2006-05-29 00:00:00',1),
	(2683,11,'2009-05-21 09:54:00','2006-05-29 00:00:00',1),
	(2685,11,'2009-05-21 09:54:00','2006-05-29 00:00:00',1),
	(2687,11,'2009-05-21 09:54:00','2006-05-29 00:00:00',1),
	(2689,11,'2009-05-21 09:54:00','2006-05-29 00:00:00',1),
	(2691,11,'2009-05-21 09:54:00','2006-05-29 00:00:00',1),
	(2693,11,'2009-05-21 09:54:00','2006-05-29 00:00:00',1),
	(2695,11,'2009-05-21 09:54:00','2006-05-29 00:00:00',1),
	(2697,11,'2009-05-21 09:54:00','2006-05-29 00:00:00',1),
	(2699,11,'2009-05-21 09:54:00','2006-05-29 00:00:00',1),
	(2701,11,'2009-05-21 09:54:00','2006-05-29 00:00:00',1),
	(2703,11,'2009-05-21 09:54:00','2006-05-29 00:00:00',1),
	(2705,11,'2009-05-21 09:54:00','2006-05-29 00:00:00',1),
	(2707,11,'2009-05-21 09:54:00','2006-05-29 00:00:00',1),
	(2709,11,'2009-05-21 09:54:00','2006-05-29 00:00:00',1),
	(2711,11,'2009-05-21 09:54:00','2006-05-29 00:00:00',1),
	(2713,11,'2009-05-21 09:54:00','2006-05-29 00:00:00',1),
	(2715,11,'2009-05-21 09:54:00','2006-05-29 00:00:00',1),
	(2717,11,'2009-05-21 09:54:00','2006-05-29 00:00:00',1),
	(2719,11,'2009-05-21 09:54:00','2006-05-29 00:00:00',1),
	(2721,11,'2009-05-21 09:54:00','2006-05-29 00:00:00',1),
	(2723,11,'2009-05-21 09:54:00','2006-05-29 00:00:00',1),
	(2725,11,'2009-05-21 09:54:00','2006-05-29 00:00:00',1),
	(2727,11,'2009-05-21 09:54:00','2006-05-29 00:00:00',1),
	(2729,11,'2009-05-21 09:54:00','2006-05-29 00:00:00',1),
	(2731,11,'2009-05-21 09:54:00','2006-05-29 00:00:00',1),
	(2733,11,'2009-05-21 09:54:00','2006-05-29 00:00:00',1),
	(2735,11,'2009-05-21 09:54:00','2006-05-29 00:00:00',1),
	(2737,11,'2009-05-21 09:54:00','2006-05-29 00:00:00',1),
	(2739,11,'2009-05-21 09:54:00','2006-05-29 00:00:00',1),
	(2741,11,'2009-05-21 09:54:00','2006-05-29 00:00:00',1),
	(2743,11,'2009-05-21 09:54:00','2006-05-29 00:00:00',1),
	(2745,11,'2009-05-21 09:54:00','2006-05-29 00:00:00',1),
	(2747,11,'2009-05-21 09:54:00','2006-05-29 00:00:00',1),
	(2749,11,'2009-05-21 09:54:00','2006-05-29 00:00:00',1),
	(2751,11,'2009-05-21 09:54:00','2006-05-29 00:00:00',1),
	(2753,11,'2009-05-21 09:54:00','2006-05-29 00:00:00',1),
	(2755,11,'2009-05-21 09:54:00','2006-05-29 00:00:00',1),
	(2757,11,'2009-05-21 09:54:00','2006-05-29 00:00:00',1),
	(2759,11,'2009-05-21 09:54:00','2006-05-29 00:00:00',1),
	(2761,11,'2009-05-21 09:54:00','2006-05-29 00:00:00',1),
	(2763,11,'2009-05-21 09:54:00','2006-05-29 00:00:00',1),
	(2765,11,'2009-05-21 09:54:00','2006-05-29 00:00:00',1),
	(2767,11,'2009-05-21 09:54:00','2006-05-29 00:00:00',1),
	(2769,11,'2009-05-21 09:54:00','2006-05-29 00:00:00',1),
	(2771,11,'2009-05-21 09:54:00','2006-05-29 00:00:00',1),
	(2773,11,'2009-05-21 09:54:00','2006-05-29 00:00:00',1),
	(2775,11,'2009-05-21 09:54:00','2006-05-29 00:00:00',1),
	(2777,11,'2009-05-21 09:54:00','2006-05-29 00:00:00',1),
	(2779,11,'2009-05-21 09:54:00','2006-05-29 00:00:00',1),
	(2781,11,'2009-05-21 09:54:00','2006-05-29 00:00:00',1),
	(2783,11,'2009-05-21 09:54:00','2006-05-29 00:00:00',1),
	(2785,11,'2009-05-21 09:54:00','2006-05-29 00:00:00',1),
	(2787,11,'2009-05-21 09:54:00','2006-05-29 00:00:00',1),
	(2789,11,'2009-05-21 09:54:00','2006-05-29 00:00:00',1),
	(2791,11,'2009-05-21 09:54:00','2006-05-29 00:00:00',1),
	(2793,11,'2009-05-21 09:54:00','2006-05-29 00:00:00',1),
	(2795,11,'2009-05-21 09:54:00','2006-05-29 00:00:00',1),
	(2797,11,'2009-05-21 09:54:00','2006-05-29 00:00:00',1),
	(2799,11,'2009-05-21 09:54:00','2006-05-29 00:00:00',1),
	(2801,11,'2009-05-21 09:54:00','2006-05-29 00:00:00',1),
	(2803,11,'2009-05-21 09:54:00','2006-05-29 00:00:00',1),
	(2805,11,'2009-05-21 09:54:00','2006-05-29 00:00:00',1),
	(2807,11,'2009-05-21 09:54:00','2006-05-29 00:00:00',1),
	(2809,11,'2009-05-21 09:54:00','2006-05-29 00:00:00',1),
	(2811,11,'2009-05-21 09:54:00','2006-05-29 00:00:00',1),
	(2813,11,'2009-05-21 09:54:00','2006-05-29 00:00:00',1),
	(2815,11,'2009-05-21 09:54:00','2006-05-29 00:00:00',1),
	(2817,11,'2009-05-21 09:54:00','2006-05-29 00:00:00',1),
	(2819,11,'2009-05-21 09:54:00','2006-05-29 00:00:00',1),
	(2821,11,'2009-05-21 09:54:00','2006-05-29 00:00:00',1),
	(2823,11,'2009-05-21 09:54:00','2006-05-29 00:00:00',1),
	(2825,11,'2009-05-21 09:54:00','2006-05-29 00:00:00',1),
	(2827,11,'2009-05-21 09:54:00','2006-05-29 00:00:00',1),
	(2829,11,'2009-05-21 09:54:00','2006-05-29 00:00:00',1),
	(2831,11,'2009-05-21 09:54:00','2006-05-29 00:00:00',1),
	(2833,11,'2009-05-21 09:54:00','2006-05-29 00:00:00',1),
	(2835,11,'2009-05-21 09:54:00','2006-05-29 00:00:00',1),
	(2837,11,'2009-05-21 09:54:00','2006-05-29 00:00:00',1),
	(2839,11,'2009-05-21 09:54:00','2006-05-29 00:00:00',1),
	(2841,11,'2009-05-21 09:54:00','2006-05-29 00:00:00',1),
	(2843,11,'2009-05-21 09:54:00','2006-05-29 00:00:00',1),
	(2845,11,'2009-05-21 09:54:00','2006-05-29 00:00:00',1),
	(2847,11,'2009-05-21 09:54:00','2006-05-29 00:00:00',1),
	(2849,11,'2009-05-21 09:54:00','2006-05-29 00:00:00',1),
	(2851,11,'2009-05-21 09:54:00','2006-05-29 00:00:00',1),
	(2853,11,'2009-05-21 09:54:00','2006-05-29 00:00:00',1),
	(2855,11,'2009-05-21 09:54:00','2006-05-29 00:00:00',1),
	(2857,11,'2009-05-21 09:54:00','2006-05-29 00:00:00',1),
	(2859,11,'2009-05-21 09:54:00','2006-05-29 00:00:00',1),
	(2861,11,'2009-05-21 09:54:00','2006-05-29 00:00:00',1),
	(2863,11,'2009-05-21 09:54:00','2006-05-29 00:00:00',1),
	(2865,11,'2009-05-21 09:54:00','2006-05-29 00:00:00',1),
	(2867,11,'2009-05-21 09:54:00','2006-05-29 00:00:00',1),
	(2869,11,'2009-05-21 09:54:00','2006-05-29 00:00:00',1),
	(2871,11,'2009-05-21 09:54:00','2006-05-29 00:00:00',1),
	(2873,11,'2009-05-21 09:54:00','2006-05-29 00:00:00',1),
	(2875,11,'2009-05-21 09:54:00','2006-05-29 00:00:00',1),
	(2877,11,'2009-05-21 09:54:00','2006-05-29 00:00:00',1),
	(2879,11,'2009-05-21 09:54:00','2006-05-29 00:00:00',1),
	(2881,11,'2009-05-21 09:54:00','2006-05-29 00:00:00',1),
	(2883,11,'2009-05-21 09:54:00','2006-05-29 00:00:00',1),
	(2885,11,'2009-05-21 09:54:00','2006-05-29 00:00:00',1),
	(2887,11,'2009-05-21 09:54:00','2006-05-29 00:00:00',1),
	(2889,11,'2009-05-21 09:54:00','2006-05-29 00:00:00',1),
	(2891,11,'2009-05-21 09:54:00','2006-05-29 00:00:00',1),
	(2893,11,'2009-05-21 09:54:00','2006-05-29 00:00:00',1),
	(2895,11,'2009-05-21 09:54:00','2006-05-29 00:00:00',1),
	(2897,11,'2009-05-21 09:54:00','2006-05-29 00:00:00',1),
	(2899,11,'2009-05-21 09:54:00','2006-05-29 00:00:00',1),
	(2901,11,'2009-05-21 09:54:00','2006-05-29 00:00:00',1),
	(2903,11,'2009-05-21 09:54:00','2006-05-29 00:00:00',1),
	(2905,11,'2009-05-21 09:54:00','2006-05-29 00:00:00',1),
	(2907,11,'2009-05-21 09:54:00','2006-05-29 00:00:00',1),
	(2909,11,'2009-05-21 09:54:00','2006-05-29 00:00:00',1),
	(2911,11,'2009-05-21 09:54:00','2006-05-29 00:00:00',1),
	(2913,11,'2009-05-21 09:54:00','2006-05-29 00:00:00',1),
	(2915,11,'2009-05-21 09:54:00','2006-05-29 00:00:00',1),
	(2917,11,'2009-05-21 09:54:00','2006-05-29 00:00:00',1),
	(2919,11,'2009-05-21 09:54:00','2006-05-29 00:00:00',1),
	(2921,11,'2009-05-21 09:54:00','2006-05-29 00:00:00',1),
	(2923,11,'2009-05-21 09:54:00','2006-05-29 00:00:00',1),
	(2925,11,'2009-05-21 09:54:00','2006-05-29 00:00:00',1),
	(2927,11,'2009-05-21 09:54:00','2006-05-29 00:00:00',1),
	(2929,11,'2009-05-21 09:54:00','2006-05-29 00:00:00',1),
	(2931,11,'2009-05-21 09:54:00','2006-05-29 00:00:00',1),
	(2933,11,'2009-05-21 09:54:00','2006-05-29 00:00:00',1),
	(2935,11,'2009-05-21 09:54:00','2006-05-29 00:00:00',1),
	(2937,11,'2009-05-21 09:54:00','2006-05-29 00:00:00',1),
	(2939,11,'2009-05-21 09:54:00','2006-05-29 00:00:00',1),
	(2941,11,'2009-05-21 09:54:00','2006-05-29 00:00:00',1),
	(2943,11,'2009-05-21 09:54:00','2006-05-29 00:00:00',1),
	(2945,11,'2009-05-21 09:54:00','2006-05-29 00:00:00',1),
	(2947,11,'2009-05-21 09:54:00','2006-05-29 00:00:00',1),
	(2949,11,'2009-05-21 09:54:00','2006-05-29 00:00:00',1),
	(2951,11,'2009-05-21 09:54:00','2006-05-29 00:00:00',1),
	(2953,11,'2009-05-21 09:54:00','2006-05-29 00:00:00',1),
	(2955,11,'2009-05-21 09:54:00','2006-05-29 00:00:00',1),
	(2957,11,'2009-05-21 09:54:00','2006-05-29 00:00:00',1),
	(2959,11,'2009-05-21 09:54:00','2006-05-29 00:00:00',1),
	(2961,11,'2009-05-21 09:54:00','2006-05-29 00:00:00',1),
	(2963,11,'2009-05-21 09:54:00','2006-05-29 00:00:00',1),
	(2965,11,'2009-05-21 09:54:00','2006-05-29 00:00:00',1),
	(2967,11,'2009-05-21 09:54:00','2006-05-29 00:00:00',1),
	(2969,11,'2009-05-21 09:54:00','2006-05-29 00:00:00',1),
	(2971,11,'2009-05-21 09:54:00','2006-05-29 00:00:00',1),
	(2973,11,'2009-05-21 09:54:00','2006-05-29 00:00:00',1),
	(2975,11,'2009-05-21 09:54:00','2006-05-29 00:00:00',1),
	(2977,11,'2009-05-21 09:54:00','2006-05-29 00:00:00',1),
	(2979,11,'2009-05-21 09:54:00','2006-05-29 00:00:00',1),
	(2981,11,'2009-05-21 09:54:00','2006-05-29 00:00:00',1),
	(2983,11,'2009-05-21 09:54:00','2006-05-29 00:00:00',1),
	(2985,11,'2009-05-21 09:54:00','2006-05-29 00:00:00',1),
	(2987,11,'2009-05-21 09:54:00','2006-05-29 00:00:00',1),
	(2989,11,'2009-05-21 09:54:00','2006-05-29 00:00:00',1),
	(2991,11,'2009-05-21 09:54:00','2006-05-29 00:00:00',1),
	(2993,11,'2009-05-21 09:54:00','2006-05-29 00:00:00',1),
	(2995,11,'2009-05-21 09:54:00','2006-05-29 00:00:00',1),
	(2997,11,'2009-05-21 09:54:00','2006-05-29 00:00:00',1),
	(2999,11,'2009-05-21 09:54:00','2006-05-29 00:00:00',1),
	(3001,11,'2009-05-21 09:54:00','2006-05-29 00:00:00',1),
	(3003,11,'2009-05-21 09:54:00','2006-05-29 00:00:00',1),
	(3005,11,'2009-05-21 09:54:00','2006-05-29 00:00:00',1),
	(3007,11,'2009-05-21 09:54:00','2006-05-29 00:00:00',1),
	(3009,11,'2009-05-21 09:54:00','2006-05-29 00:00:00',1),
	(3011,11,'2009-05-21 09:54:00','2006-05-29 00:00:00',1),
	(3013,11,'2009-05-21 09:54:00','2006-05-29 00:00:00',1),
	(3015,11,'2009-05-21 09:54:00','2006-05-29 00:00:00',1),
	(3017,11,'2009-05-21 09:54:00','2006-05-29 00:00:00',1),
	(3019,11,'2009-05-21 09:54:00','2006-05-29 00:00:00',1),
	(3021,11,'2009-05-21 09:54:00','2006-05-29 00:00:00',1),
	(3023,11,'2009-05-21 09:54:00','2006-05-29 00:00:00',1),
	(3025,11,'2009-05-21 09:54:00','2006-05-29 00:00:00',1),
	(3027,11,'2009-05-21 09:54:00','2006-05-29 00:00:00',1),
	(3029,11,'2009-05-21 09:54:00','2006-05-29 00:00:00',1),
	(3031,11,'2009-05-21 09:54:00','2006-05-29 00:00:00',1),
	(3033,11,'2009-05-21 09:54:00','2006-05-29 00:00:00',1),
	(3035,11,'2009-05-21 09:54:00','2006-05-29 00:00:00',1),
	(3037,11,'2009-05-21 09:54:00','2006-05-29 00:00:00',1),
	(3039,11,'2009-05-21 09:54:00','2006-05-29 00:00:00',1),
	(3041,11,'2009-05-21 09:54:00','2006-05-29 00:00:00',1),
	(3043,11,'2009-05-21 09:54:00','2006-05-29 00:00:00',1),
	(3045,11,'2009-05-21 09:54:00','2006-05-29 00:00:00',1),
	(3047,11,'2009-05-21 09:54:00','2006-05-29 00:00:00',1),
	(3049,11,'2009-05-21 09:54:00','2006-05-29 00:00:00',1),
	(3051,11,'2009-05-21 09:54:00','2006-05-29 00:00:00',1),
	(3053,11,'2009-05-21 09:54:00','2006-05-29 00:00:00',1),
	(3055,11,'2009-05-21 09:54:00','2006-05-29 00:00:00',1),
	(3057,11,'2009-05-21 09:54:00','2006-05-29 00:00:00',1),
	(3059,11,'2009-05-21 09:54:00','2006-05-29 00:00:00',1),
	(3061,11,'2009-05-21 09:54:00','2006-05-29 00:00:00',1),
	(3063,11,'2009-05-21 09:54:00','2006-05-29 00:00:00',1),
	(3065,11,'2009-05-21 09:54:00','2006-05-29 00:00:00',1),
	(3067,11,'2009-05-21 09:54:00','2006-05-29 00:00:00',1),
	(3069,11,'2009-05-21 09:54:00','2006-05-29 00:00:00',1),
	(3071,11,'2009-05-21 09:54:00','2006-05-29 00:00:00',1),
	(3073,11,'2009-05-21 09:54:00','2006-05-29 00:00:00',1),
	(3075,11,'2009-05-21 09:54:00','2006-05-29 00:00:00',1),
	(3077,11,'2009-05-21 09:54:00','2006-05-29 00:00:00',1),
	(3079,11,'2009-05-21 09:54:00','2006-05-29 00:00:00',1),
	(3081,11,'2009-05-21 09:54:00','2006-05-29 00:00:00',1),
	(3083,11,'2009-05-21 09:54:00','2006-05-29 00:00:00',1),
	(3085,11,'2009-05-21 09:54:00','2006-05-29 00:00:00',1),
	(3087,11,'2009-05-21 09:54:00','2006-05-29 00:00:00',1),
	(3089,11,'2009-05-21 09:54:00','2006-05-29 00:00:00',1),
	(3091,11,'2009-05-21 09:54:00','2006-05-29 00:00:00',1),
	(3093,11,'2009-05-21 09:54:00','2006-05-29 00:00:00',1),
	(3095,11,'2009-05-21 09:54:00','2006-05-29 00:00:00',1),
	(3097,11,'2009-05-21 09:54:00','2006-05-29 00:00:00',1),
	(3099,11,'2009-05-21 09:54:00','2006-05-29 00:00:00',1),
	(3101,11,'2009-05-21 09:54:00','2006-05-29 00:00:00',1),
	(3103,11,'2009-05-21 09:54:00','2006-05-29 00:00:00',1),
	(3105,11,'2009-05-21 09:54:00','2006-05-29 00:00:00',1),
	(3107,11,'2009-05-21 09:54:00','2006-05-29 00:00:00',1),
	(3109,11,'2009-05-21 09:54:00','2006-05-29 00:00:00',1),
	(3111,11,'2009-05-21 09:54:00','2006-05-29 00:00:00',1),
	(3113,11,'2009-05-21 09:54:00','2006-05-29 00:00:00',1),
	(3115,11,'2009-05-21 09:54:00','2006-05-29 00:00:00',1),
	(3117,11,'2009-05-21 09:54:00','2006-05-29 00:00:00',1),
	(3119,11,'2009-05-21 09:54:00','2006-05-29 00:00:00',1),
	(3121,11,'2009-05-21 09:54:00','2006-05-29 00:00:00',1),
	(3123,11,'2009-05-21 09:54:00','2006-05-29 00:00:00',1),
	(3125,11,'2009-05-21 09:54:00','2006-05-29 00:00:00',1),
	(3127,11,'2009-05-21 09:54:00','2006-05-29 00:00:00',1),
	(3129,11,'2009-05-21 09:54:00','2006-05-29 00:00:00',1),
	(3131,11,'2009-05-21 09:54:00','2006-05-29 00:00:00',1),
	(3133,11,'2009-05-21 09:54:00','2006-05-29 00:00:00',1),
	(3135,11,'2009-05-21 09:54:00','2006-05-29 00:00:00',1),
	(3137,11,'2009-05-21 09:54:00','2006-05-29 00:00:00',1),
	(3139,11,'2009-05-21 09:54:00','2006-05-29 00:00:00',1),
	(3141,11,'2009-05-21 09:54:00','2006-05-29 00:00:00',1),
	(3143,11,'2009-05-21 09:54:00','2006-05-29 00:00:00',1),
	(3145,11,'2009-05-21 09:54:00','2006-05-29 00:00:00',1),
	(3147,11,'2009-05-21 09:54:00','2006-05-29 00:00:00',1),
	(3149,11,'2009-05-21 09:54:00','2006-05-29 00:00:00',1),
	(3151,11,'2009-05-21 09:54:00','2006-05-29 00:00:00',1),
	(3153,11,'2009-05-21 09:54:00','2006-05-29 00:00:00',1),
	(3155,11,'2009-05-21 09:54:00','2006-05-29 00:00:00',1),
	(3157,11,'2009-05-21 09:54:00','2006-05-29 00:00:00',1),
	(3159,11,'2009-05-21 09:54:00','2006-05-29 00:00:00',1),
	(3161,11,'2009-05-21 09:54:00','2006-05-29 00:00:00',1),
	(3163,11,'2009-05-21 09:54:00','2006-05-29 00:00:00',1),
	(3165,11,'2009-05-21 09:54:00','2006-05-29 00:00:00',1),
	(3167,11,'2009-05-21 09:54:00','2006-05-29 00:00:00',1),
	(3169,11,'2009-05-21 09:54:00','2006-05-29 00:00:00',1),
	(3171,11,'2009-05-21 09:54:00','2006-05-29 00:00:00',1),
	(3173,11,'2009-05-21 09:54:00','2006-05-29 00:00:00',1),
	(3175,11,'2009-05-21 09:54:00','2006-05-29 00:00:00',1),
	(3177,11,'2009-05-21 09:54:00','2006-05-29 00:00:00',1),
	(3179,11,'2009-05-21 09:54:00','2006-05-29 00:00:00',1),
	(3181,11,'2009-05-21 09:54:00','2006-05-29 00:00:00',1),
	(3183,11,'2009-05-21 09:54:00','2006-05-29 00:00:00',1),
	(3185,11,'2009-05-21 09:54:00','2006-05-29 00:00:00',1),
	(3187,11,'2009-05-21 09:54:00','2006-05-29 00:00:00',1),
	(3189,11,'2009-05-21 09:54:00','2006-05-29 00:00:00',1),
	(3191,11,'2009-05-21 09:54:00','2006-05-29 00:00:00',1),
	(3193,11,'2009-05-21 09:54:00','2006-05-29 00:00:00',1),
	(3195,11,'2009-05-21 09:54:00','2006-05-29 00:00:00',1),
	(3197,11,'2009-05-21 09:54:00','2006-05-29 00:00:00',1),
	(3199,11,'2009-05-21 09:54:00','2006-05-29 00:00:00',1),
	(3201,11,'2009-05-21 09:54:00','2006-05-29 00:00:00',1),
	(3203,11,'2009-05-21 09:54:00','2006-05-29 00:00:00',1),
	(3205,11,'2009-05-21 09:54:00','2006-05-29 00:00:00',1),
	(3207,11,'2009-05-21 09:54:00','2006-05-29 00:00:00',1),
	(3209,11,'2009-05-21 09:54:00','2006-05-29 00:00:00',1),
	(3211,11,'2009-05-21 09:54:00','2006-05-29 00:00:00',1),
	(3213,11,'2009-05-21 09:54:00','2006-05-29 00:00:00',1),
	(3215,11,'2009-05-21 09:54:00','2006-05-29 00:00:00',1),
	(3217,11,'2009-05-21 09:54:00','2006-05-29 00:00:00',1),
	(3219,11,'2009-05-21 09:54:00','2006-05-29 00:00:00',1),
	(3221,11,'2009-05-21 09:54:00','2006-05-29 00:00:00',1),
	(3223,11,'2009-05-21 09:54:00','2006-05-29 00:00:00',1),
	(3225,11,'2009-05-21 09:54:00','2006-05-29 00:00:00',1),
	(3227,11,'2009-05-21 09:54:00','2006-05-29 00:00:00',1),
	(3229,11,'2009-05-21 09:54:00','2006-05-29 00:00:00',1),
	(3231,11,'2009-05-21 09:54:00','2006-05-29 00:00:00',1),
	(3233,11,'2009-05-21 09:54:00','2006-05-29 00:00:00',1),
	(3235,11,'2009-05-21 09:54:00','2006-05-29 00:00:00',1),
	(3237,11,'2009-05-21 09:54:00','2006-05-29 00:00:00',1),
	(3239,11,'2009-05-21 09:54:00','2006-05-29 00:00:00',1),
	(3241,11,'2009-05-21 09:54:00','2006-05-29 00:00:00',1),
	(3243,11,'2009-05-21 09:54:00','2006-05-29 00:00:00',1),
	(3245,11,'2009-05-21 09:54:00','2006-05-29 00:00:00',1),
	(3247,11,'2009-05-21 09:54:00','2006-05-29 00:00:00',1),
	(3249,11,'2009-05-21 09:54:00','2006-05-29 00:00:00',1),
	(3251,11,'2009-05-21 09:54:00','2006-05-29 00:00:00',1),
	(3253,11,'2009-05-21 09:54:00','2006-05-29 00:00:00',1),
	(3255,11,'2009-05-21 09:54:00','2006-05-29 00:00:00',1),
	(3257,11,'2009-05-21 09:54:00','2006-05-29 00:00:00',1),
	(3259,11,'2009-05-21 09:54:00','2006-05-29 00:00:00',1),
	(3261,11,'2009-05-21 09:54:00','2006-05-29 00:00:00',1),
	(3263,11,'2009-05-21 09:54:00','2006-05-29 00:00:00',1),
	(3265,11,'2009-05-21 09:54:00','2006-05-29 00:00:00',1),
	(3267,11,'2009-05-21 09:54:00','2006-05-29 00:00:00',1),
	(3269,11,'2009-05-21 09:54:00','2006-05-29 00:00:00',1),
	(3271,11,'2009-05-21 09:54:00','2006-05-29 00:00:00',1),
	(3273,11,'2009-05-21 09:54:00','2006-05-29 00:00:00',1),
	(3275,11,'2009-05-21 09:54:00','2006-05-29 00:00:00',1),
	(3277,11,'2009-05-21 09:54:00','2006-05-29 00:00:00',1),
	(3279,11,'2009-05-21 09:54:00','2006-05-29 00:00:00',1),
	(3281,11,'2009-05-21 09:54:00','2006-05-29 00:00:00',1),
	(3283,11,'2009-05-21 09:54:00','2006-05-29 00:00:00',1),
	(3285,11,'2009-05-21 09:54:00','2006-05-29 00:00:00',1),
	(3287,11,'2009-05-21 09:54:00','2006-05-29 00:00:00',1),
	(3289,11,'2009-05-21 09:54:00','2006-05-29 00:00:00',1),
	(3291,11,'2009-05-21 09:54:00','2006-05-29 00:00:00',1),
	(3293,11,'2009-05-21 09:54:00','2006-05-29 00:00:00',1),
	(3295,11,'2009-05-21 09:54:00','2006-05-29 00:00:00',1),
	(3297,11,'2009-05-21 09:54:00','2006-05-29 00:00:00',1),
	(3299,11,'2009-05-21 09:54:00','2006-05-29 00:00:00',1),
	(3301,11,'2009-05-21 09:54:00','2006-05-29 00:00:00',1),
	(3303,11,'2009-05-21 09:54:00','2006-05-29 00:00:00',1),
	(3305,11,'2009-05-21 09:54:00','2006-05-29 00:00:00',1),
	(3307,11,'2009-05-21 09:54:00','2006-05-29 00:00:00',1),
	(3309,11,'2009-05-21 09:54:00','2006-05-29 00:00:00',1),
	(3311,11,'2009-05-21 09:54:00','2006-05-29 00:00:00',1),
	(3355,11,'2009-05-21 09:54:00','2006-05-29 00:00:00',0),
	(3357,11,'2009-05-21 09:54:00','2006-05-29 00:00:00',0),
	(3359,11,'2009-05-21 09:54:00','2006-05-29 00:00:00',0),
	(3361,11,'2009-05-21 09:54:00','2006-05-29 00:00:00',0),
	(3441,11,'2009-05-21 09:54:00','1900-01-01 00:00:00',1),
	(3443,11,'2009-05-21 09:54:00','1900-01-01 00:00:00',1),
	(3445,11,'2009-05-21 09:54:00','1900-01-01 00:00:00',1),
	(3447,11,'2009-05-21 09:54:00','1900-01-01 00:00:00',1),
	(3455,11,'2009-05-21 09:54:00',NULL,1),
	(3485,11,'2009-05-21 09:54:00','2006-05-29 00:00:00',1),
	(3487,11,'2009-05-21 09:54:00','2006-05-29 00:00:00',1),
	(3489,11,'2009-05-21 09:54:00','2006-05-29 00:00:00',1),
	(3491,11,'2009-05-21 09:54:00','2006-05-29 00:00:00',1),
	(3493,11,'2009-05-21 09:54:00','2006-05-29 00:00:00',1),
	(3495,11,'2009-05-21 09:54:00','2006-05-29 00:00:00',1),
	(3497,11,'2009-05-21 09:54:00','2006-05-29 00:00:00',1),
	(3499,11,'2009-05-21 09:54:00','2006-05-29 00:00:00',1),
	(3501,11,'2009-05-21 09:54:00','2006-05-29 00:00:00',1),
	(3503,11,'2009-05-21 09:54:00','2006-05-29 00:00:00',1),
	(3505,11,'2009-05-21 09:54:00','2006-05-29 00:00:00',1),
	(3507,11,'2009-05-21 09:54:00','2006-05-29 00:00:00',1),
	(3509,11,'2009-05-21 09:54:00','2006-05-29 00:00:00',1),
	(3511,11,'2009-05-21 09:54:00','2006-05-29 00:00:00',1),
	(3513,11,'2009-05-21 09:54:00','2006-05-29 00:00:00',1),
	(3515,11,'2009-05-21 09:54:00','2006-05-29 00:00:00',1),
	(3517,11,'2009-05-21 09:54:00','2006-05-29 00:00:00',1),
	(3519,11,'2009-05-21 09:54:00','2006-05-29 00:00:00',1),
	(3521,11,'2009-05-21 09:54:00','2006-05-29 00:00:00',1),
	(3523,11,'2009-05-21 09:54:00','2006-05-29 00:00:00',1),
	(3525,11,'2009-05-21 09:54:00','2006-05-29 00:00:00',1),
	(3527,11,'2009-05-21 09:54:00','2006-05-29 00:00:00',1),
	(3529,11,'2009-05-21 09:54:00','2006-05-29 00:00:00',1),
	(3531,11,'2009-05-21 09:54:00','2006-05-29 00:00:00',1),
	(3533,11,'2009-05-21 09:54:00','2006-05-29 00:00:00',1),
	(3535,11,'2009-05-21 09:54:00','2006-05-29 00:00:00',1),
	(3537,11,'2009-05-21 09:54:00','2006-05-29 00:00:00',1),
	(3539,11,'2009-05-21 09:54:00','2006-05-29 00:00:00',1),
	(3541,11,'2009-05-21 09:54:00','2006-05-29 00:00:00',1),
	(3543,11,'2009-05-21 09:54:00','2006-05-29 00:00:00',1),
	(3545,11,'2009-05-21 09:54:00','2006-05-29 00:00:00',1),
	(3547,11,'2009-05-21 09:54:00','2006-05-29 00:00:00',1),
	(3549,11,'2009-05-21 09:54:00','2006-05-29 00:00:00',1),
	(3551,11,'2009-05-21 09:54:00','2006-05-29 00:00:00',1),
	(3553,11,'2009-05-21 09:54:00','2006-05-29 00:00:00',1),
	(3555,11,'2009-05-21 09:54:00','2006-05-29 00:00:00',1),
	(3557,11,'2009-05-21 09:54:00','2006-05-29 00:00:00',1),
	(3559,11,'2009-05-21 09:54:00','2006-05-29 00:00:00',1),
	(3561,11,'2009-05-21 09:54:00','2006-05-29 00:00:00',1),
	(3563,11,'2009-05-21 09:54:00','2006-05-29 00:00:00',1),
	(3565,11,'2009-05-21 09:54:00','2006-05-29 00:00:00',1),
	(3567,11,'2009-05-21 09:54:00','2006-05-29 00:00:00',1),
	(3569,11,'2009-05-21 09:54:00','2006-05-29 00:00:00',1),
	(3571,11,'2009-05-21 09:54:00','2006-05-29 00:00:00',1),
	(3573,11,'2009-05-21 09:54:00','2006-05-29 00:00:00',1),
	(3575,11,'2009-05-21 09:54:00','2006-05-29 00:00:00',1),
	(3577,11,'2009-05-21 09:54:00','2006-05-29 00:00:00',1),
	(3579,11,'2009-05-21 09:54:00','2006-05-29 00:00:00',1),
	(3581,11,'2009-05-21 09:54:00','2006-05-29 00:00:00',1),
	(3583,11,'2009-05-21 09:54:00','2006-05-29 00:00:00',1),
	(3585,11,'2009-05-21 09:54:00','2006-05-29 00:00:00',1),
	(3587,11,'2009-05-21 09:54:00','2006-05-29 00:00:00',1),
	(3589,11,'2009-05-21 09:54:00','2006-05-29 00:00:00',1),
	(3591,11,'2009-05-21 09:54:00','2006-05-29 00:00:00',1),
	(3593,11,'2009-05-21 09:54:00','2006-05-29 00:00:00',1),
	(3595,11,'2009-05-21 09:54:00','2006-05-29 00:00:00',1),
	(3597,11,'2009-05-21 09:54:00','2006-05-29 00:00:00',1),
	(3599,11,'2009-05-21 09:54:00','2006-05-29 00:00:00',1),
	(3601,11,'2009-05-21 09:54:00','2006-05-29 00:00:00',1),
	(3603,11,'2009-05-21 09:54:00','2006-05-29 00:00:00',1),
	(3605,11,'2009-05-21 09:54:00','2006-05-29 00:00:00',1),
	(3607,11,'2009-05-21 09:54:00','2006-05-29 00:00:00',1),
	(3609,11,'2009-05-21 09:54:00','2006-05-29 00:00:00',1),
	(3611,11,'2009-05-21 09:54:00','2006-05-29 00:00:00',1),
	(3613,11,'2009-05-21 09:54:00','2006-05-29 00:00:00',1),
	(3615,11,'2009-05-21 09:54:00','2006-05-29 00:00:00',1),
	(3617,11,'2009-05-21 09:54:00','2006-05-29 00:00:00',1),
	(3619,11,'2009-05-21 09:54:00','2006-05-29 00:00:00',1),
	(3621,11,'2009-05-21 09:54:00','2006-05-29 00:00:00',1),
	(3623,11,'2009-05-21 09:54:00','2006-05-29 00:00:00',1),
	(3625,11,'2009-05-21 09:54:00','2006-05-29 00:00:00',1),
	(3627,11,'2009-05-21 09:54:00','2006-05-29 00:00:00',1),
	(3629,11,'2009-05-21 09:54:00','2006-05-29 00:00:00',1),
	(3631,11,'2009-05-21 09:54:00','2006-05-29 00:00:00',1),
	(3633,11,'2009-05-21 09:54:00','2006-05-29 00:00:00',1),
	(3635,11,'2009-05-21 09:54:00','2006-05-29 00:00:00',1),
	(3637,11,'2009-05-21 09:54:00','2006-05-29 00:00:00',1),
	(3639,11,'2009-05-21 09:54:00','2006-05-29 00:00:00',1),
	(3641,11,'2009-05-21 09:54:00','2006-05-29 00:00:00',1),
	(3643,11,'2009-05-21 09:54:00','2006-05-29 00:00:00',1),
	(3645,11,'2009-05-21 09:54:00','2006-05-29 00:00:00',1),
	(3647,11,'2009-05-21 09:54:00','2006-05-29 00:00:00',1),
	(3649,11,'2009-05-21 09:54:00','2006-05-29 00:00:00',1),
	(3651,11,'2009-05-21 09:54:00','2006-05-29 00:00:00',1),
	(3653,11,'2009-05-21 09:54:00','2006-05-29 00:00:00',1),
	(3655,11,'2009-05-21 09:54:00','2006-05-29 00:00:00',1),
	(3657,11,'2009-05-21 09:54:00','2006-05-29 00:00:00',1),
	(3659,11,'2009-05-21 09:54:00','2006-05-29 00:00:00',1),
	(3661,11,'2009-05-21 09:54:00','2006-05-29 00:00:00',1),
	(3663,11,'2009-05-21 09:54:00','2006-05-29 00:00:00',1),
	(3665,11,'2009-05-21 09:54:00','2006-05-29 00:00:00',1),
	(3667,11,'2009-05-21 09:54:00','2006-05-29 00:00:00',1),
	(3669,11,'2009-05-21 09:54:00','2006-05-29 00:00:00',1),
	(3671,11,'2009-05-21 09:54:00','2006-05-29 00:00:00',1),
	(3673,11,'2009-05-21 09:54:00','2006-05-29 00:00:00',1),
	(3675,11,'2009-05-21 09:54:00','2006-05-29 00:00:00',1),
	(3677,11,'2009-05-21 09:54:00','2006-05-29 00:00:00',1),
	(3679,11,'2009-05-21 09:54:00','2006-05-29 00:00:00',1),
	(3681,11,'2009-05-21 09:54:00','2006-05-29 00:00:00',1),
	(3683,11,'2009-05-21 09:54:00','2006-05-29 00:00:00',1),
	(3685,11,'2009-05-21 09:54:00','2006-05-29 00:00:00',1),
	(3687,11,'2009-05-21 09:54:00','2006-05-29 00:00:00',1),
	(3689,11,'2009-05-21 09:54:00','2006-05-29 00:00:00',1),
	(3691,11,'2009-05-21 09:54:00','2006-05-29 00:00:00',1),
	(3693,11,'2009-05-21 09:54:00','2006-05-29 00:00:00',1),
	(3695,11,'2009-05-21 09:54:00','2006-05-29 00:00:00',1),
	(3697,11,'2009-05-21 09:54:00','2006-05-29 00:00:00',1),
	(3699,11,'2009-05-21 09:54:00','2006-05-29 00:00:00',1),
	(3701,11,'2009-05-21 09:54:00','2006-05-29 00:00:00',1),
	(3703,11,'2009-05-21 09:54:00','2006-05-29 00:00:00',1),
	(3705,11,'2009-05-21 09:54:00','2006-05-29 00:00:00',1),
	(3707,11,'2009-05-21 09:54:00','2006-05-29 00:00:00',1),
	(3709,11,'2009-05-21 09:54:00','2006-05-29 00:00:00',1),
	(3711,11,'2009-05-21 09:54:00','2006-05-29 00:00:00',1),
	(3713,11,'2009-05-21 09:54:00','2006-05-29 00:00:00',1),
	(3715,11,'2009-05-21 09:54:00','2006-05-29 00:00:00',1),
	(3717,11,'2009-05-21 09:54:00','2006-05-29 00:00:00',1),
	(3719,11,'2009-05-21 09:54:00','2006-05-29 00:00:00',1),
	(3721,11,'2009-05-21 09:54:00','2006-05-29 00:00:00',1),
	(3723,11,'2009-05-21 09:54:00','2006-05-29 00:00:00',1),
	(3725,11,'2009-05-21 09:54:00','2006-05-29 00:00:00',1),
	(3727,11,'2009-05-21 09:54:00','2006-05-29 00:00:00',1),
	(3729,11,'2009-05-21 09:55:00','2006-05-29 00:00:00',1),
	(3731,11,'2009-05-21 09:55:00','2006-05-29 00:00:00',1),
	(3733,11,'2009-05-21 09:55:00','2006-05-29 00:00:00',1),
	(3735,11,'2009-05-21 09:55:00','2006-05-29 00:00:00',1),
	(3737,11,'2009-05-21 09:55:00','2006-05-29 00:00:00',1),
	(3739,11,'2009-05-21 09:55:00','2006-05-29 00:00:00',1),
	(3741,11,'2009-05-21 09:55:00','2006-05-29 00:00:00',1),
	(3742,2624,'2009-06-16 15:29:00','2009-06-01 00:00:00',1),
	(3743,2625,'2009-06-16 15:36:00','2009-06-05 00:00:00',257),
	(3744,2626,'2009-07-02 15:36:00','2009-06-23 00:00:00',4),
	(3745,705,'2009-07-02 15:39:00','2009-06-29 00:00:00',1),
	(3746,640,'2009-07-02 15:40:00','2009-06-30 00:00:00',111),
	(3747,2627,'2009-07-02 15:41:00','2009-07-01 00:00:00',54),
	(3748,2628,'2009-07-02 15:50:00','2009-07-01 00:00:00',1),
	(3749,2629,'2009-08-07 09:13:00','2009-07-23 00:00:00',34),
	(3750,2630,'2009-08-07 09:16:00','2009-07-31 00:00:00',16),
	(3751,2631,'2009-08-07 09:18:00','2009-08-06 00:00:00',47),
	(3752,2631,'2009-08-31 15:54:00','2009-08-12 00:00:00',38),
	(3753,2631,'2009-08-13 13:56:00','2009-08-13 00:00:00',20),
	(3754,2632,'2009-09-23 16:04:00','2009-08-24 00:00:00',197),
	(3755,882,'2009-09-23 16:09:00','2009-09-17 00:00:00',19),
	(3756,799,'2009-09-23 16:10:00','2009-09-17 00:00:00',54),
	(3757,2633,'2009-09-23 16:13:00','2009-09-17 00:00:00',83),
	(3758,261,'2009-09-23 16:14:00','2009-09-17 00:00:00',127),
	(3759,75,'2009-09-18 09:36:00','2009-09-16 00:00:00',103),
	(3760,455,'2009-09-23 08:39:00','2009-09-23 00:00:00',71),
	(3761,2634,'2009-10-08 14:06:00','2009-09-25 00:00:00',1),
	(3762,2635,'2009-10-09 16:03:00','2009-10-08 00:00:00',226),
	(3763,2636,'2009-10-09 16:05:00','2009-10-08 00:00:00',226),
	(3764,2637,'2009-10-09 16:07:00','2009-10-08 00:00:00',226),
	(3765,2638,'2009-10-09 16:08:00','2009-10-08 00:00:00',226),
	(3766,2639,'2009-10-09 16:08:00','2009-10-08 00:00:00',226),
	(3767,46,'2009-11-06 15:49:00','2009-10-15 00:00:00',2039),
	(3768,2640,'2009-11-06 15:50:00','2009-10-15 00:00:00',4),
	(3769,2641,'2009-11-06 15:51:00','2009-10-15 00:00:00',1),
	(3770,2642,'2009-11-06 15:53:00','2009-10-15 00:00:00',76),
	(3771,476,'2009-11-06 15:54:00','2009-10-15 00:00:00',3),
	(3772,2643,'2011-05-24 10:10:09','2009-10-21 00:00:00',2),
	(3773,46,'2009-11-06 15:45:00','2009-11-05 00:00:00',539),
	(3774,2644,'2009-11-24 15:10:00','2009-11-07 00:00:00',61),
	(3775,2645,'2009-11-09 10:25:00','2009-11-07 00:00:00',61),
	(3776,46,'2009-11-24 15:12:00','2009-11-10 00:00:00',17),
	(3777,2646,'2010-01-28 09:04:00','2010-01-04 00:00:00',839),
	(3778,2646,'2010-01-28 08:56:00','2009-12-24 00:00:00',730),
	(3779,268,'2010-01-28 08:59:00','2010-01-12 00:00:00',2),
	(3780,2647,'2010-01-28 08:57:00','2009-12-31 00:00:00',180),
	(3781,2648,'2010-02-11 08:31:00','2010-02-04 00:00:00',42),
	(3782,2649,'2010-02-25 15:35:00','2010-02-24 00:00:00',120),
	(3783,2650,'2010-02-25 15:27:00','2010-02-24 00:00:00',310),
	(3784,2651,'2010-03-11 15:56:50','2010-03-11 15:56:50',1),
	(3785,2652,'2010-03-15 15:56:51','2010-03-15 15:56:51',526),
	(3786,2653,'2010-03-15 16:45:36','2010-03-15 16:28:38',10),
	(3787,2654,'2010-03-29 11:03:45','2010-03-08 00:00:00',34),
	(3788,2655,'2010-03-29 13:35:46','2010-03-12 00:00:00',189),
	(3789,2656,'2010-03-29 13:43:43','2010-03-19 00:00:00',1),
	(3790,2652,'2010-04-28 13:22:24','2010-04-09 00:00:00',79),
	(3791,2657,'2010-05-12 10:33:50','2010-05-04 00:00:00',1),
	(3792,799,'2010-05-12 10:29:58','2010-05-04 00:00:00',205),
	(3793,2658,'2010-05-20 08:43:18','2010-05-10 00:00:00',277),
	(3794,2659,'2010-05-20 08:45:38','2010-05-17 00:00:00',133),
	(3795,2660,'2010-05-20 11:48:19','2010-05-20 00:00:00',1),
	(3796,656,'2010-06-16 10:58:22','2010-06-03 00:00:00',471),
	(3797,674,'2010-06-15 15:57:33','2010-06-10 00:00:00',15),
	(3798,2661,'2010-06-16 11:00:26','2010-06-09 00:00:00',80),
	(3799,2662,'2010-06-22 16:04:10','2010-06-22 00:00:00',61),
	(3800,2663,'2010-06-22 15:55:55','2010-04-15 00:00:00',1240),
	(3801,2664,'2010-07-07 15:06:16','2010-05-05 00:00:00',1),
	(3802,2665,'2010-07-21 10:53:21','2010-07-13 00:00:00',1),
	(3803,2665,'2010-07-21 10:52:20','2010-07-13 00:00:00',1),
	(3804,2665,'2010-07-21 10:48:37','2010-07-13 00:00:00',1),
	(3805,2654,'2010-07-19 11:45:29','2010-05-25 00:00:00',14),
	(3806,668,'2010-08-06 16:18:38','2010-08-02 00:00:00',34),
	(3807,2666,'2010-08-06 16:19:51','2010-08-03 00:00:00',617),
	(3808,2667,'2010-08-06 16:16:45','2010-07-26 00:00:00',144),
	(3809,2668,'2010-08-18 16:09:56','2010-08-13 00:00:00',30),
	(3810,476,'2010-10-27 11:34:30','2010-08-20 00:00:00',75),
	(3811,2669,'2010-09-02 12:10:31','2010-09-02 00:00:00',1),
	(3812,2670,'2010-10-18 13:00:40','2010-07-12 00:00:00',567),
	(3813,2671,'2010-09-30 13:26:49','2010-08-20 00:00:00',747),
	(3814,2672,'2010-09-30 13:28:50','2010-09-10 00:00:00',372),
	(3815,2673,'2010-09-30 13:24:24','2010-09-13 00:00:00',1),
	(3816,2674,'2010-09-30 13:28:35','2010-09-09 00:00:00',376),
	(3817,691,'2011-03-07 09:37:31','2010-09-22 00:00:00',444),
	(3818,261,'2010-09-30 09:49:50','2010-09-30 00:00:00',127),
	(3819,2675,'2011-02-07 13:29:23','2010-10-01 00:00:00',284),
	(3820,261,'2010-10-06 13:03:51','2010-10-06 00:00:00',248),
	(3821,2676,'2010-10-27 13:14:19','2010-10-20 00:00:00',1),
	(3822,2677,'2010-10-28 10:28:49','2010-10-20 00:00:00',854),
	(3823,0,'2010-10-25 12:43:12','0000-00-00 00:00:00',0),
	(3824,476,'2010-10-27 13:17:31','2010-10-27 00:00:00',75),
	(3825,467,'2010-11-12 15:45:46','2010-10-28 00:00:00',168),
	(3826,2678,'2010-12-23 15:08:01','2010-11-17 00:00:00',15),
	(3827,2679,'2010-12-23 15:09:24','2010-11-17 00:00:00',23),
	(3828,2680,'2010-12-23 15:12:30','2010-12-08 00:00:00',3),
	(3829,584,'2010-12-23 15:15:12','2010-12-22 00:00:00',1),
	(3830,2647,'2011-01-19 15:47:09','2010-12-31 00:00:00',165),
	(3831,2681,'2011-01-19 15:48:27','2011-01-14 00:00:00',31),
	(3832,2682,'2011-01-19 15:49:14','2011-01-14 00:00:00',121),
	(3833,2683,'2011-01-18 11:46:26','2011-01-18 00:00:00',1),
	(3834,2684,'2011-01-19 15:50:42','2011-01-18 00:00:00',6),
	(3835,584,'2011-02-08 12:29:34','2011-01-20 00:00:00',7),
	(3836,2685,'2011-02-07 13:33:42','2011-01-20 00:00:00',106),
	(3837,2686,'2011-02-07 13:35:01','2011-01-21 00:00:00',367),
	(3838,2687,'2011-02-07 13:35:47','2011-02-01 00:00:00',2),
	(3839,2688,'2011-02-07 13:37:13','2011-02-04 00:00:00',28),
	(3840,2689,'2011-02-07 13:38:00','2011-02-07 00:00:00',48),
	(3841,2690,'2011-02-28 14:38:25','2011-02-14 00:00:00',130),
	(3842,2691,'2011-02-28 14:43:06','2011-02-28 00:00:00',91),
	(3843,2692,'2011-03-08 14:46:43','2011-03-02 00:00:00',374),
	(3844,2693,'2011-03-24 14:52:15','2011-03-09 00:00:00',1),
	(3845,2694,'2011-03-24 14:54:12','2011-03-09 00:00:00',1),
	(3846,2695,'2011-03-24 14:59:02','2011-03-09 00:00:00',495),
	(3847,2696,'2011-03-24 15:00:15','2011-03-18 00:00:00',94),
	(3848,2697,'2011-03-21 12:01:13','2011-03-18 00:00:00',152),
	(3849,2698,'2011-03-24 15:11:43','2011-03-21 00:00:00',10),
	(3850,584,'2011-03-24 15:13:08','2011-03-23 00:00:00',6),
	(3851,2699,'2011-05-24 10:32:43','2011-03-30 00:00:00',291),
	(3852,2700,'2011-05-24 10:34:01','2011-04-01 00:00:00',347),
	(3853,2701,'2011-05-24 10:35:13','2011-04-06 00:00:00',34),
	(3854,2702,'2011-05-24 10:36:15','2011-04-06 00:00:00',2),
	(3855,2703,'2011-05-24 10:37:03','2011-04-06 00:00:00',1),
	(3856,584,'2011-05-24 10:38:14','2011-04-28 00:00:00',5),
	(3857,2704,'2011-05-24 10:38:54','2011-05-02 00:00:00',32),
	(3858,584,'2011-05-24 10:37:32','2011-05-06 00:00:00',4),
	(3859,2705,'2011-05-24 10:40:18','2011-05-06 00:00:00',2),
	(3860,2706,'2011-05-06 12:56:58','2011-05-06 00:00:00',1),
	(3861,2707,'2011-05-13 12:02:27','2011-05-13 00:00:00',1),
	(3862,2708,'2011-05-18 12:20:52','2011-05-18 00:00:00',1),
	(3863,2709,'2011-05-18 12:21:42','2011-05-18 00:00:00',1),
	(3864,2710,'2011-08-18 13:24:50','2011-05-31 00:00:00',1),
	(3865,2711,'2011-08-18 15:20:44','2011-06-09 00:00:00',1),
	(3866,2712,'2011-08-18 15:22:34','2011-07-13 00:00:00',26),
	(3867,2713,'2011-08-18 15:25:39','2011-07-20 00:00:00',1),
	(3868,2714,'2011-08-18 15:26:52','2011-07-20 00:00:00',1),
	(3869,2715,'2011-08-04 14:29:51','2011-08-04 00:00:00',1),
	(3870,2715,'2011-08-08 15:58:55','2011-08-08 00:00:00',1),
	(3871,2716,'2011-08-23 09:25:42','2011-08-23 00:00:00',1),
	(3872,2717,'2011-08-23 09:32:33','2011-08-23 00:00:00',1),
	(3873,2718,'2011-08-29 12:30:00','2011-08-29 00:00:00',1),
	(3874,2719,'2011-11-01 11:39:10','2011-09-02 00:00:00',120),
	(3875,2720,'2011-11-01 11:40:01','2011-10-19 00:00:00',925),
	(3876,2721,'2011-10-20 11:58:12','2011-10-20 00:00:00',1),
	(3877,2722,'2011-10-20 12:05:44','2011-10-20 00:00:00',4),
	(3878,2723,'2011-11-01 11:50:18','2011-10-20 00:00:00',7),
	(3879,584,'2011-11-22 15:45:54','2011-11-22 00:00:00',19),
	(3880,2724,'2011-11-22 15:42:47','2011-11-08 00:00:00',43),
	(3881,2725,'2011-11-22 15:43:55','2011-11-17 00:00:00',116),
	(3882,2726,'2011-12-05 10:52:17','2011-11-17 00:00:00',35),
	(3883,2727,'2011-12-14 14:42:16','2011-12-01 00:00:00',1914),
	(3884,2670,'2012-03-05 12:39:35','2011-12-01 00:00:00',708),
	(3885,2728,'2012-01-05 09:29:02','2012-01-04 00:00:00',6),
	(3886,2729,'2012-01-20 13:47:23','2012-01-13 00:00:00',1),
	(3887,2730,'2012-02-16 15:15:30','0000-00-00 00:00:00',0),
	(3888,2731,'2012-03-05 12:46:52','2012-02-16 00:00:00',2),
	(3889,2732,'2012-03-29 10:57:40','2012-03-12 00:00:00',103),
	(3890,584,'2012-03-29 10:50:10','2012-03-19 00:00:00',115),
	(3891,384,'2012-03-29 10:48:05','2011-01-31 00:00:00',233),
	(3892,2647,'2012-03-29 10:49:09','2011-01-31 00:00:00',232),
	(3893,2647,'2012-03-29 10:50:27','2011-12-31 00:00:00',233),
	(3894,384,'2012-03-29 11:09:24','2011-12-31 00:00:00',233),
	(3895,2647,'2012-03-29 11:06:36','2011-12-31 00:00:00',232),
	(3896,295,'2012-05-25 13:05:53','2012-05-25 00:00:00',1),
	(3897,2733,'2012-07-12 13:03:16','2012-05-31 00:00:00',1),
	(3898,2734,'2012-07-12 13:09:32','2012-06-05 00:00:00',1),
	(3899,2735,'2012-07-12 13:10:26','2012-06-15 00:00:00',152),
	(3900,2736,'2012-07-12 13:11:17','2012-07-03 00:00:00',1),
	(3901,2737,'2012-10-10 15:49:44','2012-07-17 00:00:00',264),
	(3902,2738,'2012-10-10 15:52:49','2012-07-16 00:00:00',2),
	(3903,2739,'2013-03-21 16:47:16','2012-07-16 00:00:00',1828),
	(3904,2740,'2012-10-10 15:55:35','2012-08-14 00:00:00',1),
	(3905,2738,'2012-10-10 15:43:04','2012-08-13 00:00:00',2),
	(3906,2741,'2012-10-10 15:59:50','2012-08-28 00:00:00',238),
	(3907,2742,'2012-09-12 12:10:50','2012-09-12 00:00:00',4),
	(3908,2743,'2012-10-10 16:05:01','2012-09-14 00:00:00',1),
	(3909,2744,'2012-10-10 16:07:32','2012-09-17 00:00:00',187),
	(3910,2745,'2012-10-10 16:09:50','2012-10-01 00:00:00',2),
	(3911,2746,'2012-10-10 16:12:49','2012-10-09 00:00:00',156),
	(3912,2747,'2012-10-30 11:39:52','2012-09-12 00:00:00',100),
	(3913,2748,'2012-10-30 12:47:18','2012-10-12 00:00:00',447),
	(3914,2745,'2012-11-06 11:45:33','2012-11-06 00:00:00',1),
	(3915,584,'2012-11-08 12:30:13','2012-10-11 00:00:00',5027),
	(3916,2717,'2012-12-03 14:32:25','2012-12-03 00:00:00',1),
	(3917,2749,'2013-01-04 12:57:30','2013-01-04 00:00:00',3),
	(3918,2750,'2013-03-08 09:59:30','2013-01-03 00:00:00',651),
	(3919,2751,'2013-01-10 13:09:02','2012-11-09 00:00:00',759),
	(3920,610,'2013-03-08 15:01:28','2013-02-11 00:00:00',1),
	(3921,2752,'2013-03-07 16:03:05','2013-03-05 00:00:00',596),
	(3922,2753,'2013-03-29 11:33:19','2013-03-26 00:00:00',1),
	(3923,2754,'2013-03-29 11:34:32','2013-03-27 00:00:00',3),
	(3924,384,'2013-03-29 11:22:38','2012-12-31 00:00:00',326),
	(3925,2647,'2013-03-29 11:29:16','2012-12-31 00:00:00',333),
	(3926,2755,'2013-04-08 13:01:22','2013-03-29 00:00:00',277),
	(3927,2756,'2013-04-22 10:41:32','2013-04-20 00:00:00',130);

/*!40000 ALTER TABLE `tbl_donorgifts` ENABLE KEYS */;
UNLOCK TABLES;


# Dump of table tbl_donorinfo
# ------------------------------------------------------------

DROP TABLE IF EXISTS `tbl_donorinfo`;

CREATE TABLE `tbl_donorinfo` (
  `donorID` int(10) NOT NULL auto_increment,
  `titleID` int(10) default NULL,
  `FirstName` varchar(255) default NULL,
  `LastName` varchar(255) default NULL,
  `Address1` varchar(255) default NULL,
  `Address2` varchar(255) default NULL,
  `City` varchar(50) default NULL,
  `State` varchar(50) default NULL,
  `PostalCode` varchar(50) default NULL,
  `phone` varchar(50) default NULL,
  `email` varchar(100) default NULL,
  PRIMARY KEY  (`donorID`),
  KEY `FK_tbl_donorInfo_tbl_donorTitle_LKUP1` (`titleID`)
) ENGINE=MyISAM DEFAULT CHARSET=latin1;

LOCK TABLES `tbl_donorinfo` WRITE;
/*!40000 ALTER TABLE `tbl_donorinfo` DISABLE KEYS */;

INSERT INTO `tbl_donorinfo` (`donorID`, `titleID`, `FirstName`, `LastName`, `Address1`, `Address2`, `City`, `State`, `PostalCode`, `phone`, `email`)
VALUES
	(1,4,'Susan','Kumkang Buddhist College Library','Interna\'tl. Academy of Santa Barbara','800 Garden St., Suite D','Santa Barbara','CA','93101-1552',NULL,NULL),
	(2,4,'Marion','Gottesfeld','2000 E. 12th Ave., #15N',NULL,'Denver','CO                  ','80206',NULL,NULL),
	(3,6,'Luc','Beaudoin','Dept. of Languages & Literatures',NULL,NULL,NULL,NULL,NULL,NULL),
	(4,6,'Eric','Arnold','2463 S. Kirkwood Ct.','','Denver','CO','80222','',''),
	(5,3,'John','Boettcher','3780 S. Huron St.',NULL,'Englewood','CO                  ','80110',NULL,NULL),
	(7,5,'Karen','Berland','1171 Forest Ave.',NULL,'Denver','CO                  ','80220',NULL,NULL),
	(10,NULL,NULL,'Newcomen Society','412 Newcomen Rd.',NULL,'Exton','PA                  ','19341',NULL,NULL),
	(11,2,'AbdulAziz Ibn Fahd Ibn','AbdulAziz','Special Advisor to H.M. King Fahd','whatever)','Jeddah','Saudi Arabia        ','','',''),
	(12,5,'Adnan A.','Al-Yafi','P.O. Box 14431',NULL,'Jeddah 21424','Saudi Arabia        ',NULL,NULL,NULL),
	(13,1,'Giuseppe','Angelone','Via Caravaggio, #2',NULL,'86170 Tsernia','Italy               ',NULL,NULL,NULL),
	(14,1,'Aaron','Anstett','c/o New Rivers Press','420 Fifth St. North, Suite 910','Minneapolis','MN                  ','55401',NULL,NULL),
	(17,1,'Robert C.','Austin','P.O. Box 1000',NULL,'Laguna Beach','CA                  ','92652',NULL,NULL),
	(18,4,'Ruth','Barsch','2500 S. Fillmore St.',NULL,'Denver','CO                  ','80210',NULL,NULL),
	(20,4,'Jan','Bennett','10370 E. Lake Dr.',NULL,'Englewood','CO                  ','80111',NULL,NULL),
	(21,4,'Varasek Varadhammo','Bhikku','8910 S. Kingery Hwy.',NULL,'Hinsdale','IL                  ','60521',NULL,NULL),
	(22,4,'Ann','Black','School of Accountancy','Daniels College of Business',NULL,NULL,NULL,NULL,NULL),
	(23,1,'Edward','Boodaghian','2370 E. Evans Ave.  #212',NULL,'Denver','CO                  ','80210',NULL,NULL),
	(24,1,'James','Bridges','3641 E. Easter Circle N',NULL,'Littleton','CO                  ','80122',NULL,NULL),
	(26,5,'John','Burnett','Daniels College of Business, Room 490','2101 S. University Blvd.','Denver','CO','80218','(303) 871-2168','jburnett@du.edu'),
	(27,5,'Mike','Carlson','2159 S. Scranton Way',NULL,'Aurora','CO                  ','80014',NULL,NULL),
	(28,1,'Antonio','Carreno','Brown University',NULL,'Providence','RI                  ','02912',NULL,NULL),
	(29,4,'Lise','Catalucci','P.O. Box 455',NULL,'Pine','CO                  ','80470',NULL,NULL),
	(30,1,'James F.','Cole','2008 W. Caley Pl.',NULL,'Littleton','CO                  ','80120',NULL,NULL),
	(31,6,'Ron','Delyser','Department of Engineering','Clarence M. Knudson Hall #212',NULL,NULL,NULL,NULL,NULL),
	(32,4,'Doryann','Duncan','2510 S. Washington',NULL,'Denver','CO                  ','80210',NULL,NULL),
	(33,1,'Rex','Dunivent','564 E. Nova Ave.',NULL,'Littleton','CO                  ','80122',NULL,NULL),
	(35,12,'Tom','Farer','Graduate School of International Studies','Ben Cherrington Hall',NULL,NULL,NULL,NULL,NULL),
	(36,4,'Larissa J.','Fedyk','11246 San Joaquin Ridge',NULL,'Littleton','CO                  ','80126',NULL,NULL),
	(38,1,'Mike','Foster','2928 Kendrick St.',NULL,'Golden','CO                  ','80401',NULL,NULL),
	(39,1,'John','Getty','7475 E. Davies Ct.',NULL,'Englewood','CO                  ','80112',NULL,NULL),
	(40,11,'Daniel','Goldberger','1617 Xavier St.',NULL,'Denver','CO                  ','80204',NULL,NULL),
	(41,5,'James R.','Griesemer','Daniels College of Business','Rm. 671',NULL,NULL,NULL,NULL,NULL),
	(42,1,'Anthony','Herrera','3540 S. Washington  #306',NULL,'Englewood','CO                  ','80110',NULL,NULL),
	(43,3,'James','Hilgenberg, Jr.','403 Kanawha St.',NULL,'Glenville','WV                  ','26351',NULL,NULL),
	(44,1,'Albert','Himy','4207 College Heights Dr.',NULL,'University Park','MD                  ','20782-1453',NULL,NULL),
	(45,5,'Richard & Jean','Hoerl','9551 East Lake Circle',NULL,'Englewood','CO                  ','80111',NULL,NULL),
	(46,6,'J. Donald','Hughes','2580 S University Blvd #1001',' ','Denver','CO','80210-6159',' ',' '),
	(47,NULL,'Mustafa','Jaffer','Jackets Lane',NULL,'Harefield, Middlesex','England             ',NULL,NULL,NULL),
	(48,2,'A. R.','Jordan','1603 S. Uinta Way',NULL,'Denver','CO                  ','80231',NULL,NULL),
	(49,6,'Jim','Jorgensen','Graduate School of Social Work',NULL,NULL,NULL,NULL,NULL,NULL),
	(51,4,'Mary','Kennedy','1313 Williams #201',NULL,'Denver','CO                  ','80218',NULL,NULL),
	(53,1,'Vladimir A.','Lefebvre','School of Social Sciences','3151 Social Science Plaza','Irvine','CA                  ','92697-5100',NULL,NULL),
	(54,6,'Sieglinde','Lug','2884 S. Raleigh St.',NULL,'Denver','CO                  ','80236-2134',NULL,NULL),
	(56,1,'Randall M.','MacDonald','Collection Development Librarian','111 Lake Hollingsworth Dr.','Lakeland','FL                  ','33801',NULL,NULL),
	(57,NULL,'E.','Majja','333 Ivanhoe St.',NULL,'Denver','CO                  ','80220',NULL,NULL),
	(58,1,'Donald','McCubbrey','Management Information Systems','Daniels College of Business',NULL,NULL,NULL,NULL,NULL),
	(59,1,'Harvey','Meyer','1515 So. Kipling Ct.',NULL,'Lakewood','CO                  ','80232',NULL,NULL),
	(60,1,'Andrew','Michael','2163 S. Filmore St.',NULL,'Denver','CO                  ','80210',NULL,NULL),
	(61,1,'C.W.','Miles','10601 E. Escalante Rd.',NULL,'Tucson','AZ                  ','85730',NULL,NULL),
	(62,1,'Tony','Moffeit','1501 E. 7th',NULL,'Pueblo','CO                  ','81008',NULL,NULL),
	(63,NULL,NULL,'Negative Population Growth, Inc.','1666 Connecticut Ave. NW','Suite 420','Washington','DC                  ','20009',NULL,NULL),
	(64,5,'Janet C.','Neville','6676 S. Kit Carson St.',NULL,'Littleton','CO                  ','80121-2320',NULL,NULL),
	(66,1,'Gary','Parker','802 Linden Ave.',NULL,'Boulder','CO                  ','80304',NULL,NULL),
	(67,5,'Edward J.','Pavlik','Division of Gynecologic Oncology','University of Kentucky 800 Rose St.','Lexington','KY                  ','40356-0084',NULL,NULL),
	(68,1,'M.','Perry','1441 Patterson Rd.',NULL,'Grand Junction','CO                  ','81506',NULL,NULL),
	(69,1,'Cheng','Po-Hsianh','4th Floor','460 Chuyang-Chin Rd.','Taipei','Taiwan              ',NULL,NULL,NULL),
	(70,2,'Mortimer','Propp','405 Park Ave.',NULL,'New York','NY                  ','10022',NULL,NULL),
	(71,1,'Shad','Reeves','P.O. Box 3668',NULL,'Estes Park','CO                  ','80517',NULL,NULL),
	(72,1,'Bill','Reiquam','1960 Winfield Dr.',NULL,'Lakewood','CO                  ','80215',NULL,NULL),
	(73,NULL,'J.L.','Riley','3208 Sherry Dr.',NULL,'Plano','TX                  ','75074',NULL,NULL),
	(74,1,'Paul T.','Ringenbach','6610 Benhill',NULL,'San Antonio','TX                  ','78239',NULL,NULL),
	(75,1,'Daniel','Ritchie',NULL,NULL,NULL,NULL,NULL,NULL,'dritchie@du.edu'),
	(77,1,'L. Donald','Ross','10772 W. Florida #C',NULL,'Lakewood','CO                  ','80232',NULL,NULL),
	(79,1,'Bill','Schatz','University College',NULL,NULL,NULL,NULL,NULL,NULL),
	(80,1,'Joel J.','Shulman','Jelmar Publishing Co., Inc.','6 Linda Lane','Plainview','NY                  ','11803',NULL,NULL),
	(81,1,'Robert W.','Topp','290 Fillmore St.',NULL,'Denver','CO                  ','80206',NULL,NULL),
	(82,6,'Alwyn J.','van der Merwe','Department of Physics and Astronomy',NULL,NULL,NULL,NULL,NULL,NULL),
	(83,4,'Judi','von Gaia','2600 S. Franklin St.',NULL,'Denver','CO                  ','80210',NULL,NULL),
	(84,4,'Roberta','Waldbaum','Dept. of Languages and Literature','GCB',NULL,NULL,NULL,NULL,NULL),
	(85,NULL,'Rui','Wang','1500 W. Dempster  #105',NULL,'Mt. Prospect','IL                  ','60056',NULL,NULL),
	(86,4,'Phyllis K.','Washington','10961 W. 30th Place',NULL,'Lakewood','CO                  ','80215',NULL,NULL),
	(87,1,'John G.','Weihaupt','Dept. of Geology / CU/Denver','Campus Box 172  PO Box 173364','Denver','CO                  ','80217-3364',NULL,NULL),
	(88,1,'Laurence','Weinstein','P.O. Box 44326',NULL,'Madison','WI                  ','53744-4326',NULL,NULL),
	(89,1,'Steve','Zalewski','1302 First North St. #4',NULL,'Syracuse','NY                  ','13208',NULL,NULL),
	(90,4,'Christine','Hamilton Pennell','Colorado Dept. of Education','201 E. Colfax Ave.','Denver','CO                  ','80203',NULL,NULL),
	(91,1,'Milt','Hanson, LCSW','2277 E. Mineral Ave.',NULL,'LIttleton','CO                  ','80122-3109',NULL,NULL),
	(92,5,'Joseph P.','Schultz','460 Somerset Dr',NULL,'Golden','CO','80401-4852',NULL,NULL),
	(93,1,'Todd','Brayor','5315 Fifth Ave.',NULL,'Pittsburgh','PA                  ','15232',NULL,NULL),
	(94,6,'Francis W.','Brush','3455 So. Corona St., #746',NULL,'Englewood','CO                  ','80110-2895',NULL,NULL),
	(95,1,'Steve','Edmonds','Office of the Chancellor','Mary Reed Building',NULL,NULL,NULL,NULL,NULL),
	(98,4,'Dennis','Barrett','Department of Biological SciencesSeeley G. Mudd Building  Room 351','2101 E. Wesley Ave','Denver','CO','80208','(303) 871-4423','dbarrett@du.edu'),
	(99,1,'Robert M.','Becker','7896 S. Jackson Circle',NULL,'Littleton','CO                  ','80122',NULL,NULL),
	(100,4,'Deana','Beckett','Managing Editor','University of Denver Journal','Publications',NULL,NULL,NULL,NULL),
	(101,1,'John C.','Brandt','University of Colorado at Boulder','Campus Box 392','Boulder','CO                  ','80309-0392',NULL,NULL),
	(104,1,'Bill','Clarke','235 Kearney',NULL,'Denver','CO                  ','80220',NULL,NULL),
	(105,6,'Theodore R.','Crane','Department of History','Mary Reed Building',NULL,NULL,NULL,NULL,NULL),
	(106,4,'Judith H.','DeWit','1355 S. Colorado Blvd.',NULL,'Denver','CO                  ','80222',NULL,NULL),
	(107,1,'Malgorzata','Faber','1715 E. Girard Pl. #1015',NULL,'Englewood','CO                  ','80110',NULL,NULL),
	(110,4,'Sarah','Greenleaf','9071 Davidson Way',NULL,'Lafayette','CO                  ','80026',NULL,NULL),
	(112,6,'Byron L.','Johnson','2451 South Dahlia Lane',NULL,'Denver','CO                  ','80222',NULL,NULL),
	(114,6,'John','Kuark',NULL,'Daniels College of Business',NULL,NULL,NULL,NULL,NULL),
	(115,1,'William','Martin','P.O. Box 2146',NULL,'Laramie','WY                  ','82070',NULL,NULL),
	(116,6,'Robert','McGowan','Management Department','Daniels College of Business',NULL,NULL,NULL,NULL,NULL),
	(117,4,'Lori','Mellon','University of Denver','Rocky Mountain Conservation Center','Denver','CO                  ','80208',NULL,NULL),
	(118,1,'Davis','Moore','10 Polo Club Dr.',NULL,'Denver','CO                  ','80110',NULL,NULL),
	(124,5,'Robert M.','O\'Halloran','HR & TM',NULL,NULL,NULL,NULL,NULL,NULL),
	(126,1,'Noah','Reaven','4355 E. LaSalle Place',NULL,'Denver','CO                  ','80222',NULL,NULL),
	(128,6,'Thomas','Rowe','Graduate School of International Studies','Ben Cherrington Hall',NULL,NULL,NULL,NULL,NULL),
	(129,4,'Harriett L.','Rydstrom','2552 E. Alameda Ave.  #83',NULL,'Denver','CO                  ','80209',NULL,NULL),
	(130,4,'Nancy','Sampson','Management Department','Daniels College of Business',NULL,NULL,NULL,NULL,NULL),
	(131,6,'Morris','Slavin','Youngstown State University','Department of History','Youngstown','OH                  ','44555',NULL,NULL),
	(132,1,'Dimitrios','Spentzos','c/o Mr. George Spentzos','712 South Clarkson St.','Denver','CO                  ','80209',NULL,NULL),
	(133,5,'Timothy J.','Standring','School of Art & Art History','Shwayder Art Building',NULL,NULL,NULL,NULL,NULL),
	(134,1,'Kenneth W.','Stevenson','9251 E. Center Ave.',NULL,'Denver','CO                  ','80232',NULL,NULL),
	(135,1,'Robert W.','Terry','1177 Race St. #601',NULL,'Denver','CO                  ','80206','(303) 316-0621','rwterry@msn.com'),
	(136,1,'David','Upham','2603 Tremont St.',NULL,'Cedar Falls','IA                  ','50613',NULL,NULL),
	(138,1,'Mark','Vandersea','120 Logan St.',NULL,'Denver','CO                  ','80203',NULL,NULL),
	(139,6,'Seth','Ward','Center for Judaic Studies','Columbine Hall East',NULL,NULL,NULL,NULL,NULL),
	(140,5,'Patricia','Wintergalen','3131 E. Alameda Ave.',NULL,'Denver','CO                  ','80209',NULL,NULL),
	(141,1,'Jonathan Kelley','Zartman','6535 Brook Park Dr.',NULL,'Colorado Springs','CO                  ','80918',NULL,NULL),
	(142,11,'Meir','Zlotowitz','Mesorah Heritage Foundation','4401 Second Ave.','Brooklyn','NY                  ','11232',NULL,NULL),
	(143,4,'Rita','Lusky','1122 Hollbrook Dr.',NULL,'Wayzata','MN                  ','55391',NULL,NULL),
	(144,4,'Merry','Low','2552 E. Alameda Ave.  #11',NULL,'Denver','CO                  ','80209',NULL,NULL),
	(146,1,'Irving H.','Kaplan','GSSW','Spruce Hall South',NULL,NULL,NULL,NULL,NULL),
	(147,4,'Annette','Pohlert','Werner Pohlert Music Publications','64625 Bensheim','Volkestr. 40','Germany             ',NULL,NULL,NULL),
	(149,6,'Wasyl','Jaszczun','1415 N. Euclid Ave.',NULL,'Pittsburg','PA                  ','15206',NULL,NULL),
	(150,1,'Kenneth R.','Porter','6681 Village Rd.',NULL,'Parker','CO                  ','80134',NULL,NULL),
	(154,1,'Glenn','Gravelle','10200 E. Girard, #B 322',NULL,'Denver','CO                  ','80231-5502',NULL,NULL),
	(155,5,'Richard A.','Weiss','CEWES-EN-C  Dept. of the Army, Waterways Experiment Sta.','3909 Halls Ferry Rd.','Vicksburg','MS                  ','39180',NULL,NULL),
	(156,1,'Jaime A.','Rubianogroot','9888 E. Vassan Drive',NULL,'Denver','CO                  ','80231',NULL,NULL),
	(158,4,'Elizabeth B.','Wilson','Pierpont Morgan Library','29 E. 36th St.','New York','NY                  ','10016',NULL,NULL),
	(159,1,'Oivind Holm','Karlsen','Statoil North America, Inc.','225 High Ridge Rd.','Stamford','CT                  ','06905',NULL,NULL),
	(160,5,'Archie','Kahan','610 S. Eldridge St.',NULL,'Lakewood','CO                  ','80228',NULL,NULL),
	(162,1,'Joseph J.','Horna','2334 S. Clayton',NULL,'Denver','CO                  ','80210',NULL,NULL),
	(163,4,'Stephanie','Cross','1021 E. 26th Ave.',NULL,'Denver','CO                  ','80205',NULL,NULL),
	(164,4,'Arlene','Stone','3376 23rd St.',NULL,'San Francisco','CA                  ','94110-3030',NULL,NULL),
	(165,3,'Jack','Pommrehn','2585 So. Dahlia',NULL,'Denver','CO                  ','80222',NULL,NULL),
	(166,4,'Mary ','Mathiesen','2100 So. Clayton',NULL,'Denver','CO                  ','80210',NULL,NULL),
	(168,5,'Wayne','Frair','The King\'s College','Biology Department','Briarcliff','NY                  ','10510',NULL,NULL),
	(169,1,'Vladimir','Raikhel','8081 So. Columbine Ct.',NULL,'Littleton','CO                  ','80122',NULL,NULL),
	(171,4,'Catharine','MacLaren','National Association of Social Workers','6000 E. Evans Ave.','Denver','CO                  ','80220',NULL,NULL),
	(172,1,'Herman','Braun','9673 S Townsville Circle',NULL,'Highlands Ranch','CO                  ','80130',NULL,NULL),
	(173,4,'Dolores','Heidel','P.O. Box 16856',NULL,'West Palm Beach','FL                  ','33416',NULL,NULL),
	(175,1,'George','Cooper','1260 York St. #409',NULL,'Denver','CO                  ','80206',NULL,NULL),
	(176,1,'Edmund','Lynch','108 Hilly Hill Dr',' ','Ingram','TX','78025',' ',' '),
	(177,4,'Anne','Lorton','1095 E. Tennessee Ave.',NULL,'Denver','CO                  ','80209',NULL,NULL),
	(178,4,'Bobbie','Lee','Dorrance Publishing Company',NULL,'Pittsburgh','PA                  ','15222',NULL,NULL),
	(179,4,'Joyce','Gabrys','6667 S. Jackson Ct.',NULL,'Littleton','CO                  ','80121',NULL,NULL),
	(184,1,'Thomas A.','Ward','P.O. Box 1264',NULL,'Elizabeth','CO                  ','80107',NULL,NULL),
	(186,4,'Irene','Brand','14555 E. Hampden Ave. #356',NULL,'Aurora','CO                  ','80014',NULL,NULL),
	(188,6,'Peter','Van Ness','Graduate School of International Studies','Ben Cherrington Hall',NULL,NULL,NULL,NULL,NULL),
	(189,4,'Diana','Williams','395 Garrison St.',NULL,'Lakewood','CO                  ','80226',NULL,NULL),
	(190,4,'Deborah','Hage','Box 42',NULL,'Silverthorne','CO                  ','80498',NULL,NULL),
	(192,1,'Melvin','Horn','P.O. Box 876',NULL,'Bogalusa','LA                  ','70429-0876',NULL,NULL),
	(195,6,'Victor','Castellani','Dept. of Languages and Literature',NULL,NULL,NULL,NULL,NULL,NULL),
	(201,1,'Kenneth R.','Roberts','8803 E. Davies Ave.',NULL,'Englewood','CO                  ','80112',NULL,NULL),
	(202,1,'Harlan','Stein','427 High St.',NULL,'Denver','CO                  ','80218',NULL,NULL),
	(203,6,'Alan','Gilbert','Graduate School of International Studies','Ben Cherrington Hall',NULL,NULL,NULL,NULL,NULL),
	(204,4,'Meg','Swanson','1701 Aspen Dr.',NULL,'Evergreen','CO                  ','80439',NULL,NULL),
	(205,6,'Kim','Stewart','Management Department','Daniels College of Business',NULL,NULL,NULL,NULL,NULL),
	(207,1,'Bob','Koenig','3350 161st Ave.  SE',NULL,'Bellevue','WA                  ','98008',NULL,NULL),
	(209,4,'Lynne','Bonno','Engineering Department',NULL,NULL,NULL,NULL,NULL,NULL),
	(211,4,'Sheila','Lehrburger','7500 E. Dartmouth, #22',NULL,'Denver','CO                  ','80231',NULL,NULL),
	(213,2,'Helen May','Hoyt','c/o Mr. Monty Hoyt','69 Olcott Ave.','Bernardville','NJ                  ','07924',NULL,NULL),
	(214,4,'Susan','Baird','2345 Eudora',NULL,'Denver','CO                  ','80207',NULL,NULL),
	(217,1,'John','Kolyer','885 Sea Gull Lane, Apt. B-311',NULL,'Newport Beach','CA                  ','92663',NULL,NULL),
	(220,4,'Barbara','Alger','1849 Green Oaks Dr.',NULL,'Littleton','CO                  ','80121',NULL,NULL),
	(221,1,'Paul','Gordon','1737 Gaylord St.',NULL,'Denver','CO                  ','80206',NULL,NULL),
	(222,1,'William R.','McIntyre','2652 S. Jackson',NULL,'Denver','CO                  ','80210',NULL,NULL),
	(223,5,'Margaret','Pluckhan','5430 Vale Dr.',NULL,'Denver','CO                  ','80222',NULL,NULL),
	(224,6,'Haider','Ali Khan','Graduate School of International Studies','Ben Cherrington Hall',NULL,NULL,NULL,NULL,NULL),
	(225,NULL,NULL,'Graduate School of International Studies','University of Denver','Ben Cherrington Hall','Denver','Colorado','80210',NULL,NULL),
	(226,4,'Phyllis','Daniel','Colorado Committee of Concern','295 South Locust Street','Denver','CO                  ','80224',NULL,NULL),
	(227,1,'Bruce','Gifford','P.O. Box 826',NULL,'Gunnison','CO                  ','81230-0826',NULL,NULL),
	(229,1,'Grant E.','Steffen','600 Grant St.  Suiite 600',NULL,'Denver','CO                  ','80203-3527',NULL,NULL),
	(230,NULL,NULL,'Law Library','Park Hill Campus',NULL,NULL,NULL,NULL,NULL,NULL),
	(231,1,'Chuck','Parsons','13111 Emerson St.',NULL,'Thornton','CO                  ','80241',NULL,NULL),
	(232,4,'Virginia','Davis','2606 SE Pine (Upper)',NULL,'Portland','OR                  ','97214-1738',NULL,NULL),
	(233,4,'Arlette','Julian','2980 18th St.',NULL,'Boulder','CO                  ','80304',NULL,NULL),
	(235,3,'Ted','Hermesman','2607 N. College Dr.',NULL,'Durango','CO                  ','81301',NULL,NULL),
	(237,5,'Floriana T.','Hogan','2000 South Ocean Blvd. #15A',NULL,'Boca Raton','FL                  ','33432',NULL,NULL),
	(238,1,'Tony','Maisto','Penrose Library','Reference Department',NULL,NULL,NULL,NULL,NULL),
	(239,NULL,NULL,'Engineering Department',NULL,NULL,NULL,NULL,NULL,NULL,NULL),
	(243,4,'Dorothea','Eldridge','4725 W. Quincy Ave.  #513',NULL,'Denver','CO                  ','80236',NULL,NULL),
	(244,1,'Jacob L.','Chernofsky','Book Seminars','P.O. Box 660','Lodi','NJ                  ','07644-0660',NULL,NULL),
	(246,1,'Robert W.','Williamson','707 Seventeenth St.','Suite 2300','Denver','CO                  ','80202',NULL,NULL),
	(247,6,'Chester M.','Notle','1708 S. Downing',NULL,'Denver','CO                  ','80210',NULL,NULL),
	(248,NULL,NULL,'The J. Robert Oppenheimer Memorial Committee','Memorial Committee','P.O. Box 220','Los Alamos','NM                  ','87544',NULL,NULL),
	(250,4,'Natalie A.','Martinez','Graduate School of International Studies','Ben Cherrington Hall',NULL,NULL,NULL,NULL,NULL),
	(252,1,'Mohammad','Abdulrahim','2490 S. Quebec St., #A',NULL,'Denver','CO                  ','80231',NULL,NULL),
	(253,6,'Jorge','Rhenan-Segura','1101 Gaylord St., #4',NULL,'Denver','CO                  ','80206',NULL,NULL),
	(254,4,'Dorothea','Dolan','6801 East Sixth Ave.',NULL,'Denver','CO                  ','80220',NULL,NULL),
	(255,5,'Libor','Brom','39 Hillside Dr.',NULL,'Lakewood','CO                  ','80215',NULL,NULL),
	(256,4,'Marjorie','Camaren','4762 W. 102nd Ave.',NULL,'Westminster','CO                  ','80030',NULL,NULL),
	(257,4,'Marian','Camden','1801 E. Girard Place  #217',NULL,'Englewood','CO                  ','80110',NULL,NULL),
	(258,1,'Al','Chambers','Ford Motor Company','The American Road','Dearborn','MI                  ','48121-1899',NULL,NULL),
	(259,1,'Paul','Coen','3384 W. Layton Ave.',NULL,'Englewood','CO                  ','80110',NULL,NULL),
	(260,4,'Agatha M.','Cook','585 So. Alton Way,  Apt. 12-D',NULL,'Denver','CO                  ','80231-5810',NULL,NULL),
	(261,1,'Seymour','Epstein','111 Emerson #1261','','Denver','CO                  ','80218',' ',' '),
	(262,NULL,'Kappel','Erman','Sederot Zahal 3216','82000 Qizyat','Gat','Israel              ',NULL,NULL,NULL),
	(263,4,'Samara','Ferber','2550 S. York  #302',NULL,'Denver','CO                  ','80210',NULL,NULL),
	(264,6,'Gerard','Flynn','Box 304',NULL,'Random Lake','WI                  ','53075',NULL,NULL),
	(265,1,'George Bird','Grinnell','American Indian Children\'s Fund','Box 47H, Rd. 1','Dover Plains','NY                  ','12522',NULL,NULL),
	(266,1,'Nicholas John','Hagan','2601 S. Quebec St.  #A',NULL,'Denver','CO                  ','80231',NULL,NULL),
	(267,5,'Barry','Hughes','Korbel School of International Studies','University of Denver, Ben M Cherrington Hall # 214, 2201 S Gaylord St','Denver','CO','80208','(303) 871-2304','bhughes@du.edu'),
	(268,1,'David P.','Jurist','10182 East Caley Ave.',' ','Englewood','CO                  ','80111',' ',' '),
	(269,1,'George','King','6 Cottonwood Lane',NULL,'Littleton','CO                  ','80121',NULL,NULL),
	(270,NULL,'Key','Kolb','2711 N. Haskell Ave.','Suite 1340  LB 16','Dallas','TX                  ','75204',NULL,NULL),
	(271,4,'Diane','Kotowski','1449 E. Kettle Ave.',NULL,'Centennial','CO','80122',NULL,NULL),
	(272,4,'Bonnie','Landt-Fegan','3124 W. 23rd Ave.',NULL,'Denver','CO                  ','80211',NULL,NULL),
	(273,6,'Mark','Levine','Chair, REMC and Legal Studies','Daniels College of Business',NULL,NULL,NULL,NULL,NULL),
	(274,4,'Shauna T.','Levinson','1624 Market St.  Suite 475',NULL,'Denver','CO                  ','80202',NULL,NULL),
	(275,4,'Natalie','Medina',NULL,NULL,NULL,NULL,NULL,NULL,NULL),
	(276,1,'James','Moulton','1468 E. Girard Place  #733',NULL,'Englewood','CO                  ','80110',NULL,NULL),
	(277,5,'Thomas','Obremski','Statistics & Operations Research',NULL,NULL,NULL,NULL,NULL,NULL),
	(278,1,'John W.','O\'Dorisio, Sr.','1980 Zang St.',NULL,'Golden','CO                  ','80401',NULL,NULL),
	(279,4,'B. J.','Pannabecker','799 Cherry St.',NULL,'Denver','CO                  ','80220',NULL,NULL),
	(280,4,'Eunice','Peck','Second Secretary, Embassy of Singapore','3501 International Place, NW','Washington','DC                  ','20008',NULL,NULL),
	(281,4,'Leola A.','Schultz','799 Cherry St.',NULL,'Denver','CO                  ','80220',NULL,NULL),
	(282,6,'William S.','Silver','Management Department','Daniels College of Business',NULL,NULL,NULL,NULL,NULL),
	(283,6,'Theofanis G.','Stavrou','University of Minnesota','325 Social Science Building','Minneapolis','MN                  ','55455',NULL,NULL),
	(284,5,'Joseph S.','Szyliowicz','Graduate School of International Studies','Ben Cherrington Hall',NULL,NULL,NULL,NULL,NULL),
	(285,1,'Lane J.','Johnson','311 Cornell Ave.',NULL,'Swarthmore','PA                  ','19081',NULL,NULL),
	(286,1,'Mark','Montgomery','Director, CTIR','Graduate School of International Studies',NULL,NULL,NULL,NULL,NULL),
	(287,1,'Dick','Clark','P.O. Box 24569',NULL,'Denver','CO                  ','80224-0569',NULL,NULL),
	(288,4,'Pat','Clark','Penrose Library',NULL,NULL,NULL,NULL,NULL,NULL),
	(289,5,'Susan','Sadler','Department of Biological Sciences',NULL,NULL,NULL,NULL,NULL,NULL),
	(290,NULL,'Alain','Jean','10 Impasse de Margnolles','69300 Caluire','France',NULL,NULL,NULL,NULL),
	(291,4,'Marian R.','Wilson','3631 S. Wellington St.',NULL,'Salt Lake City','UT                  ','84106',NULL,NULL),
	(292,1,'Calvin','Davis','14 Hazel Ct.',NULL,'Denver','CO                  ','80219',NULL,NULL),
	(294,4,'Erica','Hollander','6910 Fairway Vista',NULL,'Littleton','CO                  ','80125',NULL,NULL),
	(295,5,'Paul','Predecki','4830 E. Harvard Ln.','','Denver','CO                  ','80222','(303) 871-2129','ppredeck@du.edu'),
	(297,1,'Dale','Schellenger','972 S. Pennsylvania St.',NULL,'Denver','CO                  ','80209',NULL,NULL),
	(299,4,'Susan D.','Strickland','Libraries Unlimited','P.O. Box 6633','Englewood','CO                  ','80155-6633',NULL,NULL),
	(300,4,'R.','Alperin','842 Lombard St.',NULL,'Philadelphia','PA                  ','19147-1317',NULL,NULL),
	(301,1,'Matt','Gianneschi','6655 N. Canyon Crest Dr.  #8245',NULL,'Tucson','AZ                  ','85750',NULL,NULL),
	(302,1,'James D.','Jorgensen','130 Pearl St.  Suite 1901',NULL,'Denver','CO                  ','80203',NULL,NULL),
	(303,1,'Sidney','Iwens','4822 Ocean Blvd.  #3-C',NULL,'Sarasota','FL                  ','34242',NULL,NULL),
	(304,4,'Joy','Childs','P.O. Box 341831',NULL,'Los Angeles','CA                  ','90034',NULL,NULL),
	(308,5,'Bonnie J.','Messer','8095 E. Prentice Ave.',NULL,'Englewood','CO                  ','80111',NULL,NULL),
	(310,5,'Gareth and Sandra','Eaton','Department of Chemistry and Biochemistry','Seeley G. Mudd Science Bldg.',NULL,NULL,NULL,NULL,NULL),
	(311,6,'David J.P.','Haasbroek','P.O. Box 15567',NULL,'Lyttleton 0140','RSA                 ',NULL,NULL,NULL),
	(312,4,'Joan','Cofrancesco','306 Kasson Rd.',NULL,'Camillus','NY                  ','13031',NULL,NULL),
	(313,4,'Yousuf','Al-Hajeri','P.O. Box 22093',NULL,'Al-Hilai Street','Kuwait              ',NULL,NULL,NULL),
	(314,1,'Louis','Messina','3401 S. Dexter',NULL,'Denver','CO                  ','80222',NULL,NULL),
	(315,5,'Howard','Putnam','220 Brookhaven',NULL,'Commerce','TX                  ','75428',NULL,NULL),
	(316,5,'Bill','Zaranka','Office of the Provost','Mary Reed Building',NULL,NULL,NULL,NULL,NULL),
	(319,4,'Rosemary Y.','Reed','2755 S. Gilpin',NULL,'Denver','CO                  ','80210',NULL,NULL),
	(320,1,'Henry','Kyambalesa','P.O. Box 101321',NULL,'Denver','CO                  ','80250-1321',NULL,NULL),
	(324,6,'Alton','Barbour','Department of Human Communication Studies','Spruce Hall North',NULL,NULL,NULL,NULL,NULL),
	(325,1,'Charles D.','Brown','1029 S. Peakview Dr.',NULL,'Castle Rock','CO                  ','80104',NULL,NULL),
	(327,1,'Jack','Miller','Office of Institutional Advancement','Mary Mac Building',NULL,NULL,NULL,NULL,NULL),
	(328,5,'Harry','Ford','2555 W. 34th St.',NULL,'Denver','CO                  ','80211',NULL,NULL),
	(329,5,'J.J.','Bhatt','11 Midland Dr.',NULL,'East Greenwich','CT                  ','02818',NULL,NULL),
	(330,4,'Margaret H.','Carey','2800 S. University, #23',NULL,'Denver','CO                  ','80210',NULL,NULL),
	(331,1,'Paul','Robbins','Quick Copy Center',NULL,NULL,NULL,NULL,NULL,NULL),
	(333,4,'Hunyadi','Books','42 Juanita Dr.',NULL,'Hamilton','Ontario             ','L9C 203  Canada',NULL,NULL),
	(334,5,'J.J.','Bhatt','11 Midland Dr.',NULL,'East Greenwich','CT                  ','02818',NULL,NULL),
	(335,1,'Steven M','Hoffman','13299 W. Dakota Pl.',NULL,'Lakewood','CO                  ','80228-2408',NULL,NULL),
	(337,1,'Zach M.','Arnold','655 Santa Maria Rd.',NULL,'El Sobrante','CA                  ','94803',NULL,NULL),
	(339,1,'Bill','Burns','3120 - 22nd St.',NULL,'Boulder','CO                  ','80304',NULL,NULL),
	(340,4,'M.','Mooney','15983 E. Loyola Dr.',NULL,'Aurora','CO                  ','80013',NULL,NULL),
	(342,1,'Tom','Fry','Penrose Library',NULL,NULL,NULL,NULL,NULL,NULL),
	(343,1,'Thomas J.','Reaume','25 - 503 Furby St.',NULL,'Winnipeg','Manitoba            ','R3C 2A8  Canada',NULL,NULL),
	(344,4,'Gwen','Chanzit','School of Art and Art History','Shwayder Art Building #111',NULL,NULL,NULL,NULL,NULL),
	(345,1,'Jim','Brace-Thompson','2455 Teller Rd.',NULL,'Thousand Oaks','CA                  ','91320',NULL,NULL),
	(346,4,'Gerda M.','Breit','2020 S. Monroe St.',NULL,'Denver','CO                  ','80210',NULL,NULL),
	(347,4,'Nancy','Thompson','420 S. Marion Parkway, #902',NULL,'Denver','CO                  ','80209',NULL,NULL),
	(348,4,'Jackie','Spearman','2829 S. Xanadu Way',NULL,'Aurora','CO                  ','80014',NULL,NULL),
	(349,1,'Shawn','Huelle','418 S. 38th Ave.  #37',NULL,'Omaha','NE                  ','68131',NULL,NULL),
	(351,5,'Mark','von Hagen','Fayerweather 611','Columbia University','New York','NY                  ','10027',NULL,NULL),
	(352,1,'Walter','Spahn','12057 E. Colorado Pl.',NULL,'Aurora','CO                  ','80014',NULL,NULL),
	(354,3,'John and Judy','Nowak','Providence Two','P.O. Box 2211','Chino Valley','AZ                  ','86323',NULL,NULL),
	(356,2,'Reiko','Uchida','98 Beppori','Odawara-shi','Kanagawa-ken','Japan               ','250-0217',NULL,NULL),
	(357,4,'Ruth','Bograd','90 Corona  #1407',NULL,'Denver','CO                  ','80218',NULL,NULL),
	(359,1,'William S.C.','Hwang','1213 DeVere Dr.',NULL,'Silver Spring','MD                  ','20903',NULL,NULL),
	(360,1,'Terry','Kirkpatrick','7310 S. Syracuse St.',NULL,'Englewood','CO                  ','80112',NULL,NULL),
	(361,1,'John','Romero','7731 Running Fox Way',NULL,'Parker','CO                  ','80134-2706',NULL,NULL),
	(362,4,'Alison','Matthews','P.O. Box 276',NULL,'Westminster','CO                  ','80030',NULL,NULL),
	(363,1,'P. David','Smith','636 Main','P.O. Box 710','Ouray','CO                  ','81427',NULL,NULL),
	(364,NULL,'Sayyid Mujtaba Musavi','Lari','Foundation of Islamic C.P.W.','21 Entezam St.','Qum','I.R. Iran           ',NULL,NULL,NULL),
	(366,4,'Christa','Jungnickel','Bucknell University Press','440 Forsgate Dr.','Cranbury','NJ                  ','08512',NULL,NULL),
	(368,5,'Leslie','Grey','3131 E. Alameda Ave.','Unit 1905','Denver','CO                  ','80209-3413',NULL,NULL),
	(370,1,'Peter','Horvath','2 Adams St.  #1602',NULL,'Denver','CO                  ','80206',NULL,NULL),
	(371,1,'Curtis D.','Holmes','1376 Eudora',NULL,'Denver','CO                  ','80220',NULL,NULL),
	(373,4,'Connie','Culkin','25200 Village Circle',NULL,'Golden','CO                  ','80401',NULL,NULL),
	(374,1,'Robert','Adelstein','2777 S. Elmira, #11',NULL,'Denver','CO                  ','80231',NULL,NULL),
	(375,4,'Joycee','Kennedy','4917 Montview Blvd.',NULL,'Denver','CO                  ','80207',NULL,NULL),
	(376,1,'Ernest','Hagler','306 S. Magnolia St.',NULL,'Denver','CO                  ','80224',NULL,NULL),
	(377,4,'Harriet','Nesbitt','552 S. Williams',NULL,'Denver','CO                  ','80209',NULL,NULL),
	(378,1,'William','Burford','130 Pearl St., #1604',NULL,'Denver','CO                  ','80203',NULL,NULL),
	(379,1,'Ray','Ostlie','ROI Training and Development Corp.','9355 E. Poundstone Pl.','Greenwood Village','CO                  ','80111',NULL,NULL),
	(380,4,'Lynn','Leventhal','7369 Upham Ct.',NULL,'Arvada','CO                  ','80003',NULL,NULL),
	(381,4,'Michele','Besant','2022 E. Forest Dr.',NULL,'Tallahassee','FL                  ','32303',NULL,NULL),
	(382,1,'Harrison L.','Shaffer','12447 W. 67th Ave.',NULL,'Arvada','CO                  ','80004',NULL,NULL),
	(384,1,'Jay Alan','Rothman','7777 E. Yale Ave., Apt. N-207','','Denver','CO                  ','80231','','jayrothman@msn.com'),
	(385,4,'Sue','Henry','Department of Social Work','Spruce Hall South',NULL,NULL,NULL,NULL,NULL),
	(388,NULL,'Corneliu','Nicolescu','Department of English','Univ. of Cluj  Str. Donath 44, #15','Napoca','Romania             ',NULL,NULL,NULL),
	(389,6,'Albert J.','Rosa','Department of Engineering','Knudson Hall #200',NULL,NULL,NULL,NULL,NULL),
	(390,NULL,'Tova','Yanay','20 Rothschild St.','49340 Petah-Tikva',NULL,'Israel              ',NULL,NULL,NULL),
	(391,4,'Anna','Campbell','508 W. Trilby Rd.  #211',NULL,'Fort Collins','CO                  ','80525',NULL,NULL),
	(392,2,'Jean','Hall','55 Ammons St.',NULL,'Lakewood','CO                  ','80226',NULL,NULL),
	(397,4,'Mohammed','Yusuf Somji','Islamic Education Board Dar-U1-Tabligh','786 Summa Ave.','Westbury','NY                  ','11590',NULL,NULL),
	(401,1,'Mark','Ferguson','3793 S. Andes Way',NULL,'Aurora','CO                  ','80013',NULL,NULL),
	(403,NULL,'Jian','Tang','9527 S. Cove Creek Dr.',NULL,'Highlands Ranch','CO                  ','80126',NULL,NULL),
	(404,5,'Patricia','Haupt','7373 E. Iowa Ave.  #1099',NULL,'Denver','CO                  ','80231',NULL,NULL),
	(405,4,'Judith W.','Brooks','485 S. Wright St.  #107',NULL,'Lakewood','CO                  ','80228',NULL,NULL),
	(406,1,'Keith','Gooldy','7101 W. Yale Ave.  #904',NULL,'Denver','CO                  ','80227',NULL,NULL),
	(407,1,'Mike','Moore','7850 Vance Dr.  Suite 280',NULL,'Arvada','CO                  ','80005',NULL,NULL),
	(408,1,'Steven','Richards','373 S. Jasmine St.',NULL,'Denver','CO                  ','80224',NULL,NULL),
	(409,1,'James','Gallagher','15 S. Clarkson  #604',NULL,'Denver','CO                  ','80209',NULL,NULL),
	(411,1,'Douglas','Wilson','2551 E. Floyd Ave.',NULL,'Englewood','CO                  ','80110',NULL,NULL),
	(412,1,'Scott','Yarberry','7153 W. Walden Ave.',NULL,'Littleton','CO                  ','80128',NULL,NULL),
	(415,NULL,'Chin-yu','Shih','No. 21  Hsu-Chow Rd.',NULL,'Taipei 100','Taiwan, R.O.C.      ',NULL,NULL,NULL),
	(417,5,'Joseph M.','Hornback','Chemistry Dept.','Seeley G. Mudd Science Bldg. #232',NULL,NULL,NULL,NULL,NULL),
	(418,1,'Herbert M.','Pastan','12169 - 145th St. N.',NULL,'Largo','FL                  ','33774-3318',NULL,NULL),
	(419,4,'Ruth','Parsons','Graduate School of Social Work','Spruce Hall South #312',NULL,NULL,NULL,NULL,NULL),
	(421,9,'David','Oddsson','Prime Minister\'s Office',NULL,'TS-150 Reykjavik','Iceland             ',NULL,NULL,NULL),
	(422,4,'Maureen','Penley','5299 S. Penn St.',NULL,'Littleton','CO                  ','80121',NULL,NULL),
	(424,4,'Dorothy','Norbie','38 Clarkson St.',NULL,'Denver','CO                  ','80209',NULL,NULL),
	(428,10,'Hunyadi Books','moore','42 Juanita Dr.',NULL,'Hamilton, Ontario','Canada              ','L9C 2G3',NULL,NULL),
	(429,4,'Mary','Younger','375 Glencoe St.',NULL,'Denver','CO                  ','80220',NULL,NULL),
	(430,1,'Bryan','Daves','4052 Glostonbury Way',NULL,'Fairfax','VA                  ','22030',NULL,NULL),
	(433,1,'Darren','Spreeuw','2317 High St.',NULL,'Denver','CO                  ','80205',NULL,NULL),
	(434,6,'Ingrid','Tague','Department of History','Mary Reed Building #405',NULL,NULL,NULL,NULL,NULL),
	(436,4,'Mary','Lanius','3333 E Florida Ave #74',NULL,'Denver','CO                  ','80210',NULL,NULL),
	(437,4,'Denise','Simvnic','2060 E. Phillips Ln.',NULL,'Littleton','CO                  ','80122',NULL,NULL),
	(438,5,'Amin','Kianian','2401 S. Gaylord  #205',NULL,'Denver','CO                  ','80210',NULL,NULL),
	(440,1,'J. Robert','Mondt','7462 Tamarisk Dr.',NULL,'Fort Collins','CO                  ','80528',NULL,NULL),
	(441,NULL,'S.J.','Magyarody','Hunyadi Books','42 Jaunita Dr.','Hamilton, Ontario','Canada              ','L9C 2G3',NULL,NULL),
	(442,1,'Walter R.','Simmen','The Consul General of Switzerland','1000 Louisiana, Suite 5670','Houston','TX                  ','77002',NULL,NULL),
	(443,4,'Nancy','Luttges','13500 Swamps Ct.',NULL,'Grass Valley','CA                  ','95949',NULL,NULL),
	(445,1,'Robert','Juppe','Abiko-shi, Abiko 524-2',NULL,'Sungarden Regal 203','Japan               ','270-1166',NULL,NULL),
	(446,1,'Andrew','LeCompte','1079 Montalona Rd.',NULL,'Dunbarton','NH                  ','03046',NULL,NULL),
	(447,4,'Patty','Rabiolo','Church of Scientology','3385 S. Bannock St.','Englewood','CO                  ','80110',NULL,NULL),
	(448,5,'Henry','Claman','596 S. Olive Way',NULL,'Denver','CO                  ','80224',NULL,NULL),
	(449,5,'Paul','Hertelendy','P.O. Box 1010',NULL,'Berkeley','CA                  ','94701',NULL,NULL),
	(451,1,'Thomas','Naspinski','12 Jerrys Rd.',NULL,'Ringtown','PA                  ','17967',NULL,NULL),
	(453,NULL,'Mamon M.','Saifadin','Riyadh 11491','P.O. Box 4067',NULL,'Saudi Arabia        ',NULL,NULL,NULL),
	(455,1,'Michael','Levine-Clark','1212 Josephine',' ','Denver','CO','80206',' ',' Michael.Levine-Clark@du.edu'),
	(456,1,'Karl W.','Luckert','9285 SW Washington St.',NULL,'Portland','OR                  ','97225',NULL,NULL),
	(457,4,'Joyce','Armstrong','3795 Silver Plume Ln.',NULL,'Boulder','CO                  ','80305',NULL,NULL),
	(459,NULL,'Lesley','Chace','2939 Osceola St.',NULL,'Denver','CO                  ','80212',NULL,NULL),
	(461,NULL,NULL,'Kumkang Buddhist College Library','Kwanmunsa Temple','Umyon-dong 56, Socho-gu','Seoul','Korea               ',NULL,NULL,NULL),
	(462,5,'Gordon','Wilson','18 Range View Pl.',NULL,'Lakewood','CO                  ','80215',NULL,NULL),
	(465,1,'Mathew','Lira','4500C W. Juniper Ct.',NULL,'USAFA','CO                  ','80918',NULL,NULL),
	(466,1,'Andy','Love','1777 S. Harrison St.','Suite 806','Denver','CO                  ','80210',NULL,NULL),
	(467,5,'Maynard','Moe','2309 S. Jackson','','Denver','CO                  ','80210','',''),
	(468,1,'Paul','Bauer','Daniels College of Business 315C',NULL,NULL,NULL,NULL,NULL,NULL),
	(469,1,'Scott','Buchanan','46860 Hilton Dr. #2211',NULL,'Lexington Park','MD                  ','20653',NULL,NULL),
	(470,4,'Melinda','Widener','6541 Chestbrook Dr.',NULL,'Morrison','CO                  ','80465',NULL,NULL),
	(471,1,'Joe','Kraus','Penrose Library','Reference',NULL,NULL,NULL,NULL,NULL),
	(472,5,'Timothy','Sisk','Graduate School of International Studies','2201 S. Gaylord St.','Denver','CO                  ','80208',NULL,NULL),
	(473,1,'Herman','Braun','9673 S. Townsville Cir.',NULL,'Highlands Ranch','CO                  ','80130',NULL,NULL),
	(474,4,'Dacia','Dyer','7433 Queen Cir.',NULL,'Arvada','CO                  ','80005',NULL,NULL),
	(475,4,'Charlette','DeHaspart','1952 S. Downing St.',NULL,'Denver','CO                  ','80210',NULL,NULL),
	(476,1,'Paul','Viotti','Graduate School of International Studies','Ben M Cherrington Hall, Room 102 B 2201 S Gaylord St','Denver','CO                  ','80208','(303) 871-4960','pviotti@du.edu'),
	(477,4,'Diane','Byington','P.O. BOX 908',NULL,'Frederick','CO                  ','80530',NULL,NULL),
	(479,3,'Charlotte and Ed','Estlow','9400 E. Maplewood Ave. #1',NULL,'Englewood','CO                  ','80111',NULL,NULL),
	(480,1,'Dan','Connolly','338 Columbine Hall','School of HRTM',NULL,NULL,NULL,NULL,NULL),
	(481,4,'Lisa','Gergely','7364 E. Cedar Ave.',NULL,'Denver','CO                  ','80230',NULL,NULL),
	(482,1,'Harold','Southworth','1497 Shenandoah Dr.',NULL,'Boise','ID                  ','83712',NULL,NULL),
	(483,4,'Susan','Sherrod','6734 Montview Blvd.',NULL,'Denver','CO                  ','80207',NULL,NULL),
	(485,4,'Faye','Carey','3455 S. Corona Apt. #714',NULL,'Englewood','CO                  ','80110',NULL,NULL),
	(486,1,'Jim','Gehres','935 Pennsylvania',NULL,'Denver','CO                  ','80203',NULL,NULL),
	(487,5,'Bohdan','Wynar','6008 S. Lakeview',NULL,'Littleton','CO                  ','80120',NULL,NULL),
	(488,1,'John','Kosters','2810 W. 126th Ave.',NULL,'Broomfield','CO                  ','80020',NULL,NULL),
	(489,4,'Mimi','Katzenbach','525 High St.',NULL,'Denver','CO                  ','80218',NULL,NULL),
	(490,5,'Bharat','Barai','9903 Twin Creek Blvd.',NULL,'Munster','IN                  ','46321',NULL,NULL),
	(491,4,'Ruth','Silver','315 Clermont St.',NULL,'Denver','CO                  ','80220','(303) 322-7577',NULL),
	(493,4,'Marylu','Lee','7337 S. Yarrow Way',NULL,'Littleton','CO                  ','80128',NULL,NULL),
	(494,4,'Carolyn','Ryll','9837 E. Peakview Ave. Unit D-10',NULL,'Englewood','CO                  ','80111',NULL,NULL),
	(495,1,'Pierre','Bastien','874 Wolverine Ct.',NULL,'Castle Rock','CO                  ','80104',NULL,NULL),
	(496,4,'Barbara','Strach','2155 S. Josephine #305',NULL,'Denver','CO                  ','80210',NULL,NULL),
	(499,5,'Frank','Laird','Graduate School of International Studies',NULL,NULL,NULL,NULL,NULL,NULL),
	(500,4,'Roberta','Payne','3825 S. Monaco #239',NULL,'Denver','CO                  ','80237',NULL,NULL),
	(501,8,'Bill','Pounds','1576 E. Mineral',NULL,'Denver','CO                  ','80122',NULL,NULL),
	(502,5,'Micheline','Ishay','Graduate School of International Studies',NULL,NULL,NULL,NULL,NULL,NULL),
	(503,NULL,'Francis','De Tarr','163, Boulevard Du Montparnasse','75006 Paris France',NULL,NULL,NULL,NULL,NULL),
	(505,4,'Margot','Nelson','16 Red Fox Lane',NULL,'Littleton','CO                  ','80127',NULL,NULL),
	(506,4,'Bev','Sloan','Hospice of Metro Denver','425 S. Cherry St.  Suite 700','Denver','CO                  ','80246',NULL,NULL),
	(507,1,'George','Levy','815 Oak Ave.',NULL,'Canon City','CO                  ','81212',NULL,NULL),
	(508,4,'Betty','Lewis-Crawford','P.O. Box 645',NULL,'Victor','CO                  ','80860',NULL,NULL),
	(509,1,'Bryson','Gooch','804 Empire',NULL,'Silverton','CO                  ','81433',NULL,NULL),
	(511,4,'Joann','Birsa','6305 W. 5th Place',NULL,'Lakewood','CO                  ','80226',NULL,NULL),
	(512,5,'Doris','Herzfeld','252 Kearsing Parkway',NULL,'Monsey','NY                  ','10952',NULL,NULL),
	(513,4,'Joanne','Moldow','4434 E. 7th Ave.',NULL,'Denver','CO                  ','80226',NULL,NULL),
	(514,4,'Lucille','Hatch','CS Advocare, Inc.','9725 E. Hampton Ave.  Suite 102','Denver','CO                  ','80231',NULL,NULL),
	(515,4,'Patricia A.','Griffin','3198 S. Delaware St.',NULL,'Englewood','CO                  ','80110',NULL,NULL),
	(517,1,'Miguel R.','Sanchez','JP - 5838  PO Box 02-5284',NULL,'Miami','FL                  ','30102',NULL,NULL),
	(518,4,'Carole','Burgess','Mary Reed Bldg.','Rm. 315',NULL,NULL,NULL,NULL,NULL),
	(520,4,'RoseMarie','Gueldner','1262 - 12th St. N.',NULL,'Fargo','ND                  ','58102',NULL,NULL),
	(522,1,'Jerry','Morton','6120 Gossard',NULL,'East Lansing','MI                  ','48823',NULL,NULL),
	(523,1,'Larry','Moore','34 Dawn Heath Cr.',NULL,'Littleton','CO                  ','80127',NULL,NULL),
	(524,1,'Tom','Tyler','5598 E Mansfield Ave',NULL,'Denver','CO','80237',NULL,NULL),
	(525,1,'Ronald','Moore','22 Cherry Hills Park Dr.',NULL,'Cherry Hills','CO                  ','80110',NULL,NULL),
	(527,3,'Howard','Rosen','1854 S. Ivy St.',NULL,'Denver','CO                  ','80224',NULL,NULL),
	(528,NULL,'Chin-Fu','Woo','72-36 Ingram St.',NULL,'Forest Hills','NY                  ','11375',NULL,NULL),
	(529,NULL,'Kiatimon','Lersvidhaya','2580 S. University Blvd.  #1006',NULL,'Denver','CO                  ','80210',NULL,NULL),
	(530,1,'Jacob','Steigerwald','5960 S. Estes St.',NULL,'Littleton','CO                  ','80123',NULL,NULL),
	(531,4,'Kitty','Kolody','Circulation','Penrose Library',NULL,NULL,NULL,NULL,NULL),
	(533,1,'Marc','Linder','University of Iowa College of Law','280 Boyd Law Bldg.','Iowa City','IA                  ','52242-1113',NULL,NULL),
	(535,4,'Tami','Davies','Network Affiliates, Inc.','940 Wadsworth Blvd.','Lakewood','CO                  ','80014',NULL,NULL),
	(536,4,'Laura','Belsten','9197 S. Sugarstone Circle',NULL,'Littleton','CO                  ','80130',NULL,NULL),
	(537,4,'Arne and Eva','Birgen','8031 Stuart Place',NULL,'Westminster','CO                  ','80031',NULL,NULL),
	(538,5,'Frank','Wozniak','7500 Tricia Rd., NE',NULL,'Albuquerque','NM                  ','87113',NULL,NULL),
	(540,4,'Phyllis','Knight','1999 Broadway  #2305',NULL,'Denver','CO                  ','80202',NULL,NULL),
	(544,1,'Jose C.','Martin','Av. Arenales  #942',NULL,'Lima','Peru                ',NULL,NULL,NULL),
	(545,4,'Gloria','Miller','College of Education','Ammi Hyde #206',NULL,NULL,NULL,NULL,NULL),
	(546,1,'Robert M.','Adelstein','3601 S. Clarkson  Suite 540',NULL,'Englewood','CO                  ','80110',NULL,NULL),
	(547,1,'Paul','Timmermans','CPRMM','Penrose Library',NULL,NULL,NULL,NULL,NULL),
	(553,4,'Sue','Jordan','Dept. of Electrical & Computer Engineering','Campus Box 425','Boulder','CO                  ','80309-0425',NULL,NULL),
	(554,4,'Betty','Jehn','12285 N. Spring Creek Rd.',NULL,'Parker','CO                  ','80138',NULL,NULL),
	(560,1,'Rod','Webb','1001 E. Bayaud Ave.  #503',NULL,'Denver','CO                  ','80209',NULL,NULL),
	(561,5,'Luis','Estela','11144 E. Baltic Ave.',NULL,'Aurora','CO                  ','80014-1080',NULL,NULL),
	(564,4,'Carrie','Ross','9119 E Mansfield Ave.',NULL,'Denver','CO                  ','80237',NULL,NULL),
	(568,7,'Paul','Findley','1040 West College',NULL,'Jacksonville','IL                  ','62650',NULL,NULL),
	(569,1,'Kyle','Peterson','2155 Buchtel Blvd., #402','DU Alpine Club','Denver','CO                  ','80210',NULL,NULL),
	(570,4,'Linda','Wansing','11884 Elizabeth Cir.',NULL,'Thornton','CO                  ','80233',NULL,NULL),
	(571,1,'Michael','Capra','1931 Reseda Dr.',NULL,'Houston','TX                  ','77062',NULL,NULL),
	(572,5,'Carl','Raschke','Sturm Hall 169','Department of Religious Studies','University of Denver',NULL,NULL,NULL,NULL),
	(574,4,'Margie','Wait','3700 E. Jewell #104',NULL,'Denver','CO                  ','80210',NULL,NULL),
	(575,NULL,'Cletus','Kaiser','2851 W. 127th St.',NULL,'Olathe','KS                  ','66061',NULL,NULL),
	(578,5,'William','Stickler','University of Denver','Chemistry Dept. Olin Hall 202','Denver','CO                  ','80208',NULL,NULL),
	(579,4,'Janete','Benson','University of Denver','Dept. of Psychology Frontier Hall 252','Denver','CO                  ','80208',NULL,NULL),
	(580,4,'Noel','Miner','1386 Glen Oaks Blvd.',NULL,'Pasadena','CA                  ','91105',NULL,NULL),
	(583,1,'Kostas','Messas','8707 E. Florida Ave.','Unit 708','Denver','CO                  ','80247',NULL,NULL),
	(584,1,'Glenn','Giffin','Dance Library-University of Denver','','Denver','CO                  ','80208','',''),
	(585,4,'Grace','Latham','704 Ivanhoe St.',NULL,'Denver','CO                  ','80220',NULL,NULL),
	(586,1,'Louis','Pearson','4280 E. Iowa Ave.',NULL,'Denver','CO                  ','80222',NULL,NULL),
	(588,3,'James W.','Brower','717 S. Filmore St.',NULL,'Denver','CO                  ','80209',NULL,NULL),
	(589,3,'Vernon F.','Taylor','6900 W. Lakeridge Rd.',NULL,'Denver','CO','80219',NULL,NULL),
	(591,4,'Angie','Pope','9172-B E. Amherst Dr.',NULL,'Denver','CO                  ','80231',NULL,NULL),
	(592,1,'Davis','Sikes','202 E. South St.','Apt. 4036','Orlando','FL                  ','32801',NULL,NULL),
	(593,1,'Steven','Dominguez','314 Nome St.',NULL,'Aurora','CO                  ','80010',NULL,NULL),
	(596,5,'Harold and Irene','Mendelsohn','2960 N. Lake Shore Dr.',NULL,'Chicago','IL                  ','60657',NULL,NULL),
	(597,5,'Daniel','Connolly','University of Denver','DCB - School of HRTM','Denver','CO                  ','80208',NULL,NULL),
	(598,5,'Timothy','Brown','690 S. Dahlia Circle T-105',NULL,'Glendale','CO                  ','80246',NULL,NULL),
	(599,1,'Jason','Langley','1540 S. Josephine St.',NULL,'Denver','CO                  ','80210',NULL,NULL),
	(601,1,'Alberto','Mares','PO Box 2757',NULL,'Denver','CO                  ','80201',NULL,NULL),
	(606,4,'Janet','Moone','3401 Quitman',NULL,'Denver','CO                  ','80212',NULL,NULL),
	(607,1,'Richard Chambers','Prescott','8617 188th Street SW','','Edmonds','WA                  ','98026','',''),
	(608,5,'Tamra','d\'Estree','University of Denver','Conflict Resolution Program - Spruce Hall South','Denver','CO                  ','80208',NULL,NULL),
	(609,5,'Lawrence','Carter','Martin Luther King, Jr. International Chapel','Morehouse College','Atlanta','GA                  ','30314',NULL,NULL),
	(610,3,'Robert & Nancy','Stocker','2885 S Gilpin St','','Denver','CO                  ','80210','(303) 759-4056','Bob@StockerPhotos.com'),
	(611,5,'Sarah','Nelson','Department of Anthropology','Pioneer Hall South',NULL,NULL,NULL,NULL,NULL),
	(614,NULL,'Haeng','Kim','5201 Bordeaux Cove',NULL,'Ellicott City','MD                  ','21043',NULL,NULL),
	(616,1,'David','Gansz','251 Ludovic Street',NULL,'Wilmington','OH                  ','45177',NULL,NULL),
	(617,4,'Roma','Franko','2298-130a Street',NULL,'South Surey','BC Canada           ','V4A 8Y5',NULL,NULL),
	(618,4,'Cathy','Stone','7051 Hollywood Blvd',NULL,'Los Angeles','CA                  ','90028',NULL,NULL),
	(621,4,'Liane','Beights','University of Denver','203 John Greene Hall','Denver','CO                  ','80208',NULL,NULL),
	(622,4,'Annie','Schultz','2060 S. Gilpin St.',NULL,'Denver','CO                  ','80210',NULL,NULL),
	(623,1,'Roldofo','Biasca','600 W. County Line Road','Apt. 29 - 101','Highlands Ranch','CO                  ','80129',NULL,NULL),
	(624,4,'Leticia','Calzada','Consulate General of Mexico','48 Steele St.','Denver','CO                  ','80206',NULL,NULL),
	(625,1,'Pierre','Wolfe','3568 E. Virginia Ave.',NULL,'Denver','CO                  ','80209',NULL,NULL),
	(626,4,'Dorothe','Peterson','150 Quebec St. #249',NULL,'Denver','CO                  ','80230',NULL,NULL),
	(627,5,'Cathy E.','Kindquist','PO Box 508',NULL,'Gunnison','CO                  ','81230',NULL,NULL),
	(629,1,'Javier S.','Cuebas','2000 Huntington Avenue','Apt. 1521','Alexandria','VA                  ','22303',NULL,NULL),
	(630,4,'Katherine','Kersten','Vail International Dance Festival','PO BOX 309','Vail','CO                  ','81658',NULL,NULL),
	(632,4,'Colleen','Turner','University of Denver','Penrose Library','Denver','CO                  ','80208',NULL,NULL),
	(633,3,'Frederick and Jan','Mayer','c/o Captive Corporation','1700 Lincoln Street - Ste. 4750','Denver','CO                  ','80203',NULL,NULL),
	(634,4,'Gayla','Sturbaum','University of Denver','Penrose Library','Denver','CO                  ','80208',NULL,NULL),
	(635,1,'Marc','Sills','24324 Emerald Tr.',NULL,'Deer Trail','CO                  ','80105',NULL,NULL),
	(636,5,'Brison','Gooch','804 Empire St.',NULL,'Silverton','CO                  ','81433',NULL,NULL),
	(637,1,'Aldo','Comparini','2565 S. University Blvd. #707',NULL,'Denver','CO                  ','80210',NULL,NULL),
	(640,5,'David','Hopkins','University of Denver - International Business Programs','DCB 477','Denver','CO                  ','','',''),
	(641,4,'Erna','Garner','1270 Niagara Street',NULL,'Denver','CO                  ','80220',NULL,NULL),
	(642,4,'Karen','Hermann','c/o Pierre Wolfe','3568 E. Virginia Avenue','Denver','CO                  ','80209',NULL,NULL),
	(643,1,'Jonathan','Blaire','6081 S. Quebec Street','Suite 202','Centennial','CO                  ','80111',NULL,NULL),
	(644,1,'Marc','Freed','18510 Decatur',NULL,'Monte Sereno','CA                  ','95030',NULL,NULL),
	(645,1,'Bill','Schorger','10400 Pine Valley Drive',NULL,'Franktown','CO                  ','80116',NULL,NULL),
	(646,4,'Arlene','Grudis','2020 S. Monroe #402',NULL,'Denver','CO                  ','80210',NULL,NULL),
	(648,1,'James H.','Alexander','9429 Yale Lane',NULL,'Highlands Ranch','CO                  ','80130',NULL,NULL),
	(650,4,'Erin','Byker','2260 S. Grant St.',NULL,'Denver','CO                  ','80210',NULL,NULL),
	(651,1,'John','Mann','Penrose Library','University of Denver','Denver','CO                  ','80208',NULL,NULL),
	(653,1,'Peter','Vojtechovsky','Department of Mathematics, University of Denver',NULL,'Denver','CO                  ','80208',NULL,NULL),
	(654,1,'Keith','Kendall','429 W Right #12-209',' ','Lakewood','CO                  ','80228','720.301.2996',' '),
	(656,1,'Gary','Alexander','Westminster Law Library, DU Law','Ricketson Law Building, Room 330M, 2255 E. Evans Ave. ','Denver','CO                  ','80208','303-871-6809','galexand@du.edu'),
	(657,5,'Annette','Stott','Art Department','University of Denver','Denver','CO                  ','80210',NULL,NULL),
	(658,4,'Jan','Cantrill','224 Madison St.',NULL,'Denver','CO                  ','80206',NULL,NULL),
	(659,4,'Marie','Walton','4685 W 102nd Pl',NULL,'Westminster','CO                  ','80031-2319',NULL,NULL),
	(663,4,'Lydia','Rafferty','1510 Bunker Hill Rd',NULL,'Pueblo','CO                  ','81001',NULL,NULL),
	(664,4,'Johanna','Kelly','University of Denver','University Advancement','Denver','CO                  ','80210',NULL,NULL),
	(665,4,'Tatiana','Smokhina','Building 3,Prevlok Tu\' Sk11 248000',NULL,'Kaluga','Russia              ',NULL,NULL,NULL),
	(668,1,'Andrew C.','Kolody','1227 W Braewood Ave','','Highlands Ranch','CO                  ','80129','',''),
	(669,1,'D. Michael','Stretchberry','3800 E Jewell Ave #101',NULL,'Denver','CO                  ','80210','(303) 733-0070','mikestretchberry@msn.com'),
	(670,4,'Tatiana','Samokhina','Bldg. 3, Pereviok Tu Skii 248000',NULL,'Kaluga','Russia              ',NULL,NULL,NULL),
	(673,5,'Katheryn T.','Gardner','3345 S. Tulare Ct.',NULL,'Denver','CO                  ','80231',NULL,NULL),
	(674,1,'Alvin','Czanderna','P.O. Box 27209','','Denver','CO                  ','80227','(303) 986-1234','alczanderna@comcast.net'),
	(675,1,'Fernando (Test Entry)','Reyes','16253 E. Otero Ave.',NULL,'Englewood','CO                  ','80112','(303) 555-5555','freyes@du.edu'),
	(689,1,'Alan (Test Entry)','Sigudo','570 Downing St',NULL,'Denver','CO','80218',NULL,NULL),
	(690,1,'Dana','Miller','950 Lafayette, Ste. 101',NULL,'Denver','CO','80218',NULL,NULL),
	(691,1,'Stanley','Church',' 601 Little River Path','','The Villages','FL','32162','303-819-2597',''),
	(692,2,'Lydia','McCollum','3477 S. Race St.',NULL,'Englewood','CO','80113',NULL,NULL),
	(693,1,'Scott','Childers','2790 S. Oakland Cir. West',NULL,'Aurora','CO','80014',NULL,NULL),
	(694,1,'Jerry','Huller','8491 E. Long Avenue',NULL,'Centennial','CO','80112-2711',NULL,NULL),
	(695,4,'Pam','Bailey','106640 Belle Creek Blvd.',NULL,'Henderson','CO','80640',NULL,NULL),
	(696,NULL,NULL,'O\'Dorisio SR.',NULL,NULL,NULL,NULL,NULL,NULL,NULL),
	(697,1,'Tyler','Deweese','6931 S. Uinta Street',NULL,'Centennial','CO','80112',NULL,NULL),
	(698,5,'Leonard','Bischel','36 W. Del Rio Circle',NULL,'Tempe','AZ','85282',NULL,NULL),
	(699,1,'Paul','Beals','2650-A South Vaughn Way',NULL,'Aurora','CO','80014',NULL,NULL),
	(700,4,'Kathleen','Hill Sheldon','1434 S. University Boulevard',NULL,'Denver','CO','80210',NULL,NULL),
	(701,4,'Phyllis','Katz','15 W. 53rd St.',NULL,'New York','NY','10019',NULL,NULL),
	(702,3,'Sanford','Alpert','2800 S. University #159',NULL,'Denver','CO','80210',NULL,NULL),
	(703,1,'Dexter','Herda','910 E. 8th Ave #202',NULL,'Denver','CO','80218',NULL,NULL),
	(704,1,'David','Wegg','1560 Downing St. #4',NULL,'Denver','CO','80218',NULL,NULL),
	(705,4,'Muriel','Magenta','P.O.Box 1854','','Lenox Hill Station','NY','10021','',''),
	(706,1,'Jack','Kinton','c/o SSSR Center','203 Lilac Ln','North Aurura','IL','60542',NULL,NULL),
	(707,4,'Imelda','DeGraw','111 Emerson # 1663',NULL,'Denver','CO','80218',NULL,NULL),
	(708,4,'Anne','Mahoney','Sociology Dept.','University of Denver','Denver','CO','80208',NULL,NULL),
	(709,4,'Mary','Shonk','University of Denver High School',NULL,'Denver','CO','80208',NULL,NULL),
	(710,4,'Sylvia','Wesche','780 Popes Valley Drive',NULL,'Colorado Springs','CO','80919',NULL,NULL),
	(711,4,'Kaoru','Yamamoto','13651 W. 54th Avenue',NULL,'Arvada','CO','80002','(303) 432-8061','clplus3k@earthlink.net'),
	(712,4,'Jose','Herrera','10252 Bentwood Cir',NULL,'Littleton','CO','80126','(720) 560-9703',NULL),
	(713,1,'David','Abuldai','89 Lorong Cempakas','Bangi Golf Resort','43650','Selangor','Malaysia',' ',' '),
	(714,4,'Paul','Tontz','College of Education','University of Denver','Denver','CO','80208','(303) 871-2379',NULL),
	(715,4,'Scott','Lumpkin','University Advancement','University of Denver','Denver','CO','80208','(303) 871-2741',NULL),
	(716,NULL,'Aspen Art Museum',NULL,'590 North Mill Street',NULL,'Aspen','CO','81611',NULL,NULL),
	(717,4,'Myrna','Baron','Center for Cultural Judaism','224 West 35th Street Suite 410','New York','NY','10001','(212) 564-6711','info@culturaljudaism.org'),
	(718,4,'Polleke','Siraa','12216 E. Amherst Cirlce',NULL,'Aurora','CO','80014-3304','(303) 755-2522',NULL),
	(719,4,'Margaret','Evans','19 S. Eagle Circle',NULL,'Aurora','CO','80012',NULL,NULL),
	(720,4,'Cheryl','Arnold','8688 Aberdeen Circle',NULL,'Highlands Ranch','CO','80130','(303) 843-9334',NULL),
	(721,1,'Larry','Bundy','823 Goodhope Dr',NULL,'Castle Rock','CO','80108','(303) 814-3186','lnbundy@msn.com'),
	(722,4,'Phillida','Porter','5558 South Greenwood St.',NULL,'Aurora','CO','80120',NULL,NULL),
	(723,4,'Claudio','Delrieux',NULL,NULL,NULL,NULL,NULL,'(303) 871-3017','claudio@acm.org'),
	(724,4,'Sue','Weinstein','2330 Leyden St.',NULL,'Denver','CO','80207','(303) 321-7587',NULL),
	(725,4,'Daniel','Connolly','2030 E. Evans Ave','University of Denver','Denver','CO','80208','(303) 871-4278','connolly@du.edu'),
	(726,4,'Jenna','Ferer',NULL,NULL,NULL,NULL,NULL,'(720) 570-3512','rferer@du.edu'),
	(727,1,'Carl','Aikins','3515 La Hacienda Pl. NE',NULL,'Albuquerque','NM','87106','(505) 265-0165',NULL),
	(728,4,'Rikki','DuCornet','2240 S. Cook St.',NULL,'Denver','CO','80210','(303) 692-8160',NULL),
	(729,3,'Severt and Mary','Kvamme','6483 Nile Ct.',NULL,'Arvada','CO','80007',NULL,NULL),
	(730,1,'Roland','Walters','10600 E. Inpiration Dr.',NULL,'Parker','CO','80138','(303) 841-1895',NULL),
	(731,4,'Myra','Isenhart','2 Pond Road',NULL,'Englwood','CO','80110','(303) 796-8113',NULL),
	(732,4,'Carole','Westphal','1685 S. Colorado Blvd.',NULL,'Denver','CO','80222','(303) 870-6745',NULL),
	(733,4,'Robert','Stencel','Department of Physics','University of Denver','Denver','CO','80208','(303) 871-2135',NULL),
	(734,1,'George','Yoshida','10641 Cedarcrest Circle',NULL,'Highlands Ranch','CO','80130',NULL,NULL),
	(735,4,'Jean','Frazier','2300 Willow Lane',NULL,'Lakewood','CO','80215','(303) 232-8603',NULL),
	(736,1,'Paul','Ross','Center For Teaching and Learning','University of Denver','Denver','CO','80208',NULL,NULL),
	(737,4,'Theofanis','Stavrou','325 Social Sciences Building','267 19th Avenue South','Minneapolis','MN','55455','(612) 624-4526',NULL),
	(738,4,'Angela','Parkison','2111 Meadowlark Lane',NULL,'Glenwood Springs','CO','81601','(970) 945-7510',NULL),
	(739,4,'Anne-Marie','Schmitz','595 Harrington Avenue',NULL,'Los Altos','CA','94022',NULL,NULL),
	(740,5,'Anthony','Mlikotin','3414 Deluna Drive',NULL,'Rancho Palos Verdes','CA','90274',NULL,NULL),
	(741,4,'Lisa','Marcucci',NULL,NULL,NULL,NULL,NULL,NULL,'lisa.marcucci@du.edu'),
	(742,4,'Carla','Molliconi',NULL,NULL,NULL,NULL,NULL,'(303) 948-4402',NULL),
	(743,4,'Claudia','Giannetti','Study Abroad Programs / Office of Internationalization','University of Denver','Denver','CO','80208','(303) 871-3555','cgiannet@du.edu'),
	(745,1,'Anton','Camarota','7140 N. Summit View Drive','','Prescott Valley','AZ','86314','602-692-9777','anton@iso-coach.com'),
	(746,1,'Jonathan','Cohen','615 \"W\" Street',NULL,'Port Townsend','WA','98368',NULL,NULL),
	(747,4,'Colleen','Keller','EDUCAUSE','4772 Walnut St #206','Boulder','CO','80301','(303) 939-0309','ckeller@educause.edu'),
	(748,1,'John','Cripe','Wesley Hall Room 305','2135 E Wesley Ave','Denver','CO','80208','(303) 871-2571','jcripe@du.edu'),
	(749,NULL,'Liyakatali','Takim','Sturm Hall, Room 173','2000 E. Asbury Ave','Denver','CO','80208','(303) 871-3503','ltakim@du.edu'),
	(750,NULL,'A. Scott','DuPree',NULL,NULL,NULL,NULL,NULL,NULL,'mkoche@rocketmail.com'),
	(751,NULL,'Tahira','Khan',NULL,NULL,NULL,NULL,NULL,'(720) 238-5257','tkhan@du.edu'),
	(752,1,'Bassem Ahmed','Hassan',NULL,NULL,NULL,NULL,NULL,NULL,'bhassan@du.edu'),
	(753,NULL,'Ruth','Grimes','2020 S Monroe St #612',NULL,'Denver','CO','80210',NULL,NULL),
	(754,NULL,'Denver Art Museum',NULL,'100 W 14th Ave Pkwy',NULL,'Denver','CO','80204',NULL,NULL),
	(755,1,'H C','Van Schaack','2501S Milwaukee St',NULL,'Denver','CO','80210',NULL,NULL),
	(756,NULL,'Winifred L. Stevens Foundation',NULL,'18839 N Celosia Lane',NULL,'Surprise','AZ','85387',NULL,NULL),
	(757,4,'Shirley','Simmons','8600 Skyline Drive #1209',NULL,'Dallas','Texas','75243','(214) 553-0770',NULL),
	(758,6,'Lawrence','Conyers','Department of Anthropology, Sturm Hall, Room 132-S','2000 E. Asbury','Denver','CO','80208','(303) 871-2437','lconyers@du.edu'),
	(759,1,'Mark','Frymier','6409 Willow Springs Dr',NULL,'Morrison','CO','80465','(303) 697-8999',NULL),
	(760,1,'Hari','Banerjee','1717 Laurel Avenue',NULL,'Knoxville','TN','37916',NULL,NULL),
	(761,4,'Cody','Brown',NULL,NULL,NULL,NULL,NULL,NULL,'okoteam@gmail.com'),
	(762,4,'Emke','Raassen-Kruimel','Oude Drift 1  1251 BS','Laren Postbus 497  1250 AL','Laren','The Netherlands',NULL,NULL,'Eraassen@singerlaren.nl'),
	(763,1,'Michael','Hoover','4599 W 36th Pl #5',NULL,'Denver','CO','80212','(303) 552-3017',NULL),
	(764,1,'Ray','Lucht','2730 E Vassar Ave',NULL,'Denver','CO','80210','(303) 757-3227',NULL),
	(765,1,'Robert','Yablans','Mass Communications Building, Room 103','2490 S. Gaylord St.','Denver','CO','80210','(303) 871-4204','ryablans@du.edu'),
	(766,1,'Jose','Berrios','601 Poydras St Fl 28',NULL,'New Orleans','LA','70130',NULL,NULL),
	(767,4,'Kim','Garrett','8945 E Summit Rd','Parker','Parker','CO','80138',NULL,NULL),
	(768,4,NULL,NULL,NULL,NULL,NULL,NULL,NULL,NULL,NULL),
	(769,4,'Judith Ann','Brown','PO Box 101088',NULL,'Denver','CO','80250',NULL,NULL),
	(770,4,'Peggy','Keeran','2150 East Evans Avenue',NULL,'Denver','CO','80208','(303) 871-3410','pkeeran@du.edu'),
	(771,4,'Colleen','Peterson','52501 E 64th Ave',NULL,'Strasburg','CO','80136',NULL,NULL),
	(772,4,'Michael F.','L\'Annunziata','The Montague Group','PO Box 5033','Oceanside','CA','92052-5033',NULL,NULL),
	(773,4,'Jenny','Bowers','Penrose Library','2150 East Evans Avenue','Denver','CO','80208','(303) 871-3403','jbowers@du.edu'),
	(774,4,'Jill','Frymier Russell','3 High Pine Circle',NULL,'Wilbraham','MA','01095',NULL,NULL),
	(775,1,'Steven','Hartley','7151 S Newport Ct',NULL,'Englewood','CO','80112',NULL,NULL),
	(776,4,'Norine','Domenico','4545 W Yale Ave',NULL,'Denver','CO','80219-5648','(303) 936-4234',NULL),
	(777,NULL,'Bridge Publications, Inc.',NULL,'4751 Fountain Avenue',NULL,'Los Angeles','CA','90029-9823',NULL,NULL),
	(778,4,'Deborah','Palmieri','1552 Pennsylvania St',NULL,'Denver','CO','80203','(303) 831-0829',NULL),
	(779,4,'Shirley','Mott','13901 E Marine Dr #608',NULL,'Aurora','CO','80014',NULL,NULL),
	(780,4,'Barbara','Moe','1770 Hudson St',NULL,'Denver','CO','80220','(303) 333-5240','bamoe@attglobal.net'),
	(781,4,'Elizabeth','Owen','1707 Pindar Circle',NULL,'Lafayette','CO','80026',NULL,NULL),
	(782,4,'Vicki L.','Jordan','Charles L. Geddes Estate','3410 W. Amherst Ave.','Denver','CO','80236','(303) 927-7672',NULL),
	(783,1,'Bruce','Dimes','2552 E Alameda',NULL,'Denver','CO','80209',NULL,NULL),
	(784,4,'Sophia','Shafi','3676 26th Street',NULL,'Boulder','CO','80304',NULL,'sophialaila@yahoo.com'),
	(785,4,'George','Roberson','1360 Williams St., Apt 501',NULL,'Denver','CO','80218',NULL,NULL),
	(786,5,'George','Roberson','1360 Williams St., Apt 501',' ','Denver','CO','80218','413.212.4141','pelerinmondial@yahoo.com'),
	(787,4,'Harriet','Speck','3984 S Ivy Way',NULL,'Denver','CO','80237','(303) 759-1174',NULL),
	(788,4,'Capasso','Diana','University  of Denver\r\nLanguages & Literatures\r\nSturm Hall 204',NULL,NULL,NULL,NULL,NULL,'dcapasso@du.edu'),
	(789,4,'Michelle','Larson-Krieg','175 S Colorado Blvd',NULL,'Denver','CO','80246','(303) 335-7576',NULL),
	(790,4,'Joan','Burgess','1670 Circle B Road',NULL,'Paso Robles','CA','93446',NULL,NULL),
	(791,10,'Madhura','Kulkarni',NULL,NULL,NULL,NULL,NULL,'(603) 930-0534','kul.madhura@gmail.com'),
	(792,1,'Greg','Hudson','14 Timberlane Drive',NULL,'Chillicothe','OH','45601',NULL,NULL),
	(793,1,'George','Christie','PO Box 460296',NULL,'Denver','CO','80246','(303) 759-9153',NULL),
	(794,1,'Calvin W.','Rice','6180 S. Monaco Way',NULL,'Centennial','CO','80111',NULL,NULL),
	(795,1,'Wayne H.','Brunetti','PO Box 23433','155 Two Cabins Road','Silverthorne','CO','80498','(970) 389-4608','waynebrunetti@comcast.net'),
	(796,1,'Don','Bacon','20 Fairfax St',NULL,'Denver','CO','80220','(303) 355-6981','dbacon@du.edu'),
	(797,1,'Anand K.','Ojha','4940 Montvale Dr',NULL,'Highlands Ranch','CO','80130','(720) 344-7766','akojha@gimail.af.mil'),
	(798,4,'Ellen','Ashcraft','2070 S Cook',NULL,'Denver','CO','80210',NULL,NULL),
	(799,1,'Richard','Hennessy','3569 S Dawson St','','Aurora','CO','80014','(303) 693-0283','crossroadssh@msn.com'),
	(800,1,'Gaetan','Yizere','16920 E Carlson Dr #317',NULL,'Parker','CO','80134','(303) 840-0892',NULL),
	(801,4,'Sharon','Ballard','14152 E Linvale Place #102',NULL,'Aurora','CO','80014',NULL,NULL),
	(802,4,'Sheila','Feeney','Gardens at St Elizabeth #1273','2835 W 32nd Ave','Denver','CO','80211',NULL,NULL),
	(803,1,'John','Richardson','2295 E Iliff Ave #306',NULL,'Denver','CO','80210',NULL,NULL),
	(804,1,'Thomas','Watson','3537 W 62nd Ave',NULL,'Denver','CO','80221',NULL,NULL),
	(805,4,'Eaton','Gareth','Department of Chemistry & Biochemistry\r\nUniversity of Denver','2101 E. Wesley Ave','Denver','CO','80208','(303) 871-2254','geaton@du.edu'),
	(806,4,'Sarah','Slater','320 Huron Ave',NULL,'Cambridge','MA','02138','(617) 835-2352',NULL),
	(807,4,'Clara Lucille','Patten','attn: Richard Patten','2475 S Newton St','Denver','CO','80219','(303) 936-3790',NULL),
	(808,1,'Calvin','Campbell','343 Turf Ln',NULL,'Castle Rock','CO','80108','(303) 790-7921',NULL),
	(809,NULL,'Baldwin','Ranson','700 Kimbark St',NULL,'Longmont','CO','80501','(303) 684-0139','ranson@forevermail.com'),
	(810,1,'Richard','Belmonte','2555 Carr Ct',NULL,'Lakewood','CO','80215',NULL,NULL),
	(811,4,'Liz','Schoeberlein','2035 Bluebell',NULL,'Boulder','CO','80302',NULL,NULL),
	(812,NULL,'Paul','Rosen','48 Cedar Street',NULL,'Worcester','MA','01609',NULL,NULL),
	(813,NULL,'Tom','Williams','82 Silver Fox Dr.',NULL,'Greenwood Village','CO','80121',NULL,NULL),
	(814,2,'Rita','Roth','566 E Nichols Dr.',NULL,'Littleton','CO','80122',NULL,NULL),
	(815,NULL,'Mohamed','Yusef Somji (Islamic Education Board Dar-Ul-Tabligh)','786 Summa Ave',NULL,'Westbury','NY','11590',NULL,NULL),
	(816,NULL,'Dia-Tarini Devi Dasi',NULL,'1417 Dexter St.',NULL,'Denver','CO','80220',NULL,NULL),
	(817,4,'Dorene','Miller','Univesity of Denver',NULL,'Denver','CO','80208',NULL,NULL),
	(818,4,'Susan J.','Shaffer','800 Garden Street, Suite D',NULL,'Santa Barbara','CA','93101-1552',NULL,NULL),
	(819,NULL,'Steven','Psaledaleis','1409 South Garfield',NULL,'Denver','CO','80210',NULL,NULL),
	(820,1,'James','LaVita','University of Denver','2000 East Asbury  #146','Denver','CO','80208','(303) 871-3304','lavita@du.edu'),
	(821,4,'Linda','Plaut','622 Mt Evans Rd',NULL,'Golden','CO','80401',NULL,NULL),
	(823,6,'Test Name','Test Name','test','test','Denver','CO','80208','555-555-5555','freyes@du.edu'),
	(824,6,'Test Name','Test Name','test','test','Denver','CO','80208','555-555-5555','freyes@du.edu'),
	(825,NULL,'Betty','Miller','685 Poppy Way',NULL,'Broomfield','CO','80020','(303) 466-3643',NULL),
	(826,NULL,'Steven Roy','Goodman','3554 Appleton St NW',NULL,'Washington','DC','20008','(202) 986-9431','steve@topcolleges.com'),
	(827,1,'Andrei','Orlov','Theology Department, Marquette University, Coughlin Hall 217','PO Box 1881','Milwaukee','WI','53201','(414) 288-6802','andrei.orlov@mu.edu'),
	(828,NULL,'Lowell','Arnold','1750 E Jamison Pl',NULL,'Centennial','CO','80122','(303) 794-1349',NULL),
	(829,2,'Constance F.','Polin','25 Tunstall Road',NULL,'Scarsdale','NY','10583',NULL,'polincr@worldnet.att.net'),
	(830,5,'Bahman Paul','Ebrahimi','Department of Management','2101 S University Blvd','Denver','CO','80208','303.871.4576','ebrahimi@du.edu'),
	(831,15,'JoAnne','Friedman','660 Grape St','','Denver ','CO','80220','303.399.0612',''),
	(832,4,'Ann','Olson','13174 W Asbury Circle',' ','Lakewood','CO','80228','303.980.8149','eslolson@comcast.net'),
	(833,1,'James','Crawford','7383 S Fillmore Circle',' ','Centennial','CO','80122','303.220.5450','crawfish1@comcast.net'),
	(834,1,'John','Burnett','Daniels College of Business, Room 490','2101 S University Blvd','Denver','CO','80208','303.871.2168','jburnett@du.edu'),
	(835,1,'David','Johnson','701 Harlan St #E20',' ','Lakewood ','CO','80214','303.883.7762','superwaldo2@yahoo.com'),
	(836,1,'Chris','Lucas','144 Jackson St',' ','Denver','CO','80206','303.316.0338',' '),
	(837,1,'Bob','Bruno','6161 S Marion Way',' ','Centennial','CO','80121','303.798.1401',' '),
	(838,6,'Wendy','Duong','Sturm College of Law','2255 E Evans Ave','Denver','CO','80208','303-871-6529','wduong@du.edu'),
	(839,1,'Mel','Singer','1863 Wazee #3E',' ','Denver','CO','80202','303.295.1528',' '),
	(840,4,'Terri','Hoopes','2895 S Williams St',' ','Denver','CO','80210',' ',' '),
	(841,1,'Len','Chernila','2458 S. Gilpin',' ','Denver','CO','80210','303.733.5107',' '),
	(842,5,'Ralph','DiFranco','3085 S. Monroe',' ','Denver','CO','80210','303.759.4153','rdifranc@du.edu'),
	(843,1,'Harold','Beier','3131 E. Alameda Ave. #206',' ','Denver','CO','80209','303.777.8429','hcb@dhaa.org'),
	(844,1,'Brian','Brant','Child Welfare League of America','1120 Lincoln St. #701','Denver','CO','80203','720.570.9488','bbrant@cwla.org'),
	(845,5,'Blaine','Robinson','2533 Haralson Ct','','Ft Collins','CO','80526','970.407.1188',''),
	(846,3,'Allen & Barbara','Young','c/o Betsy Sweeney','12192 E. Amherst Circle','Aurora','CO','80014','720.212.6150',' '),
	(847,5,'George','Lof','6 Parkway Drive',' ','Englewood','CO','80113','303.777.2864',' '),
	(848,4,'Carolyn','Earley','1148 E Irwin Place',' ','Centennial','CO','80122','303.795.9555',' '),
	(849,15,'Ruth','Reiley','4744 S Fraser St',' ','Aurora','CO','80015','303.690.5337',' '),
	(850,1,'Edward','Cohen','2950 W Jarvis',' ','Chicago','IL','60645',' ',' '),
	(851,1,'Paul','Gutknecht','11374 Quivas Way',' ','Westminster','CO','80234','303.465.1236',' '),
	(852,4,'Marilyn','Yen','2800 S University Blvd #170',' ','Denver','CO','80210',' ',' '),
	(853,1,'E. M.','Kay','290 S Elm St',' ','Denver','CO','80246','720.220.9614','eugenekay@msn.com'),
	(854,5,'James R','Kunkel','1580 Lincoln St #1000',' ','Denver','CO','80203','303.629.8788','jkunkel@knightpiesold.com'),
	(855,1,'Peter','Montoya','660 Clermont St','','Denver','CO','80220','',''),
	(856,16,'An-Hsin','Yao',' ','  ',' ',' ','  ','720.936.5876','ayao@du.edu'),
	(857,5,'Guy','Besson','808 S Public Rd #201',' ','Lafayette','CO','80026','303.410.2862','guy.besson@comcast.net'),
	(858,5,'Harold','Gabow','141 Dahlia St',' ','Denver','CO','80220',' ','Harold.Gabow@Colorado.EDU'),
	(859,5,'Anne','McCall','Dean of Arts, Humanities & Social Services','Sturm Hall #457, 2000 E Asbury Ave','Denver','CO','80208','303-871-4449','Anne.McCall@du.edu'),
	(860,4,'Katie','Karr','2550 S York St #303','','Denver','CO','80210','',''),
	(861,1,'Alan','Sprigg','c/o Sarah Sprigg','585 S Alton Way 3C','Denver','CO','80247','303.340.1545',' '),
	(862,4,'Christy','Thompson','PO BOX 1472',' ','Laramie','WY','82073','303-760-5526','cthompson211@msn.com'),
	(863,15,'Linda','Reed','26756 Columbine Glen Ave',' ','Golden','CO','80401','303.526.1511',' '),
	(864,1,'Harvey ','Cohen','700 Colorado Blvd #345',' ','Denver','CO','80206',' ',' '),
	(865,3,'Peter & Pat','Milstein','685 Bellaire St',' ','Denver','CO','80220','303.320.1956',' '),
	(866,1,'James','Rowe','10102 Ludwig St',' ','Villa Park','CA','92861',' ',' '),
	(867,5,'Hemprova','McDonald','Diagnostic & Cell Research Institute','2713 N 43rd St','Waco','TX','76710','254.776.4909','hemprovamcdonald@aol.com'),
	(868,1,'Jim','Bernath','PO Box 502',' ','Englewood','CO','80151',' ',' '),
	(869,4,'Mary ','Tibbetts','3000 S Jasmine St',' ','Denver','CO','80222','303.757.3117',' '),
	(870,5,'Robert','Aiduk','1023 W Peakview Cir',' ','Littleton','CO','80120',' ',' '),
	(871,16,'Virginia','Boucher','845 Lincoln Place',' ','Boulder','CO','80302',' 303-443-4640',' '),
	(872,1,'Robert','La Crosse','2520 Robb Court',' ','Lakewood','CO','80215','303-232-0401',' '),
	(873,6,'Salvador','Mercado','Dept. of Languages and Literature','Sturm Hall, 2000 E. Asbury Ave.','Denver','CO','80208','303-871-2184','smercado@du.edu'),
	(874,16,'L. DeWayne','Young','7109 No. 28th Dr.','','Phoenix','AZ','85051-8459','',''),
	(875,5,'Don','Bross','1825 Marion St',' ','Denver','CO','80218',' ',' '),
	(876,4,'Phyllis','Koropp','2550 S University Blvd #902',' ','Denver','CO','80210','303-642-0154',' '),
	(877,4,'Holly','Arnold-Kinney','c/o The Fort','19192 Hwy 8','Morrison','CO','80465',' ',' '),
	(878,1,'George','Hartlaub','486 S Krameria St',' ','Denver','CO','80224','303-377-7836',' '),
	(879,5,'Richard','Dahlke','BergWay Publishing','PO Box 701785','Plymouth','MI','48170','','bergwaypublishing@comcast.net'),
	(880,6,'Lora','Hacker','Daniels College of Business # 384','2101 S. University','Denver ','CO','80208','303-871-7977','lhacker@du.edu'),
	(881,1,'Tim','Goddard','University of Prince Edward Island','550 University Ave','Charlottetown','Prince Edward Island Canada','C1A 4P3','902-566-0349',''),
	(882,1,'Dan','Svoboda','2510 S Dudley St',' ','Lakewood','CO','80227',' ',' '),
	(883,5,'David','Carlson','1471 S Gaylord St',' ','Denver','CO','80210','303.722.9892','david@resourceanalysis.net'),
	(884,4,'Vicky','Kellen','7675 Pine Ridge Terrace',' ','Castle Rock','CO','80108',' ',' '),
	(885,4,'Robin','Parks','8250 E Harvard Ave #6-109',' ','Denver','CO','80231','714.318.1862',' '),
	(1421,4,'\'UNION\'','','','','','','','',''),
	(1423,4,'\'','','','','','','','',''),
	(1425,4,'\'\"','','','','','','','',''),
	(1427,4,'9, 9, 9','','','','','','','',''),
	(1429,4,'\'bad_bad_value','','','','','','','',''),
	(1431,4,'bad_bad_value\'','','','','','','','',''),
	(1433,4,'\' AND \'','','','','','','','',''),
	(1435,4,'\'WHERE','','','','','','','',''),
	(1437,4,';','','','','','','','',''),
	(1439,4,'\'AND','','','','','','','',''),
	(1441,4,'\' or 1=1-- ','','','','','','','',''),
	(1443,4,' or 1=1-- ','','','','','','','',''),
	(1445,4,'\' or \'a\'=\'a','','','','','','','',''),
	(1447,4,'\') or (\'a\'=\'a','','','','','','','',''),
	(1449,4,'char(39)','','','','','','','',''),
	(1451,4,'\'','','','','','','','',''),
	(1453,4,'\' AND 1=1)','','','','','','','',''),
	(1455,4,'\' AND 1=1))','','','','','','','',''),
	(1457,4,'\' AND 1=1#','','','','','','','',''),
	(1459,4,'\' AND 1=1)#','','','','','','','',''),
	(1461,4,'\' AND 1=1))#','','','','','','','',''),
	(1463,4,'','','','','','','','',''),
	(1465,4,'','','','','','','','',''),
	(1467,4,'','','','','','','','',''),
	(1469,4,'','','','','','','','',''),
	(1471,4,'\' or 1=1/*','','','','','','','',''),
	(1473,4,'\' or 1=1)/*','','','','','','','',''),
	(1475,4,'\' or 1=1))/*','','','','','','','',''),
	(1477,4,'-- ','','','','','','','',''),
	(1479,4,'#','','','','','','','',''),
	(1481,4,'/*','','','','','','','',''),
	(1483,4,'\"','','','','','','','',''),
	(1485,4,'\"','','','','','','','',''),
	(1487,4,'%27','','','','','','','',''),
	(1489,4,'\' convert(int,convert(varchar,0x7b5d)) \'','','','','','','','',''),
	(1491,4,'convert(int,convert(varchar,0x7b5d))','','','','','','','',''),
	(1493,4,'\' convert(varchar,0x7b5d) \'','','','','','','','',''),
	(1495,4,'convert(varchar,0x7b5d)','','','','','','','',''),
	(1497,4,'\'+convert(int,convert(varchar,0x7b5d))+\'','','','','','','','',''),
	(1499,4,'\'+convert(varchar,0x7b5d)+\'','','','','','','','',''),
	(1501,4,'convert(int,convert(varchar,0x7b5d))','','','','','','','',''),
	(1503,4,'convert(varchar,0x7b5d)','','','','','','','',''),
	(1505,4,'whatever)','','','','','','','',''),
	(1507,4,'','\'UNION\'','','','','','','',''),
	(1509,4,'','\'','','','','','','',''),
	(1511,4,'','\'\"','','','','','','',''),
	(1513,4,'','9, 9, 9','','','','','','',''),
	(1515,4,'','\'bad_bad_value','','','','','','',''),
	(1517,4,'','bad_bad_value\'','','','','','','',''),
	(1519,4,'','\' AND \'','','','','','','',''),
	(1521,4,'','\'WHERE','','','','','','',''),
	(1523,4,'',';','','','','','','',''),
	(1525,4,'','\'AND','','','','','','',''),
	(1527,4,'','\' or 1=1-- ','','','','','','',''),
	(1529,4,'',' or 1=1-- ','','','','','','',''),
	(1531,4,'','\' or \'a\'=\'a','','','','','','',''),
	(1533,4,'','\') or (\'a\'=\'a','','','','','','',''),
	(1535,4,'','char(39)','','','','','','',''),
	(1537,4,'','\'','','','','','','',''),
	(1539,4,'','\' AND 1=1)','','','','','','',''),
	(1541,4,'','\' AND 1=1))','','','','','','',''),
	(1543,4,'','\' AND 1=1#','','','','','','',''),
	(1545,4,'','\' AND 1=1)#','','','','','','',''),
	(1547,4,'','\' AND 1=1))#','','','','','','',''),
	(1549,4,'','','','','','','','',''),
	(1551,4,'','','','','','','','',''),
	(1553,4,'','','','','','','','',''),
	(1555,4,'','','','','','','','',''),
	(1557,4,'','\' or 1=1/*','','','','','','',''),
	(1559,4,'','\' or 1=1)/*','','','','','','',''),
	(1561,4,'','\' or 1=1))/*','','','','','','',''),
	(1563,4,'','-- ','','','','','','',''),
	(1565,4,'','#','','','','','','',''),
	(1567,4,'','/*','','','','','','',''),
	(1569,4,'','\"','','','','','','',''),
	(1571,4,'','\"','','','','','','',''),
	(1573,4,'','%27','','','','','','',''),
	(1575,4,'','\' convert(int,convert(varchar,0x7b5d)) \'','','','','','','',''),
	(1577,4,'','convert(int,convert(varchar,0x7b5d))','','','','','','',''),
	(1579,4,'','\' convert(varchar,0x7b5d) \'','','','','','','',''),
	(1581,4,'','convert(varchar,0x7b5d)','','','','','','',''),
	(1583,4,'','\'+convert(int,convert(varchar,0x7b5d))+\'','','','','','','',''),
	(1585,4,'','\'+convert(varchar,0x7b5d)+\'','','','','','','',''),
	(1587,4,'','convert(int,convert(varchar,0x7b5d))','','','','','','',''),
	(1589,4,'','convert(varchar,0x7b5d)','','','','','','',''),
	(1591,4,'','whatever)','','','','','','',''),
	(1593,4,'','','\'UNION\'','','','','','',''),
	(1595,4,'','','\'','','','','','',''),
	(1597,4,'','','\'\"','','','','','',''),
	(1599,4,'','','9, 9, 9','','','','','',''),
	(1601,4,'','','\'bad_bad_value','','','','','',''),
	(1603,4,'','','bad_bad_value\'','','','','','',''),
	(1605,4,'','','\' AND \'','','','','','',''),
	(1607,4,'','','\'WHERE','','','','','',''),
	(1609,4,'','',';','','','','','',''),
	(1611,4,'','','\'AND','','','','','',''),
	(1613,4,'','','\' or 1=1-- ','','','','','',''),
	(1615,4,'','',' or 1=1-- ','','','','','',''),
	(1617,4,'','','\' or \'a\'=\'a','','','','','',''),
	(1619,4,'','','\') or (\'a\'=\'a','','','','','',''),
	(1621,4,'','','char(39)','','','','','',''),
	(1623,4,'','','\'','','','','','',''),
	(1625,4,'','','\' AND 1=1)','','','','','',''),
	(1627,4,'','','\' AND 1=1))','','','','','',''),
	(1629,4,'','','\' AND 1=1#','','','','','',''),
	(1631,4,'','','\' AND 1=1)#','','','','','',''),
	(1633,4,'','','\' AND 1=1))#','','','','','',''),
	(1635,4,'','','','','','','','',''),
	(1637,4,'','','','','','','','',''),
	(1639,4,'','','','','','','','',''),
	(1641,4,'','','','','','','','',''),
	(1643,4,'','','\' or 1=1/*','','','','','',''),
	(1645,4,'','','\' or 1=1)/*','','','','','',''),
	(1647,4,'','','\' or 1=1))/*','','','','','',''),
	(1649,4,'','','-- ','','','','','',''),
	(1651,4,'','','#','','','','','',''),
	(1653,4,'','','/*','','','','','',''),
	(1655,4,'','','\"','','','','','',''),
	(1657,4,'','','\"','','','','','',''),
	(1659,4,'','','%27','','','','','',''),
	(1661,4,'','','\' convert(int,convert(varchar,0x7b5d)) \'','','','','','',''),
	(1663,4,'','','convert(int,convert(varchar,0x7b5d))','','','','','',''),
	(1665,4,'','','\' convert(varchar,0x7b5d) \'','','','','','',''),
	(1667,4,'','','convert(varchar,0x7b5d)','','','','','',''),
	(1669,4,'','','\'+convert(int,convert(varchar,0x7b5d))+\'','','','','','',''),
	(1671,4,'','','\'+convert(varchar,0x7b5d)+\'','','','','','',''),
	(1673,4,'','','convert(int,convert(varchar,0x7b5d))','','','','','',''),
	(1675,4,'','','convert(varchar,0x7b5d)','','','','','',''),
	(1677,4,'','','whatever)','','','','','',''),
	(1679,4,'','','','\'UNION\'','','','','',''),
	(1681,4,'','','','\'','','','','',''),
	(1683,4,'','','','\'\"','','','','',''),
	(1685,4,'','','','9, 9, 9','','','','',''),
	(1687,4,'','','','\'bad_bad_value','','','','',''),
	(1689,4,'','','','bad_bad_value\'','','','','',''),
	(1691,4,'','','','\' AND \'','','','','',''),
	(1693,4,'','','','\'WHERE','','','','',''),
	(1695,4,'','','',';','','','','',''),
	(1697,4,'','','','\'AND','','','','',''),
	(1699,4,'','','','\' or 1=1-- ','','','','',''),
	(1701,4,'','','',' or 1=1-- ','','','','',''),
	(1703,4,'','','','\' or \'a\'=\'a','','','','',''),
	(1705,4,'','','','\') or (\'a\'=\'a','','','','',''),
	(1707,4,'','','','char(39)','','','','',''),
	(1709,4,'','','','\'','','','','',''),
	(1711,4,'','','','\' AND 1=1)','','','','',''),
	(1713,4,'','','','\' AND 1=1))','','','','',''),
	(1715,4,'','','','\' AND 1=1#','','','','',''),
	(1717,4,'','','','\' AND 1=1)#','','','','',''),
	(1719,4,'','','','\' AND 1=1))#','','','','',''),
	(1721,4,'','','','','','','','',''),
	(1723,4,'','','','','','','','',''),
	(1725,4,'','','','','','','','',''),
	(1727,4,'','','','','','','','',''),
	(1729,4,'','','','\' or 1=1/*','','','','',''),
	(1731,4,'','','','\' or 1=1)/*','','','','',''),
	(1733,4,'','','','\' or 1=1))/*','','','','',''),
	(1735,4,'','','','-- ','','','','',''),
	(1737,4,'','','','#','','','','',''),
	(1739,4,'','','','/*','','','','',''),
	(1741,4,'','','','\"','','','','',''),
	(1743,4,'','','','\"','','','','',''),
	(1745,4,'','','','%27','','','','',''),
	(1747,4,'','','','\' convert(int,convert(varchar,0x7b5d)) \'','','','','',''),
	(1749,4,'','','','convert(int,convert(varchar,0x7b5d))','','','','',''),
	(1751,4,'','','','\' convert(varchar,0x7b5d) \'','','','','',''),
	(1753,4,'','','','convert(varchar,0x7b5d)','','','','',''),
	(1755,4,'','','','\'+convert(int,convert(varchar,0x7b5d))+\'','','','','',''),
	(1757,4,'','','','\'+convert(varchar,0x7b5d)+\'','','','','',''),
	(1759,4,'','','','convert(int,convert(varchar,0x7b5d))','','','','',''),
	(1761,4,'','','','convert(varchar,0x7b5d)','','','','',''),
	(1763,4,'','','','whatever)','','','','',''),
	(1765,4,'','','','','\'UNION\'','','','',''),
	(1767,4,'','','','','\'','','','',''),
	(1769,4,'','','','','\'\"','','','',''),
	(1771,4,'','','','','9, 9, 9','','','',''),
	(1773,4,'','','','','\'bad_bad_value','','','',''),
	(1775,4,'','','','','bad_bad_value\'','','','',''),
	(1777,4,'','','','','\' AND \'','','','',''),
	(1779,4,'','','','','\'WHERE','','','',''),
	(1781,4,'','','','',';','','','',''),
	(1783,4,'','','','','\'AND','','','',''),
	(1785,4,'','','','','\' or 1=1-- ','','','',''),
	(1787,4,'','','','',' or 1=1-- ','','','',''),
	(1789,4,'','','','','\' or \'a\'=\'a','','','',''),
	(1791,4,'','','','','\') or (\'a\'=\'a','','','',''),
	(1793,4,'','','','','char(39)','','','',''),
	(1795,4,'','','','','\'','','','',''),
	(1797,4,'','','','','\' AND 1=1)','','','',''),
	(1799,4,'','','','','\' AND 1=1))','','','',''),
	(1801,4,'','','','','\' AND 1=1#','','','',''),
	(1803,4,'','','','','\' AND 1=1)#','','','',''),
	(1805,4,'','','','','\' AND 1=1))#','','','',''),
	(1807,4,'','','','','','','','',''),
	(1809,4,'','','','','','','','',''),
	(1811,4,'','','','','','','','',''),
	(1813,4,'','','','','','','','',''),
	(1815,4,'','','','','\' or 1=1/*','','','',''),
	(1817,4,'','','','','\' or 1=1)/*','','','',''),
	(1819,4,'','','','','\' or 1=1))/*','','','',''),
	(1821,4,'','','','','-- ','','','',''),
	(1823,4,'','','','','#','','','',''),
	(1825,4,'','','','','/*','','','',''),
	(1827,4,'','','','','\"','','','',''),
	(1829,4,'','','','','\"','','','',''),
	(1831,4,'','','','','%27','','','',''),
	(1833,4,'','','','','\' convert(int,convert(varchar,0x7b5d)) \'','','','',''),
	(1835,4,'','','','','convert(int,convert(varchar,0x7b5d))','','','',''),
	(1837,4,'','','','','\' convert(varchar,0x7b5d) \'','','','',''),
	(1839,4,'','','','','convert(varchar,0x7b5d)','','','',''),
	(1841,4,'','','','','\'+convert(int,convert(varchar,0x7b5d))+\'','','','',''),
	(1843,4,'','','','','\'+convert(varchar,0x7b5d)+\'','','','',''),
	(1845,4,'','','','','convert(int,convert(varchar,0x7b5d))','','','',''),
	(1847,4,'','','','','convert(varchar,0x7b5d)','','','',''),
	(1849,4,'','','','','whatever)','','','',''),
	(1851,4,'','','','','','\'UNION\'','','',''),
	(1853,4,'','','','','','\'','','',''),
	(1855,4,'','','','','','\'\"','','',''),
	(1857,4,'','','','','','9, 9, 9','','',''),
	(1859,4,'','','','','','\'bad_bad_value','','',''),
	(1861,4,'','','','','','bad_bad_value\'','','',''),
	(1863,4,'','','','','','\' AND \'','','',''),
	(1865,4,'','','','','','\'WHERE','','',''),
	(1867,4,'','','','','',';','','',''),
	(1869,4,'','','','','','\'AND','','',''),
	(1871,4,'','','','','','\' or 1=1-- ','','',''),
	(1873,4,'','','','','',' or 1=1-- ','','',''),
	(1875,4,'','','','','','\' or \'a\'=\'a','','',''),
	(1877,4,'','','','','','\') or (\'a\'=\'a','','',''),
	(1879,4,'','','','','','char(39)','','',''),
	(1881,4,'','','','','','\'','','',''),
	(1883,4,'','','','','','\' AND 1=1)','','',''),
	(1885,4,'','','','','','\' AND 1=1))','','',''),
	(1887,4,'','','','','','\' AND 1=1#','','',''),
	(1889,4,'','','','','','\' AND 1=1)#','','',''),
	(1891,4,'','','','','','\' AND 1=1))#','','',''),
	(1893,4,'','','','','','','','',''),
	(1895,4,'','','','','','','','',''),
	(1897,4,'','','','','','','','',''),
	(1899,4,'','','','','','','','',''),
	(1901,4,'','','','','','\' or 1=1/*','','',''),
	(1903,4,'','','','','','\' or 1=1)/*','','',''),
	(1905,4,'','','','','','\' or 1=1))/*','','',''),
	(1907,4,'','','','','','-- ','','',''),
	(1909,4,'','','','','','#','','',''),
	(1911,4,'','','','','','/*','','',''),
	(1913,4,'','','','','','\"','','',''),
	(1915,4,'','','','','','\"','','',''),
	(1917,4,'','','','','','%27','','',''),
	(1919,4,'','','','','','\' convert(int,convert(varchar,0x7b5d)) \'','','',''),
	(1921,4,'','','','','','convert(int,convert(varchar,0x7b5d))','','',''),
	(1923,4,'','','','','','\' convert(varchar,0x7b5d) \'','','',''),
	(1925,4,'','','','','','convert(varchar,0x7b5d)','','',''),
	(1927,4,'','','','','','\'+convert(int,convert(varchar,0x7b5d))+\'','','',''),
	(1929,4,'','','','','','\'+convert(varchar,0x7b5d)+\'','','',''),
	(1931,4,'','','','','','convert(int,convert(varchar,0x7b5d))','','',''),
	(1933,4,'','','','','','convert(varchar,0x7b5d)','','',''),
	(1935,4,'','','','','','whatever)','','',''),
	(1937,4,'','','','','','','\'UNION\'','',''),
	(1939,4,'','','','','','','\'','',''),
	(1941,4,'','','','','','','\'\"','',''),
	(1943,4,'','','','','','','9, 9, 9','',''),
	(1945,4,'','','','','','','\'bad_bad_value','',''),
	(1947,4,'','','','','','','bad_bad_value\'','',''),
	(1949,4,'','','','','','','\' AND \'','',''),
	(1951,4,'','','','','','','\'WHERE','',''),
	(1953,4,'','','','','','',';','',''),
	(1955,4,'','','','','','','\'AND','',''),
	(1957,4,'','','','','','','\' or 1=1-- ','',''),
	(1959,4,'','','','','','',' or 1=1-- ','',''),
	(1961,4,'','','','','','','\' or \'a\'=\'a','',''),
	(1963,4,'','','','','','','\') or (\'a\'=\'a','',''),
	(1965,4,'','','','','','','char(39)','',''),
	(1967,4,'','','','','','','\'','',''),
	(1969,4,'','','','','','','\' AND 1=1)','',''),
	(1971,4,'','','','','','','\' AND 1=1))','',''),
	(1973,4,'','','','','','','\' AND 1=1#','',''),
	(1975,4,'','','','','','','\' AND 1=1)#','',''),
	(1977,4,'','','','','','','\' AND 1=1))#','',''),
	(1979,4,'','','','','','','','',''),
	(1981,4,'','','','','','','','',''),
	(1983,4,'','','','','','','','',''),
	(1985,4,'','','','','','','','',''),
	(1987,4,'','','','','','','\' or 1=1/*','',''),
	(1989,4,'','','','','','','\' or 1=1)/*','',''),
	(1991,4,'','','','','','','\' or 1=1))/*','',''),
	(1993,4,'','','','','','','-- ','',''),
	(1995,4,'','','','','','','#','',''),
	(1997,4,'','','','','','','/*','',''),
	(1999,4,'','','','','','','\"','',''),
	(2001,4,'','','','','','','\"','',''),
	(2003,4,'','','','','','','%27','',''),
	(2005,4,'','','','','','','\' convert(int,convert(varchar,0x7b5d)) \'','',''),
	(2007,4,'','','','','','','convert(int,convert(varchar,0x7b5d))','',''),
	(2009,4,'','','','','','','\' convert(varchar,0x7b5d) \'','',''),
	(2011,4,'','','','','','','convert(varchar,0x7b5d)','',''),
	(2013,4,'','','','','','','\'+convert(int,convert(varchar,0x7b5d))+\'','',''),
	(2015,4,'','','','','','','\'+convert(varchar,0x7b5d)+\'','',''),
	(2017,4,'','','','','','','convert(int,convert(varchar,0x7b5d))','',''),
	(2019,4,'','','','','','','convert(varchar,0x7b5d)','',''),
	(2021,4,'','','','','','','whatever)','',''),
	(2023,4,'','','','','','','','\'UNION\'',''),
	(2025,4,'','','','','','','','\'',''),
	(2027,4,'','','','','','','','\'\"',''),
	(2029,4,'','','','','','','','9, 9, 9',''),
	(2031,4,'','','','','','','','\'bad_bad_value',''),
	(2033,4,'','','','','','','','bad_bad_value\'',''),
	(2035,4,'','','','','','','','\' AND \'',''),
	(2037,4,'','','','','','','','\'WHERE',''),
	(2039,4,'','','','','','','',';',''),
	(2041,4,'','','','','','','','\'AND',''),
	(2043,4,'','','','','','','','\' or 1=1-- ',''),
	(2045,4,'','','','','','','',' or 1=1-- ',''),
	(2047,4,'','','','','','','','\' or \'a\'=\'a',''),
	(2049,4,'','','','','','','','\') or (\'a\'=\'a',''),
	(2051,4,'','','','','','','','char(39)',''),
	(2053,4,'','','','','','','','\'',''),
	(2055,4,'','','','','','','','\' AND 1=1)',''),
	(2057,4,'','','','','','','','\' AND 1=1))',''),
	(2059,4,'','','','','','','','\' AND 1=1#',''),
	(2061,4,'','','','','','','','\' AND 1=1)#',''),
	(2063,4,'','','','','','','','\' AND 1=1))#',''),
	(2065,4,'','','','','','','','',''),
	(2067,4,'','','','','','','','',''),
	(2069,4,'','','','','','','','',''),
	(2071,4,'','','','','','','','',''),
	(2073,4,'','','','','','','','\' or 1=1/*',''),
	(2075,4,'','','','','','','','\' or 1=1)/*',''),
	(2077,4,'','','','','','','','\' or 1=1))/*',''),
	(2079,4,'','','','','','','','-- ',''),
	(2081,4,'','','','','','','','#',''),
	(2083,4,'','','','','','','','/*',''),
	(2085,4,'','','','','','','','\"',''),
	(2087,4,'','','','','','','','\"',''),
	(2089,4,'','','','','','','','%27',''),
	(2091,4,'','','','','','','','\' convert(int,convert(varchar,0x7b5d)) \'',''),
	(2093,4,'','','','','','','','convert(int,convert(varchar,0x7b5d))',''),
	(2095,4,'','','','','','','','\' convert(varchar,0x7b5d) \'',''),
	(2097,4,'','','','','','','','convert(varchar,0x7b5d)',''),
	(2099,4,'','','','','','','','\'+convert(int,convert(varchar,0x7b5d))+\'',''),
	(2101,4,'','','','','','','','\'+convert(varchar,0x7b5d)+\'',''),
	(2103,4,'','','','','','','','convert(int,convert(varchar,0x7b5d))',''),
	(2105,4,'','','','','','','','convert(varchar,0x7b5d)',''),
	(2107,4,'','','','','','','','whatever)',''),
	(2109,4,'','','','','','','','','\'UNION\''),
	(2111,4,'','','','','','','','','\''),
	(2113,4,'','','','','','','','','\'\"'),
	(2115,4,'','','','','','','','','9, 9, 9'),
	(2117,4,'','','','','','','','','\'bad_bad_value'),
	(2119,4,'','','','','','','','','bad_bad_value\''),
	(2121,4,'','','','','','','','','\' AND \''),
	(2123,4,'','','','','','','','','\'WHERE'),
	(2125,4,'','','','','','','','',';'),
	(2127,4,'','','','','','','','','\'AND'),
	(2129,4,'','','','','','','','','\' or 1=1-- '),
	(2131,4,'','','','','','','','',' or 1=1-- '),
	(2133,4,'','','','','','','','','\' or \'a\'=\'a'),
	(2135,4,'','','','','','','','','\') or (\'a\'=\'a'),
	(2137,4,'','','','','','','','','char(39)'),
	(2139,4,'','','','','','','','','\''),
	(2141,4,'','','','','','','','','\' AND 1=1)'),
	(2143,4,'','','','','','','','','\' AND 1=1))'),
	(2145,4,'','','','','','','','','\' AND 1=1#'),
	(2147,4,'','','','','','','','','\' AND 1=1)#'),
	(2149,4,'','','','','','','','','\' AND 1=1))#'),
	(2151,4,'','','','','','','','',''),
	(2153,4,'','','','','','','','',''),
	(2155,4,'','','','','','','','',''),
	(2157,4,'','','','','','','','',''),
	(2159,4,'','','','','','','','','\' or 1=1/*'),
	(2161,4,'','','','','','','','','\' or 1=1)/*'),
	(2163,4,'','','','','','','','','\' or 1=1))/*'),
	(2165,4,'','','','','','','','','-- '),
	(2167,4,'','','','','','','','','#'),
	(2169,4,'','','','','','','','','/*'),
	(2171,4,'','','','','','','','','\"'),
	(2173,4,'','','','','','','','','\"'),
	(2175,4,'','','','','','','','','%27'),
	(2177,4,'','','','','','','','','\' convert(int,convert(varchar,0x7b5d)) \''),
	(2179,4,'','','','','','','','','convert(int,convert(varchar,0x7b5d))'),
	(2181,4,'','','','','','','','','\' convert(varchar,0x7b5d) \''),
	(2183,4,'','','','','','','','','convert(varchar,0x7b5d)'),
	(2185,4,'','','','','','','','','\'+convert(int,convert(varchar,0x7b5d))+\''),
	(2187,4,'','','','','','','','','\'+convert(varchar,0x7b5d)+\''),
	(2189,4,'','','','','','','','','convert(int,convert(varchar,0x7b5d))'),
	(2191,4,'','','','','','','','','convert(varchar,0x7b5d)'),
	(2193,4,'','','','','','','','','whatever)'),
	(2195,4,'','','','','','','','',''),
	(2197,4,'','','','','','','','',''),
	(2199,4,'','','','','','','','',''),
	(2201,4,'','','','','','','','',''),
	(2203,4,'','','','','','','','',''),
	(2205,4,'','','','','','','','',''),
	(2207,4,'','','','','','','','',''),
	(2209,4,'','','','','','','','',''),
	(2211,4,'','','','','','','','',''),
	(2213,4,'','','','','','','','',''),
	(2215,4,'','','','','','','','',''),
	(2217,4,'','','','','','','','',''),
	(2219,4,'','','','','','','','',''),
	(2221,4,'','','','','','','','',''),
	(2223,4,'','','','','','','','',''),
	(2225,4,'','','','','','','','',''),
	(2227,4,'','','','','','','','',''),
	(2229,4,'','','','','','','','',''),
	(2231,4,'','','','','','','','',''),
	(2233,4,'','','','','','','','',''),
	(2235,4,'','','','','','','','',''),
	(2237,4,'','','','','','','','',''),
	(2239,4,'','','','','','','','',''),
	(2241,4,'','','','','','','','',''),
	(2243,4,'','','','','','','','',''),
	(2245,4,'','','','','','','','',''),
	(2247,4,'','','','','','','','',''),
	(2249,4,'','','','','','','','',''),
	(2251,4,'','','','','','','','',''),
	(2253,4,'','','','','','','','',''),
	(2255,4,'','','','','','','','',''),
	(2257,4,'','','','','','','','',''),
	(2259,4,'','','','','','','','',''),
	(2261,4,'','','','','','','','',''),
	(2263,4,'','','','','','','','',''),
	(2265,4,'','','','','','','','',''),
	(2267,4,'','','','','','','','',''),
	(2269,4,'','','','','','','','',''),
	(2271,4,'','','','','','','','',''),
	(2273,4,'','','','','','','','',''),
	(2275,4,'','','','','','','','',''),
	(2277,4,'','','','','','','','',''),
	(2279,4,'','','','','','','','',''),
	(2281,4,'','','','','','','','',''),
	(2283,4,'','','','','','','','',''),
	(2285,4,'','','','','','','','',''),
	(2287,4,'','','','','','','','',''),
	(2289,4,'','','','','','','','',''),
	(2291,4,'','','','','','','','',''),
	(2293,4,'','','','','','','','',''),
	(2295,4,'','','','','','','','',''),
	(2297,4,'','','','','','','','',''),
	(2299,4,'','','','','','','','',''),
	(2301,4,'','','','','','','','',''),
	(2303,4,'','','','','','','','',''),
	(2305,4,'','','','','','','','',''),
	(2307,4,'','','','','','','','',''),
	(2309,4,'','','','','','','','',''),
	(2311,4,'','','','','','','','',''),
	(2313,4,'','','','','','','','',''),
	(2315,4,'','','','','','','','',''),
	(2317,4,'','','','','','','','',''),
	(2319,4,'','','','','','','','',''),
	(2321,4,'','','','','','','','',''),
	(2323,4,'','','','','','','','',''),
	(2325,4,'','','','','','','','',''),
	(2327,4,'','','','','','','','',''),
	(2329,4,'','','','','','','','',''),
	(2331,4,'','','','','','','','',''),
	(2333,4,'','','','','','','','',''),
	(2335,4,'','','','','','','','',''),
	(2337,4,'','','','','','','','',''),
	(2339,4,'','','','','','','','',''),
	(2341,4,'','','','','','','','',''),
	(2343,4,'','','','','','','','',''),
	(2345,4,'','','','','','','','',''),
	(2347,4,'','','','','','','','',''),
	(2349,4,'','','','','','','','',''),
	(2351,4,'','','','','','','','',''),
	(2353,4,'','','','','','','','',''),
	(2355,4,'','','','','','','','',''),
	(2357,4,'','','','','','','','',''),
	(2359,4,'','','','','','','','',''),
	(2361,4,'','','','','','','','',''),
	(2363,4,'','','','','','','','',''),
	(2365,4,'','','','','','','','',''),
	(2367,4,'','','','','','','','',''),
	(2369,4,'','','','','','','','',''),
	(2371,4,'','','','','','','','',''),
	(2373,4,'','','','','','','','',''),
	(2375,4,'','','','','','','','',''),
	(2377,4,'','','','','','','','',''),
	(2379,4,'','','','','','','','',''),
	(2381,4,'','','','','','','','',''),
	(2383,4,'','','','','','','','',''),
	(2385,4,'','','','','','','','',''),
	(2387,4,'','','','','','','','',''),
	(2389,4,'','','','','','','','',''),
	(2391,4,'','','','','','','','',''),
	(2393,4,'','','','','','','','',''),
	(2395,4,'','','','','','','','',''),
	(2397,4,'','','','','','','','',''),
	(2399,4,'','','','','','','','',''),
	(2401,4,'','','','','','','','',''),
	(2403,4,'','','','','','','','',''),
	(2405,4,'','','','','','','','',''),
	(2407,4,'','','','','','','','',''),
	(2409,4,'','','','','','','','',''),
	(2411,4,'','','','','','','','',''),
	(2413,4,'','','','','','','','',''),
	(2415,4,'','','','','','','','',''),
	(2417,4,'','','','','','','','',''),
	(2419,4,'','','','','','','','',''),
	(2421,4,'','','','','','','','',''),
	(2423,4,'','','','','','','','',''),
	(2425,4,'','','','','','','','',''),
	(2427,4,'','','','','','','','',''),
	(2429,4,'','','','','','','','',''),
	(2431,4,'','','','','','','','',''),
	(2433,4,'','','','','','','','',''),
	(2435,4,'','','','','','','','',''),
	(2437,4,'','','','','','','','',''),
	(2439,4,'','','','','','','','',''),
	(2441,4,'','','','','','','','',''),
	(2443,4,'','','','','','','','',''),
	(2445,4,'','','','','','','','',''),
	(2447,4,'','','','','','','','',''),
	(2449,4,'','','','','','','','',''),
	(2451,4,'','','','','','','','',''),
	(2453,4,'','','','','','','','',''),
	(2455,4,'','','','','','','','',''),
	(2457,4,'','','','','','','','',''),
	(2459,4,'','','','','','','','',''),
	(2461,4,'','','','','','','','',''),
	(2463,4,'','','','','','','','',''),
	(2465,4,'','','','','','','','',''),
	(2467,4,'','','','','','','','',''),
	(2469,4,'','','','','','','','',''),
	(2471,4,'','','','','','','','',''),
	(2473,4,'','','','','','','','',''),
	(2475,4,'','','','','','','','',''),
	(2477,4,'','','','','','','','',''),
	(2479,4,'','','','','','','','',''),
	(2481,4,'','','','','','','','',''),
	(2483,4,'','','','','','','','',''),
	(2485,4,'','','','','','','','',''),
	(2487,4,'','','','','','','','',''),
	(2489,4,'','','','','','','','',''),
	(2491,4,'','','','','','','','',''),
	(2493,4,'','','','','','','','',''),
	(2495,4,'','','','','','','','',''),
	(2497,4,'','','','','','','','',''),
	(2499,4,'','','','','','','','',''),
	(2501,4,'','','','','','','','',''),
	(2503,4,'','','','','','','','',''),
	(2505,4,'','','','','','','','',''),
	(2507,4,'','','','','','','','',''),
	(2509,4,'','','','','','','','',''),
	(2511,4,'','','','','','','','',''),
	(2513,4,'','','','','','','','',''),
	(2515,4,'','','','','','','','',''),
	(2517,4,'','','','','','','','',''),
	(2519,4,'','','','','','','','',''),
	(2521,4,'','','','','','','','',''),
	(2523,4,'','','','','','','','',''),
	(2525,4,'','','','','','','','',''),
	(2527,4,'','','','','','','','',''),
	(2529,4,'','','','','','','','',''),
	(2531,4,'','','','','','','','',''),
	(2533,4,'','','','','','','','',''),
	(2535,4,'','','','','','','','',''),
	(2537,4,'','','','','','','','',''),
	(2539,4,'','','','','','','','',''),
	(2541,4,'','','','','','','','',''),
	(2543,4,'','','','','','','','',''),
	(2545,4,'','','','','','','','',''),
	(2547,4,'','','','','','','','',''),
	(2549,4,'','','','','','','','',''),
	(2551,4,'','','','','','','','',''),
	(2553,4,'','','','','','','','',''),
	(2555,4,'','','','','','','','',''),
	(2557,4,'','','','','','','','',''),
	(2559,4,'','','','','','','','',''),
	(2561,4,'','','','','','','','',''),
	(2563,4,'','','','','','','','',''),
	(2565,4,'','','','','','','','',''),
	(2567,4,'','','','','','','','',''),
	(2569,4,'','','','','','','','',''),
	(2571,4,'','','','','','','','',''),
	(2573,4,'','','','','','','','',''),
	(2575,4,'','','','','','','','',''),
	(2577,4,'','','','','','','','',''),
	(2579,4,'','','','','','','','',''),
	(2581,4,'','','','','','','','',''),
	(2583,4,'','','','','','','','',''),
	(2585,4,'','','','','','','','',''),
	(2587,4,'','','','','','','','',''),
	(2589,4,'','','','','','','','',''),
	(2591,4,'','','','','','','','',''),
	(2593,4,'','','','','','','','',''),
	(2595,4,'','','','','','','','',''),
	(2597,4,'','','','','','','','',''),
	(2599,4,'','','','','','','','',''),
	(2601,4,'','','','','','','','',''),
	(2603,4,'','','','','','','','',''),
	(2605,4,'','','','','','','','',''),
	(2607,4,'','','','','','','','',''),
	(2609,4,'','','','','','','','',''),
	(2611,4,'','','','','','','','',''),
	(2613,4,'','','','','','','','',''),
	(2615,4,'','','','','','','','',''),
	(2617,4,'','','','','','','','',''),
	(2619,4,'','','','','','','','',''),
	(2621,4,'','','','','','','','',''),
	(2623,4,'','','','','','','','',''),
	(2624,1,'Robert Leland','Johnson','705 W 8th Ave',' ','Denver','CO','80204','303.893.5062','rlelandjohnson@aol.com'),
	(2625,1,'Gary','Wederspahn','Intercultural Business Solutions','5514 A West Canyon Trail','Littleton','CO','80128','303.948.5605','gary@intercultural-help.com'),
	(2626,1,'Ru Yi','Zhang','2495 S Gaylord St #4',' ','Denver','CO','80210',' ',' '),
	(2627,5,'Barbara','Wilcots','Associate Provost, Office of Graduate Studies','Mary Reed Building # 3, 2199 S University Blvd','Denverq','CO','80208','303.871.4566','barbara.wilcots@du.edu'),
	(2628,4,'Janet','Vanden Bosch','n/a','n/a','n/a','n/a','n/a','n/a','noelle968@msn.com'),
	(2629,1,'Marshall','Kaiser','Not Available',' ','N/A','N/A',' ','480.287.7275','marshall.kaiser@gmail.com'),
	(2630,1,'Karl','Chiang','766 Dahlia St',' ','Denver','CO','80220',' ',' '),
	(2631,1542,'Heraldo','Munoz','885 2nd Ave','40th Floor','New York','New York','10017',' ',' '),
	(2632,1,'Marc','Logan','P.O. Box 2290',' ','Evergreen','CO','80437-2290','(720) 879-3594','PegasusGroup@usa.net'),
	(2633,4,'Jeanine','Ransom','1190 Niagra St',' ','Denver ','CO','80220','303-388-4776','jeaninea@ecentral.com'),
	(2634,5,'Elizabeth','Campbell Karlsgodt','University of Denver','2000 E. Asbury Ave, suite 366','Denver','CO','80208','303.871.2947','elizabeth.karlsgodt @du.edu'),
	(2635,1,'Elwyn ','Shimoda','11453 Switzer Park Lane',' ','Parker','CO','80138',' ',' '),
	(2636,1,'Wilbert ','Shimoda','11453 Switzer Park Lane',' ','Parker','CO','80138',' ',' '),
	(2637,1,'Hylam','Shimoda','11453 Switzer Park Lane',' ','Parker','CO','80138',' ',' '),
	(2638,1,'Wayne','Shimoda','11453 Switzer Park Lane',' ','Parker','CO','80138',' ',' '),
	(2639,1,'Dwight','Shimoda','11453 Switzer Park Lane',' ','Parker','CO','80138',' ',' '),
	(2640,6,'M. Dores','Cruz','Sturm Hall, Room 140','2000 E. Asbury Ave','Denver','CO','80208','303-871-2472',' '),
	(2641,6,'Marian ','Bussey','Craig Hall','2148 S High St','Denver','CO','80208','303-871-3042','mbussey@du.edu'),
	(2642,1,'Chris','Harker','525 Jackson St #208',' ','Denver','CO','80206',' ',' '),
	(2643,6,'Paul','Predecki','4830 E. Harvard Lane','','Denver','CO','80222','303-756-4479','ppredeck@du.edu'),
	(2644,4,'Maureen','MacMakin','9585 Alkire St',' ','Arvada','CO','80005','303-422-7906',' '),
	(2645,16,'Maureen','MacMakin','9585 Alkire St','','Arvada','CO','80005','303-422-7906',''),
	(2646,3,'Alan & Marcy','Culpin','Abracadabra Bookshop & Booksearch','7030 East 46th Avenue Drive, Unit E','Denver','CO','80216','303-733-5700','orders@abrabks.com'),
	(2647,4,'Kimberly','Wallace','PO Box 550','','Mimbres','NM','88049-0550',' ',' '),
	(2648,4,'Gail','Dow','4048 S. Wisteria Way',' ','Denver','CO','80237-1714','303-773-1645','gmddenver@msn.com'),
	(2649,16,'Denver ','Art Museum','100 W. 14th Ave. Pkwy',' ','Denver','CO','80204-2788',' ',' '),
	(2650,3,'Benjamin ','Rotruck','3455 S. Corona St. ','#547','Englewood','CO','80113','303-781-7158',' '),
	(2651,4,'Virginia','Castro','933 South Emerson Street','','Denver','CO','80209','',''),
	(2652,1,'Mark','Thomas','143 S. Fraser Circle','','Aurora','CO','80012','',''),
	(2653,1,'Fernando TEST','Reyes','2150 E. Evans Ave.','','Denver','CO','80134','303-555-5555','freyes@du.edu'),
	(2654,1,'Thomas','Cope','2800 S University Blvd, #108','','Denver','CO','80210','',''),
	(2655,1,'Garbini','Alec','2316 Eudora Street','','Denver','CO','80207','303-907-5489','garbinisan@aol.com '),
	(2656,1,'Joseph','Posten','925 S. Alhambra Circle','','Coral Gables','FL','33146','305-665-3171','Joseph.Posten@du.edu'),
	(2657,1,'Trygve','Myhren','Myhren Media','3033 E. 1st  Ave., Suite 720','Denver','CO','80206','303-321-3371',''),
	(2658,5,'Edith ','King','3734 So. Niagra Way','','Denver','CO','80218','303-758-0548',''),
	(2659,5,'Richard','Hennessy','3569 So. Dawson St.','','Aurora','CO','80014','',''),
	(2660,1,'Mark','Irwin','3875 So. Cherokee','','Englewood','CO','80218','303-762-6336',''),
	(2661,1,'Bruce','Uhrmacher','6430 South Jamaica Circle','','Englewood','CO','80111','','buhrmach@du.edu'),
	(2662,4,'Jaya','Shrestha','3235 S. Parker Road','Apt. 16-11','Denver','CO','80014','720-629-2248',''),
	(2663,4,'Pam','Kenny','3806 South Jersey St.','','Denver','CO','80237','303-669-0990 ',''),
	(2664,6,'Steven P.','Fisher','University of Denver, Penrose Library','2150 E. Evans Ave., Room ASC ','Denver','CO','80208','303-871-3428','sfisher@du.edu'),
	(2665,4,'Laura','Wait','PO Box 773630 ','','Steamboat Springs','CO ','80477','970-819-6648',''),
	(2666,5,'Barbara','McCombs ','University of Denver, Boettcher Center East, Room 218','2050 E. Iliff Ave.','Denver','CO','80208','303-871-4245','bmccombs@du.edu'),
	(2667,12,'Jim','Griesemer','University of Denver, Daniels College of Business, Room 335F','2101 S. University Blvd.','Denver','CO','80208','303-871-3003','jgriesem@du.edu'),
	(2668,5,'Kathy','Gardner','5612 Silver Bluff Court','','Parker','CO','80134','',''),
	(2669,1,'Robert','Warden','5725 Via Conejo','','Riverside','CA','92506','',''),
	(2670,5,'Peter','Golas','6141 South Rosewood Circle','','Centennial','CO','80121-2446','',''),
	(2671,4,'Nancy','Pinney','600 Williams Street','','Denver','CO','80218','',''),
	(2672,3,'Eiichi and Yoriko','Imada','7968 South Niagara Way','','Centennial','CO','80112','303-741-0391',''),
	(2673,1543,'Chiung-Chiu','Huang','Apt. #407','2390 S. University Blvd. ','Denver','CO','80210','',''),
	(2674,4,'Katharine','Smith-Warren','1762 Blake Street','','Denver','CO','80202','303-296-7901','kfoto@msn.com'),
	(2675,3,'Brett & Amanda','Glazar','10338 Rotherwood Circle','','Highlands Ranch','CO','80130','443-623-4117','amandaglazar@yahoo.com'),
	(2676,1,'M.E.','Warlick','University of Denver','2121 E. Asbury Street','Denver','CO','80208','',''),
	(2677,5,'Anthony','Ipsaro','448 Columbine Street','','Denver','CO','80206','',''),
	(2678,5,'Enrique','Cardenas','Centro de Estudios Espinosa Yglesias','Las Flores 64-A. Col. Tlacopac','Alvaro Obregon','MEXICO','01040','',''),
	(2679,4,'Michelle','Hall','2612 Cortina Lane','','Vail','CO','81657','',''),
	(2680,1,'Emilio','Cueto','Apt 226','4545 Connecticut Ave NW ','Washington','DC','20008','','cuetorra@yahoo.com'),
	(2681,4,'Margo','Mensinger','CNA Insurance, Suite 300','10375 Park Meadows Drive','Littleton','CO','80124','303-858-4358',''),
	(2682,4,'Carolyn','Dungan','5875 E Iliff #205D','','Denver','CO','80222','',''),
	(2683,1,'Nasimi','Aghayev','Embassy of the Republic of Azerbaijan','2741 34th Street NW','Washington','DC','20008','202-37-3500',''),
	(2684,1543,'Dyvin','Heart','PO Box 143','','Boulder','CO','80306','',''),
	(2685,1,'Bill','Reiley','4744 S Fraser Street','','Aurora','CO','80011','303-690-5337',''),
	(2686,1,'Gene R.','Reetz','470 Clayton St.','','Denver','CO','80206','303-333-2164',''),
	(2687,5,'Stephan H.','Levitt','144-30 78th Road, Apt. 1H','','Flushing','New York','11367-3571','','shl144@gmail.com'),
	(2688,4,'Laura','Clark','Apt. 105','175 Marble Street','Broomfield','CO','80020','303-596-3449',''),
	(2689,16,' ','Ministry of Endowment, Islamic Affairs, and Guidance','King Abdul Aziz Road','','Riyadh','KINGDOM OF SAUDI ARABIA','11232','','islamicassistance@moia.gov.sa'),
	(2690,4,'Helga','Watt','470 S. Lafayette St.','','Denver','CO','80209','',''),
	(2691,4,'Sandy','Siegel','9 Red Fox Lane','','Greenwood Village','CO','80111','',''),
	(2692,2,'Alice','Yamamoto','4730 South Meade Street','','Littleton','CO','80123','303-798-3760',''),
	(2693,1,'Donald','Howard','6656 Briarfield Avenue','','Radford','VA','24141','540-633-2436','dehvilla@aol.com'),
	(2694,1,'David','Swanson','707 Gillespie Avenue','','Charlottesville','VA','22902','434-296-4228','david@davidswanson.org'),
	(2695,1,'Steve','McCarl','345 Fillmore Street #109','','Denver','CO','80206','303-564-8937',''),
	(2696,16,'John and Pamela','Babish','13077 S. Noka Trail','','Pine','CO','80470','',''),
	(2697,16,'Bill & Ann','Richardson Stolfus','2800 E Flora Place','','Denver','CO','80210-6734','',''),
	(2698,4,'Marilane','McCarthy','7801 W 1st Avenue','','Lakewood','CO','80226','',''),
	(2699,4,'Val','Parks','2941 South Adams Street','','Denver','CO','80210','',''),
	(2700,2,'Maxine','Levin','2933 South Milwaukee Cir.','','Denver','CO','80210','',''),
	(2701,2,' ','Zimmerman','1400 Willow Avenue #2108','','Louisville ','KY','40204','',''),
	(2702,16,' ','Center for Basque Studies','University of Nevada, Reno','Mail Code 2322','Reno','NV','89557-2322','',''),
	(2703,5,'Ann','Thorson Walton','30 Crocus Place','','Saint Paul','MN','55102','',''),
	(2704,4,'Ivelise','Zambrano','10753 Cedar Brook Lane','','Highlands Ranch','CO','80126','720-344-8931',''),
	(2705,1,'Robert','Loevy','Colorado College','14 E. Cache la Poudre Street','Colorado Springs','CO','80903-3294','719-389-6584','bloevy@coloradocollege.edu'),
	(2706,1,'Edward','Borgens','1015 Santa Ynez Way','','Sacramento','CA','95816-5427','',''),
	(2707,1,'Leonard','Mullis','6174 South Fairfield Street','','Littleton','CO','80120','',''),
	(2708,1,'William J.','vanden Heuvel','Century Association Archives Foundation','7 West 43rd Street','New York','NY','10036','',''),
	(2709,1,'Frederic','Smith','P.O. Box 2673','','Bismarck','ND','58502','',''),
	(2710,8,'Kim','Yung-Chol','P.O. Box 80','','Solana Beach','CA','92075','858-755-4845',''),
	(2711,5,'Kazumasa','Muratsu','Bandai Building, 2-5-9 Hakata-ekimae','Hakata-Ku, Fukuoka-city','Fukuoka','JAPAN','','','desk@kos0808.co.jp'),
	(2712,3,'Morgan and Celia ','Townsend','1494 Briar Circle','','Littleton','CO','80126','',''),
	(2713,1,'Clyde','Shaw','867 Oakwood Drive','','Melbourne','FL','32940','321-242-3112','scriptoshaw@cfl.rr.com'),
	(2714,5,'Aline','Frambes-Buxeda','Apartado 191293','','Hato Rey','PR','00919-1293','787-250-1912',''),
	(2715,1,'Mark','Kintgen','885 S. Jersey','','Denver','CO','80224','','Mark.Kintgen@du.edu'),
	(2716,1,'John','Herbst','Center for Complex Operations','260 Fifth Ave., Bldg. 64, Fort Lesley J. McNair','Washington','DC','20319','',''),
	(2717,1,'Gene','Budig','College Board','45 Columbus Avenue','New York','NY','10023-6992','212-713-8325','alpresi@aol.com'),
	(2718,5,'Bonnie','Clark','Department of Anthropology','Sturm Hall, Room 142, 2000 E. Asbury Avenue','Denver','CO','80208','303-871-2875','bonnie.clark@du.edu'),
	(2719,1,'Bill','Shaffer','Unit 1005','7101 W Yale Avenue','Denver','CO','80227','',''),
	(2720,4,'Kate','Emmanuel','5445 Mohawk Road','','Littleton','CO','80123','303-707-1677',''),
	(2721,1,'Tom','Mininger','7718 Cypress Street','','Laurel','MD','20707','',''),
	(2722,1,'Paulo','Abrao','Esplanada dos Ministerios, Bloco T','2 Andar, Sala 200, Edifico Sede, CEP','Brasilia','BRAZIL','70064-900','',''),
	(2723,4,'Paula','Hutt','870 Hudson Street','','Denver','CO','80220','',''),
	(2724,4,'Jeanette','Going','6360 W 38th Avenue #306-B','','Wheatridge','CO','80033','',''),
	(2725,4,'Julaine','Kennedy','PO Box 2647','','Evergreen','CO','80437','',''),
	(2726,11,'Joel','Unger','4930 W. 17th. Avenue','','Denver','CO','80204','',''),
	(2727,2,'Betty','Carey','60 Golden Eagle Rd.','','Greenwood Village','CO','80121','',''),
	(2728,2,'Kathaleen','Cook','861 Grant Place','','Boulder','CO','80302-7414','',''),
	(2729,1,'Howard','Roland','886 Lottie Street','','Monterey','CA','93940','831-375-4477','hdrowland@earthlink.net'),
	(2730,0,'0','0','0','0','0','0','0','0','0'),
	(2731,1543,'Min-sun','Song','132 Munji-ro, Yuseong-gu','','Daejeon-si','Korea','305-380','82-42-860-9230',''),
	(2732,1,'David','Williams','10158 Bluffmont Lane','','Lone Tree','CO','80124','303-708-8854','dwilliams4000@centurylink.net'),
	(2733,1,'Miles','Lambert-Gocs','1008 Settlement Drive','','Williamsburg','VA','23188','','miles.lambert@att.net'),
	(2734,1,'Shengzhe','Nie','425 S Sixth Ave','','City of Industry','CA','91746','626-968-7566',''),
	(2735,1,'Ravi','Varma','1888 W. Plum Circle','','Louisville','CO','80027','',''),
	(2736,1,'Pascal James','Imperato','94 Shore Road','','Manhasset','NY','11030','',''),
	(2737,4,'Margie','Mueller','64 E. 94th Street,  2A','','New York','NY','10128','9176174718',''),
	(2738,1,'Larry','Matthews','8514 E Sawyer Brown Road','','Nashville','TN','37221-2403','',''),
	(2739,1,'Douglas','Carrey','150 Beryl Way','','Broomfield','CO','80020','303-464-1248','usstiergar@aol.com'),
	(2740,1,'Tom','Bensing','79 Meadow Court','','Sinking Spring','PA','19608','','TBensing@Comcast.net'),
	(2741,1,'Pete','Names','1694 S Leyden St','','Denver','CO','80224','303-621-4951',''),
	(2742,1,'Larry','Gaines','19449 Singing Hills Drive','','Northridge','CA','91326','818-360-1514',''),
	(2743,1,'Jonathan M.','Smith','7700 West 88th Avenue','','Arvada','CO','80005-1615','',''),
	(2744,4,'Marcia','Osteroos','6972 Snowshoe Trail','','Evergreen','CO','80439','303-324-2424','marcia@osteroos.net'),
	(2745,16,'Joyce','Herold','4811 East Harvard Lane','','Denver','CO','80222-6118','',''),
	(2746,1,'Craig S.','Myers','240 St. Paul Street, Suite 201','','Denver','CO','80206','303-353-1961','craig.myers@raymondjames.com'),
	(2747,1,'George','Kloppenberg','1230 Braewood Ave','','Highlands Ranch','CO','80129','860-970-8570',''),
	(2748,1,'Mike','Speer','1107 Illinois','','Golden','CO','80401','',''),
	(2749,1,'Doug','Rippey','6476 E. 74th Place','','Commerce City','CO','80022','',''),
	(2750,16,'Ann','Muth','43 Jarvis Place','','Lynbrook','New York','11563','',''),
	(2751,4,'Elizabeth','Myers','4050 S. Fox St.','','Englewood','CO','80110','',''),
	(2752,1,'James','O\'Toole','244 Diamond St','','San Francisco','CA','94114','',''),
	(2753,1,'Jason','Myers','University of Denver, Dept. of Mathematics','2360 S. Gaylord Street, Room 207 ','Denver','CO','80208-4320','303-871-3072',''),
	(2754,1,'Alan','Stephens','1317 Lincoln Street','','Berkeley','CA','94702','',''),
	(2755,1,'Graham','Gibbard','2040 S. Fillmore St','','Denver','CO','80210','303-884-8612',''),
	(2756,15,'Mary A.','Mathiesen','2020 S. Monroe St. #709','','Denver','CO','80210','720-883-1501','');

/*!40000 ALTER TABLE `tbl_donorinfo` ENABLE KEYS */;
UNLOCK TABLES;


# Dump of table tbl_donortitle_lkup
# ------------------------------------------------------------

DROP TABLE IF EXISTS `tbl_donortitle_lkup`;

CREATE TABLE `tbl_donortitle_lkup` (
  `titleID` int(10) NOT NULL auto_increment,
  `title` varchar(20) default 'None',
  PRIMARY KEY  (`titleID`)
) ENGINE=MyISAM DEFAULT CHARSET=latin1;

LOCK TABLES `tbl_donortitle_lkup` WRITE;
/*!40000 ALTER TABLE `tbl_donortitle_lkup` DISABLE KEYS */;

INSERT INTO `tbl_donortitle_lkup` (`titleID`, `title`)
VALUES
	(1,'Mr.'),
	(2,'Mrs.'),
	(3,'Mr. & Mrs.'),
	(4,'Ms.'),
	(5,'Dr.'),
	(6,'Professor'),
	(7,'Hon.'),
	(8,'Reverend'),
	(9,'Prime Minister'),
	(10,'Sir or Madam'),
	(11,'Rabbi'),
	(12,'Dean'),
	(15,'Ms.'),
	(16,' '),
	(1542,'Ambassador'),
	(1543,'M.');

/*!40000 ALTER TABLE `tbl_donortitle_lkup` ENABLE KEYS */;
UNLOCK TABLES;



/*!40111 SET SQL_NOTES=@OLD_SQL_NOTES */;
/*!40101 SET SQL_MODE=@OLD_SQL_MODE */;
/*!40014 SET FOREIGN_KEY_CHECKS=@OLD_FOREIGN_KEY_CHECKS */;
/*!40101 SET CHARACTER_SET_CLIENT=@OLD_CHARACTER_SET_CLIENT */;
/*!40101 SET CHARACTER_SET_RESULTS=@OLD_CHARACTER_SET_RESULTS */;
/*!40101 SET COLLATION_CONNECTION=@OLD_COLLATION_CONNECTION */;
